Copyright 1986-2022 Xilinx, Inc. All Rights Reserved. Copyright 2022-2025 Advanced Micro Devices, Inc. All Rights Reserved.
-----------------------------------------------------------------------------------------------------------------------------------------------------------------------------------------------------------------------
| Tool Version : Vivado v.2025.2 (lin64) Build 6299465 Fri Nov 14 12:34:56 MST 2025
| Date         : Tue May  5 15:03:33 2026
| Host         : Laptop running 64-bit Ubuntu 24.04.4 LTS
| Command      : report_timing_summary -max_paths 10 -file main_top_wrapper_timing_summary_routed.rpt -pb main_top_wrapper_timing_summary_routed.pb -rpx main_top_wrapper_timing_summary_routed.rpx -warn_on_violation
| Design       : main_top_wrapper
| Device       : 7s15-ftgb196
| Speed File   : -1  PRODUCTION 1.23 2018-06-13
| Design State : Routed
-----------------------------------------------------------------------------------------------------------------------------------------------------------------------------------------------------------------------

Timing Summary Report

------------------------------------------------------------------------------------------------
| Timer Settings
| --------------
------------------------------------------------------------------------------------------------

  Enable Multi Corner Analysis               :  Yes
  Enable Pessimism Removal                   :  Yes
  Pessimism Removal Resolution               :  Nearest Common Node
  Enable Input Delay Default Clock           :  No
  Enable Preset / Clear Arcs                 :  No
  Disable Flight Delays                      :  No
  Ignore I/O Paths                           :  No
  Timing Early Launch at Borrowing Latches   :  No
  Borrow Time for Max Delay Exceptions       :  Yes
  Merge Timing Exceptions                    :  Yes
  Inter-SLR Compensation                     :  Conservative

  Corner  Analyze    Analyze    
  Name    Max Paths  Min Paths  
  ------  ---------  ---------  
  Slow    Yes        Yes        
  Fast    Yes        Yes        


------------------------------------------------------------------------------------------------
| Report Methodology
| ------------------
------------------------------------------------------------------------------------------------

Rule       Severity  Description                                                                                            Violations  
---------  --------  -----------------------------------------------------------------------------------------------------  ----------  
CKLD-2     Warning   Clock Net has IO Driver, not a Clock Buf, and/or non-Clock loads                                       1           
TIMING-9   Warning   Unknown CDC Logic                                                                                      1           
TIMING-16  Warning   Large setup violation                                                                                  8           
TIMING-18  Warning   Missing input or output delay                                                                          9           
TIMING-47  Warning   False path, asynchronous clock group or max delay datapath only constraint between synchronous clocks  2           
XDCC-4     Warning   User Clock constraint overwritten with the same name                                                   2           
XDCC-8     Warning   User Clock constraint overwritten on the same source                                                   2           

Note: This report is based on the most recent report_methodology run and may not be up-to-date. Run report_methodology on the current design for the latest report.



check_timing report

Table of Contents
-----------------
1. checking no_clock (0)
2. checking constant_clock (0)
3. checking pulse_width_clock (0)
4. checking unconstrained_internal_endpoints (0)
5. checking no_input_delay (6)
6. checking no_output_delay (8)
7. checking multiple_clock (0)
8. checking generated_clocks (0)
9. checking loops (0)
10. checking partial_input_delay (0)
11. checking partial_output_delay (0)
12. checking latch_loops (0)

1. checking no_clock (0)
------------------------
 There are 0 register/latch pins with no clock.


2. checking constant_clock (0)
------------------------------
 There are 0 register/latch pins with constant_clock.


3. checking pulse_width_clock (0)
---------------------------------
 There are 0 register/latch pins which need pulse_width check


4. checking unconstrained_internal_endpoints (0)
------------------------------------------------
 There are 0 pins that are not constrained for maximum delay.

 There are 0 pins that are not constrained for maximum delay due to constant clock.


5. checking no_input_delay (6)
------------------------------
 There are 6 input ports with no input delay specified. (HIGH)

 There are 0 input ports with no input delay but user has a false path constraint.


6. checking no_output_delay (8)
-------------------------------
 There are 8 ports with no output delay specified. (HIGH)

 There are 0 ports with no output delay but user has a false path constraint

 There are 0 ports with no output delay but with a timing clock defined on it or propagating through it


7. checking multiple_clock (0)
------------------------------
 There are 0 register/latch pins with multiple clocks.


8. checking generated_clocks (0)
--------------------------------
 There are 0 generated clocks that are not connected to a clock source.


9. checking loops (0)
---------------------
 There are 0 combinational loops in the design.


10. checking partial_input_delay (0)
------------------------------------
 There are 0 input ports with partial input delay specified.


11. checking partial_output_delay (0)
-------------------------------------
 There are 0 ports with partial output delay specified.


12. checking latch_loops (0)
----------------------------
 There are 0 combinational latch loops in the design through latch input



------------------------------------------------------------------------------------------------
| Design Timing Summary
| ---------------------
------------------------------------------------------------------------------------------------

    WNS(ns)      TNS(ns)  TNS Failing Endpoints  TNS Total Endpoints      WHS(ns)      THS(ns)  THS Failing Endpoints  THS Total Endpoints     WPWS(ns)     TPWS(ns)  TPWS Failing Endpoints  TPWS Total Endpoints  
    -------      -------  ---------------------  -------------------      -------      -------  ---------------------  -------------------     --------     --------  ----------------------  --------------------  
     -1.084      -17.560                     27                 1290        0.060        0.000                      0                 1290       -0.822       -2.824                       7                   572  


Timing constraints are not met.


------------------------------------------------------------------------------------------------
| Clock Summary
| -------------
------------------------------------------------------------------------------------------------

Clock                             Waveform(ns)         Period(ns)      Frequency(MHz)
-----                             ------------         ----------      --------------
CLK12_I                           {0.000 41.166}       83.333          12.000          
  clk_feedback                    {0.000 41.666}       83.333          12.000          
  com_side_wrapper_0_qlink_clk_o  {0.000 10.417}       20.833          48.000          
CLK25_I                           {0.000 20.000}       40.000          25.000          
  clk_feedback_1                  {0.000 20.000}       40.000          25.000          
  clock_pixel_unbuffered          {0.000 3.333}        6.667           150.000         
  clock_x5pixel_unbuffered        {0.000 0.667}        1.333           750.000         


------------------------------------------------------------------------------------------------
| Intra Clock Table
| -----------------
------------------------------------------------------------------------------------------------

Clock                                 WNS(ns)      TNS(ns)  TNS Failing Endpoints  TNS Total Endpoints      WHS(ns)      THS(ns)  THS Failing Endpoints  THS Total Endpoints     WPWS(ns)     TPWS(ns)  TPWS Failing Endpoints  TPWS Total Endpoints  
-----                                 -------      -------  ---------------------  -------------------      -------      -------  ---------------------  -------------------     --------     --------  ----------------------  --------------------  
CLK12_I                                81.802        0.000                      0                   12        0.202        0.000                      0                   12       16.667        0.000                       0                    13  
  clk_feedback                                                                                                                                                                     16.667        0.000                       0                     2  
  com_side_wrapper_0_qlink_clk_o       13.863        0.000                      0                  700        0.060        0.000                      0                  700        9.437        0.000                       0                   270  
CLK25_I                                31.527        0.000                      0                  334        0.146        0.000                      0                  334       15.000        0.000                       0                   149  
  clk_feedback_1                                                                                                                                                                   38.751        0.000                       0                     2  
  clock_pixel_unbuffered               -1.084      -17.560                     27                  236        0.088        0.000                      0                  236        2.353        0.000                       0                   128  
  clock_x5pixel_unbuffered                                                                                                                                                         -0.822       -2.824                       7                     8  


------------------------------------------------------------------------------------------------
| Inter Clock Table
| -----------------
------------------------------------------------------------------------------------------------

From Clock                      To Clock                            WNS(ns)      TNS(ns)  TNS Failing Endpoints  TNS Total Endpoints      WHS(ns)      THS(ns)  THS Failing Endpoints  THS Total Endpoints  
----------                      --------                            -------      -------  ---------------------  -------------------      -------      -------  ---------------------  -------------------  
CLK12_I                         com_side_wrapper_0_qlink_clk_o       14.457        0.000                      0                    8        0.613        0.000                      0                    8  


------------------------------------------------------------------------------------------------
| Other Path Groups Table
| -----------------------
------------------------------------------------------------------------------------------------

Path Group    From Clock    To Clock          WNS(ns)      TNS(ns)  TNS Failing Endpoints  TNS Total Endpoints      WHS(ns)      THS(ns)  THS Failing Endpoints  THS Total Endpoints  
----------    ----------    --------          -------      -------  ---------------------  -------------------      -------      -------  ---------------------  -------------------  


------------------------------------------------------------------------------------------------
| Timing Details
| --------------
------------------------------------------------------------------------------------------------


---------------------------------------------------------------------------------------------------
From Clock:  CLK12_I
  To Clock:  CLK12_I

Setup :            0  Failing Endpoints,  Worst Slack       81.802ns,  Total Violation        0.000ns
Hold  :            0  Failing Endpoints,  Worst Slack        0.202ns,  Total Violation        0.000ns
PW    :            0  Failing Endpoints,  Worst Slack       16.667ns,  Total Violation        0.000ns
---------------------------------------------------------------------------------------------------


Max Delay Paths
--------------------------------------------------------------------------------------
Slack (MET) :             81.802ns  (required time - arrival time)
  Source:                 main_top_i/com_side_wrapper_0/U0/com_side_i/simple_button_fsm_0/U0/FSM_onehot_state_reg[2]/C
                            (rising edge-triggered cell FDRE clocked by CLK12_I  {rise@0.000ns fall@41.166ns period=83.333ns})
  Destination:            main_top_i/com_side_wrapper_0/U0/com_side_i/simple_button_fsm_0/U0/FSM_onehot_state_reg[1]/D
                            (rising edge-triggered cell FDRE clocked by CLK12_I  {rise@0.000ns fall@41.166ns period=83.333ns})
  Path Group:             CLK12_I
  Path Type:              Setup (Max at Slow Process Corner)
  Requirement:            83.333ns  (CLK12_I rise@83.333ns - CLK12_I rise@0.000ns)
  Data Path Delay:        1.524ns  (logic 0.718ns (47.104%)  route 0.806ns (52.896%))
  Logic Levels:           1  (LUT5=1)
  Clock Path Skew:        0.000ns (DCD - SCD + CPR)
    Destination Clock Delay (DCD):    3.190ns = ( 86.523 - 83.333 ) 
    Source Clock Delay      (SCD):    3.566ns
    Clock Pessimism Removal (CPR):    0.376ns
  Clock Uncertainty:      0.035ns  ((TSJ^2 + TIJ^2)^1/2 + DJ) / 2 + PE
    Total System Jitter     (TSJ):    0.071ns
    Total Input Jitter      (TIJ):    0.000ns
    Discrete Jitter          (DJ):    0.000ns
    Phase Error              (PE):    0.000ns

    Location             Delay type                Incr(ns)  Path(ns)    Netlist Resource(s)
  -------------------------------------------------------------------    -------------------
                         (clock CLK12_I rise edge)    0.000     0.000 r  
    H11                                               0.000     0.000 r  CLK12_I (IN)
                         net (fo=0)                   0.000     0.000    CLK12_I
    H11                  IBUF (Prop_ibuf_I_O)         1.438     1.438 r  CLK12_I_IBUF_inst/O
                         net (fo=13, routed)          2.128     3.566    main_top_i/com_side_wrapper_0/U0/com_side_i/simple_button_fsm_0/U0/clk
    SLICE_X29Y11         FDRE                                         r  main_top_i/com_side_wrapper_0/U0/com_side_i/simple_button_fsm_0/U0/FSM_onehot_state_reg[2]/C
  -------------------------------------------------------------------    -------------------
    SLICE_X29Y11         FDRE (Prop_fdre_C_Q)         0.419     3.985 r  main_top_i/com_side_wrapper_0/U0/com_side_i/simple_button_fsm_0/U0/FSM_onehot_state_reg[2]/Q
                         net (fo=4, routed)           0.806     4.792    main_top_i/com_side_wrapper_0/U0/com_side_i/simple_button_fsm_0/U0/FSM_onehot_state_reg[2]_0
    SLICE_X29Y11         LUT5 (Prop_lut5_I3_O)        0.299     5.091 r  main_top_i/com_side_wrapper_0/U0/com_side_i/simple_button_fsm_0/U0/FSM_onehot_state[1]_i_1/O
                         net (fo=1, routed)           0.000     5.091    main_top_i/com_side_wrapper_0/U0/com_side_i/simple_button_fsm_0/U0/FSM_onehot_state[1]_i_1_n_0
    SLICE_X29Y11         FDRE                                         r  main_top_i/com_side_wrapper_0/U0/com_side_i/simple_button_fsm_0/U0/FSM_onehot_state_reg[1]/D
  -------------------------------------------------------------------    -------------------

                         (clock CLK12_I rise edge)   83.333    83.333 r  
    H11                                               0.000    83.333 r  CLK12_I (IN)
                         net (fo=0)                   0.000    83.333    CLK12_I
    H11                  IBUF (Prop_ibuf_I_O)         1.368    84.701 r  CLK12_I_IBUF_inst/O
                         net (fo=13, routed)          1.822    86.523    main_top_i/com_side_wrapper_0/U0/com_side_i/simple_button_fsm_0/U0/clk
    SLICE_X29Y11         FDRE                                         r  main_top_i/com_side_wrapper_0/U0/com_side_i/simple_button_fsm_0/U0/FSM_onehot_state_reg[1]/C
                         clock pessimism              0.376    86.899    
                         clock uncertainty           -0.035    86.864    
    SLICE_X29Y11         FDRE (Setup_fdre_C_D)        0.029    86.893    main_top_i/com_side_wrapper_0/U0/com_side_i/simple_button_fsm_0/U0/FSM_onehot_state_reg[1]
  -------------------------------------------------------------------
                         required time                         86.893    
                         arrival time                          -5.091    
  -------------------------------------------------------------------
                         slack                                 81.802    

Slack (MET) :             81.822ns  (required time - arrival time)
  Source:                 main_top_i/com_side_wrapper_0/U0/com_side_i/simple_button_fsm_0/U0/FSM_onehot_state_reg[2]/C
                            (rising edge-triggered cell FDRE clocked by CLK12_I  {rise@0.000ns fall@41.166ns period=83.333ns})
  Destination:            main_top_i/com_side_wrapper_0/U0/com_side_i/simple_button_fsm_0/U0/FSM_onehot_state_reg[2]/D
                            (rising edge-triggered cell FDRE clocked by CLK12_I  {rise@0.000ns fall@41.166ns period=83.333ns})
  Path Group:             CLK12_I
  Path Type:              Setup (Max at Slow Process Corner)
  Requirement:            83.333ns  (CLK12_I rise@83.333ns - CLK12_I rise@0.000ns)
  Data Path Delay:        1.550ns  (logic 0.744ns (47.991%)  route 0.806ns (52.009%))
  Logic Levels:           1  (LUT5=1)
  Clock Path Skew:        0.000ns (DCD - SCD + CPR)
    Destination Clock Delay (DCD):    3.190ns = ( 86.523 - 83.333 ) 
    Source Clock Delay      (SCD):    3.566ns
    Clock Pessimism Removal (CPR):    0.376ns
  Clock Uncertainty:      0.035ns  ((TSJ^2 + TIJ^2)^1/2 + DJ) / 2 + PE
    Total System Jitter     (TSJ):    0.071ns
    Total Input Jitter      (TIJ):    0.000ns
    Discrete Jitter          (DJ):    0.000ns
    Phase Error              (PE):    0.000ns

    Location             Delay type                Incr(ns)  Path(ns)    Netlist Resource(s)
  -------------------------------------------------------------------    -------------------
                         (clock CLK12_I rise edge)    0.000     0.000 r  
    H11                                               0.000     0.000 r  CLK12_I (IN)
                         net (fo=0)                   0.000     0.000    CLK12_I
    H11                  IBUF (Prop_ibuf_I_O)         1.438     1.438 r  CLK12_I_IBUF_inst/O
                         net (fo=13, routed)          2.128     3.566    main_top_i/com_side_wrapper_0/U0/com_side_i/simple_button_fsm_0/U0/clk
    SLICE_X29Y11         FDRE                                         r  main_top_i/com_side_wrapper_0/U0/com_side_i/simple_button_fsm_0/U0/FSM_onehot_state_reg[2]/C
  -------------------------------------------------------------------    -------------------
    SLICE_X29Y11         FDRE (Prop_fdre_C_Q)         0.419     3.985 r  main_top_i/com_side_wrapper_0/U0/com_side_i/simple_button_fsm_0/U0/FSM_onehot_state_reg[2]/Q
                         net (fo=4, routed)           0.806     4.792    main_top_i/com_side_wrapper_0/U0/com_side_i/simple_button_fsm_0/U0/FSM_onehot_state_reg[2]_0
    SLICE_X29Y11         LUT5 (Prop_lut5_I3_O)        0.325     5.117 r  main_top_i/com_side_wrapper_0/U0/com_side_i/simple_button_fsm_0/U0/FSM_onehot_state[2]_i_1/O
                         net (fo=1, routed)           0.000     5.117    main_top_i/com_side_wrapper_0/U0/com_side_i/simple_button_fsm_0/U0/FSM_onehot_state[2]_i_1_n_0
    SLICE_X29Y11         FDRE                                         r  main_top_i/com_side_wrapper_0/U0/com_side_i/simple_button_fsm_0/U0/FSM_onehot_state_reg[2]/D
  -------------------------------------------------------------------    -------------------

                         (clock CLK12_I rise edge)   83.333    83.333 r  
    H11                                               0.000    83.333 r  CLK12_I (IN)
                         net (fo=0)                   0.000    83.333    CLK12_I
    H11                  IBUF (Prop_ibuf_I_O)         1.368    84.701 r  CLK12_I_IBUF_inst/O
                         net (fo=13, routed)          1.822    86.523    main_top_i/com_side_wrapper_0/U0/com_side_i/simple_button_fsm_0/U0/clk
    SLICE_X29Y11         FDRE                                         r  main_top_i/com_side_wrapper_0/U0/com_side_i/simple_button_fsm_0/U0/FSM_onehot_state_reg[2]/C
                         clock pessimism              0.376    86.899    
                         clock uncertainty           -0.035    86.864    
    SLICE_X29Y11         FDRE (Setup_fdre_C_D)        0.075    86.939    main_top_i/com_side_wrapper_0/U0/com_side_i/simple_button_fsm_0/U0/FSM_onehot_state_reg[2]
  -------------------------------------------------------------------
                         required time                         86.939    
                         arrival time                          -5.117    
  -------------------------------------------------------------------
                         slack                                 81.822    

Slack (MET) :             81.911ns  (required time - arrival time)
  Source:                 main_top_i/com_side_wrapper_0/U0/com_side_i/simple_button_fsm_3/U0/FSM_onehot_state_reg[1]/C
                            (rising edge-triggered cell FDRE clocked by CLK12_I  {rise@0.000ns fall@41.166ns period=83.333ns})
  Destination:            main_top_i/com_side_wrapper_0/U0/com_side_i/simple_button_fsm_3/U0/FSM_onehot_state_reg[1]/D
                            (rising edge-triggered cell FDRE clocked by CLK12_I  {rise@0.000ns fall@41.166ns period=83.333ns})
  Path Group:             CLK12_I
  Path Type:              Setup (Max at Slow Process Corner)
  Requirement:            83.333ns  (CLK12_I rise@83.333ns - CLK12_I rise@0.000ns)
  Data Path Delay:        1.419ns  (logic 0.580ns (40.884%)  route 0.839ns (59.116%))
  Logic Levels:           1  (LUT5=1)
  Clock Path Skew:        0.000ns (DCD - SCD + CPR)
    Destination Clock Delay (DCD):    3.068ns = ( 86.401 - 83.333 ) 
    Source Clock Delay      (SCD):    3.416ns
    Clock Pessimism Removal (CPR):    0.347ns
  Clock Uncertainty:      0.035ns  ((TSJ^2 + TIJ^2)^1/2 + DJ) / 2 + PE
    Total System Jitter     (TSJ):    0.071ns
    Total Input Jitter      (TIJ):    0.000ns
    Discrete Jitter          (DJ):    0.000ns
    Phase Error              (PE):    0.000ns

    Location             Delay type                Incr(ns)  Path(ns)    Netlist Resource(s)
  -------------------------------------------------------------------    -------------------
                         (clock CLK12_I rise edge)    0.000     0.000 r  
    H11                                               0.000     0.000 r  CLK12_I (IN)
                         net (fo=0)                   0.000     0.000    CLK12_I
    H11                  IBUF (Prop_ibuf_I_O)         1.438     1.438 r  CLK12_I_IBUF_inst/O
                         net (fo=13, routed)          1.978     3.416    main_top_i/com_side_wrapper_0/U0/com_side_i/simple_button_fsm_3/U0/clk
    SLICE_X27Y13         FDRE                                         r  main_top_i/com_side_wrapper_0/U0/com_side_i/simple_button_fsm_3/U0/FSM_onehot_state_reg[1]/C
  -------------------------------------------------------------------    -------------------
    SLICE_X27Y13         FDRE (Prop_fdre_C_Q)         0.456     3.872 r  main_top_i/com_side_wrapper_0/U0/com_side_i/simple_button_fsm_3/U0/FSM_onehot_state_reg[1]/Q
                         net (fo=4, routed)           0.839     4.710    main_top_i/com_side_wrapper_0/U0/com_side_i/simple_button_fsm_3/U0/FSM_onehot_state_reg[1]_0
    SLICE_X27Y13         LUT5 (Prop_lut5_I0_O)        0.124     4.834 r  main_top_i/com_side_wrapper_0/U0/com_side_i/simple_button_fsm_3/U0/FSM_onehot_state[1]_i_1/O
                         net (fo=1, routed)           0.000     4.834    main_top_i/com_side_wrapper_0/U0/com_side_i/simple_button_fsm_3/U0/FSM_onehot_state[1]_i_1_n_0
    SLICE_X27Y13         FDRE                                         r  main_top_i/com_side_wrapper_0/U0/com_side_i/simple_button_fsm_3/U0/FSM_onehot_state_reg[1]/D
  -------------------------------------------------------------------    -------------------

                         (clock CLK12_I rise edge)   83.333    83.333 r  
    H11                                               0.000    83.333 r  CLK12_I (IN)
                         net (fo=0)                   0.000    83.333    CLK12_I
    H11                  IBUF (Prop_ibuf_I_O)         1.368    84.701 r  CLK12_I_IBUF_inst/O
                         net (fo=13, routed)          1.701    86.402    main_top_i/com_side_wrapper_0/U0/com_side_i/simple_button_fsm_3/U0/clk
    SLICE_X27Y13         FDRE                                         r  main_top_i/com_side_wrapper_0/U0/com_side_i/simple_button_fsm_3/U0/FSM_onehot_state_reg[1]/C
                         clock pessimism              0.347    86.749    
                         clock uncertainty           -0.035    86.713    
    SLICE_X27Y13         FDRE (Setup_fdre_C_D)        0.032    86.745    main_top_i/com_side_wrapper_0/U0/com_side_i/simple_button_fsm_3/U0/FSM_onehot_state_reg[1]
  -------------------------------------------------------------------
                         required time                         86.745    
                         arrival time                          -4.834    
  -------------------------------------------------------------------
                         slack                                 81.911    

Slack (MET) :             81.913ns  (required time - arrival time)
  Source:                 main_top_i/com_side_wrapper_0/U0/com_side_i/simple_button_fsm_2/U0/FSM_onehot_state_reg[2]/C
                            (rising edge-triggered cell FDRE clocked by CLK12_I  {rise@0.000ns fall@41.166ns period=83.333ns})
  Destination:            main_top_i/com_side_wrapper_0/U0/com_side_i/simple_button_fsm_2/U0/FSM_onehot_state_reg[0]/D
                            (rising edge-triggered cell FDRE clocked by CLK12_I  {rise@0.000ns fall@41.166ns period=83.333ns})
  Path Group:             CLK12_I
  Path Type:              Setup (Max at Slow Process Corner)
  Requirement:            83.333ns  (CLK12_I rise@83.333ns - CLK12_I rise@0.000ns)
  Data Path Delay:        1.414ns  (logic 0.715ns (50.567%)  route 0.699ns (49.433%))
  Logic Levels:           1  (LUT5=1)
  Clock Path Skew:        0.000ns (DCD - SCD + CPR)
    Destination Clock Delay (DCD):    3.068ns = ( 86.401 - 83.333 ) 
    Source Clock Delay      (SCD):    3.416ns
    Clock Pessimism Removal (CPR):    0.347ns
  Clock Uncertainty:      0.035ns  ((TSJ^2 + TIJ^2)^1/2 + DJ) / 2 + PE
    Total System Jitter     (TSJ):    0.071ns
    Total Input Jitter      (TIJ):    0.000ns
    Discrete Jitter          (DJ):    0.000ns
    Phase Error              (PE):    0.000ns

    Location             Delay type                Incr(ns)  Path(ns)    Netlist Resource(s)
  -------------------------------------------------------------------    -------------------
                         (clock CLK12_I rise edge)    0.000     0.000 r  
    H11                                               0.000     0.000 r  CLK12_I (IN)
                         net (fo=0)                   0.000     0.000    CLK12_I
    H11                  IBUF (Prop_ibuf_I_O)         1.438     1.438 r  CLK12_I_IBUF_inst/O
                         net (fo=13, routed)          1.978     3.416    main_top_i/com_side_wrapper_0/U0/com_side_i/simple_button_fsm_2/U0/clk
    SLICE_X27Y13         FDRE                                         r  main_top_i/com_side_wrapper_0/U0/com_side_i/simple_button_fsm_2/U0/FSM_onehot_state_reg[2]/C
  -------------------------------------------------------------------    -------------------
    SLICE_X27Y13         FDRE (Prop_fdre_C_Q)         0.419     3.835 r  main_top_i/com_side_wrapper_0/U0/com_side_i/simple_button_fsm_2/U0/FSM_onehot_state_reg[2]/Q
                         net (fo=4, routed)           0.699     4.534    main_top_i/com_side_wrapper_0/U0/com_side_i/simple_button_fsm_2/U0/FSM_onehot_state_reg[2]_0
    SLICE_X27Y13         LUT5 (Prop_lut5_I3_O)        0.296     4.830 r  main_top_i/com_side_wrapper_0/U0/com_side_i/simple_button_fsm_2/U0/FSM_onehot_state[0]_i_1/O
                         net (fo=1, routed)           0.000     4.830    main_top_i/com_side_wrapper_0/U0/com_side_i/simple_button_fsm_2/U0/FSM_onehot_state[0]_i_1_n_0
    SLICE_X27Y13         FDRE                                         r  main_top_i/com_side_wrapper_0/U0/com_side_i/simple_button_fsm_2/U0/FSM_onehot_state_reg[0]/D
  -------------------------------------------------------------------    -------------------

                         (clock CLK12_I rise edge)   83.333    83.333 r  
    H11                                               0.000    83.333 r  CLK12_I (IN)
                         net (fo=0)                   0.000    83.333    CLK12_I
    H11                  IBUF (Prop_ibuf_I_O)         1.368    84.701 r  CLK12_I_IBUF_inst/O
                         net (fo=13, routed)          1.701    86.402    main_top_i/com_side_wrapper_0/U0/com_side_i/simple_button_fsm_2/U0/clk
    SLICE_X27Y13         FDRE                                         r  main_top_i/com_side_wrapper_0/U0/com_side_i/simple_button_fsm_2/U0/FSM_onehot_state_reg[0]/C
                         clock pessimism              0.347    86.749    
                         clock uncertainty           -0.035    86.713    
    SLICE_X27Y13         FDRE (Setup_fdre_C_D)        0.029    86.742    main_top_i/com_side_wrapper_0/U0/com_side_i/simple_button_fsm_2/U0/FSM_onehot_state_reg[0]
  -------------------------------------------------------------------
                         required time                         86.742    
                         arrival time                          -4.830    
  -------------------------------------------------------------------
                         slack                                 81.913    

Slack (MET) :             81.913ns  (required time - arrival time)
  Source:                 main_top_i/com_side_wrapper_0/U0/com_side_i/simple_button_fsm_2/U0/FSM_onehot_state_reg[2]/C
                            (rising edge-triggered cell FDRE clocked by CLK12_I  {rise@0.000ns fall@41.166ns period=83.333ns})
  Destination:            main_top_i/com_side_wrapper_0/U0/com_side_i/simple_button_fsm_2/U0/FSM_onehot_state_reg[1]/D
                            (rising edge-triggered cell FDRE clocked by CLK12_I  {rise@0.000ns fall@41.166ns period=83.333ns})
  Path Group:             CLK12_I
  Path Type:              Setup (Max at Slow Process Corner)
  Requirement:            83.333ns  (CLK12_I rise@83.333ns - CLK12_I rise@0.000ns)
  Data Path Delay:        1.416ns  (logic 0.715ns (50.496%)  route 0.701ns (49.504%))
  Logic Levels:           1  (LUT5=1)
  Clock Path Skew:        0.000ns (DCD - SCD + CPR)
    Destination Clock Delay (DCD):    3.068ns = ( 86.401 - 83.333 ) 
    Source Clock Delay      (SCD):    3.416ns
    Clock Pessimism Removal (CPR):    0.347ns
  Clock Uncertainty:      0.035ns  ((TSJ^2 + TIJ^2)^1/2 + DJ) / 2 + PE
    Total System Jitter     (TSJ):    0.071ns
    Total Input Jitter      (TIJ):    0.000ns
    Discrete Jitter          (DJ):    0.000ns
    Phase Error              (PE):    0.000ns

    Location             Delay type                Incr(ns)  Path(ns)    Netlist Resource(s)
  -------------------------------------------------------------------    -------------------
                         (clock CLK12_I rise edge)    0.000     0.000 r  
    H11                                               0.000     0.000 r  CLK12_I (IN)
                         net (fo=0)                   0.000     0.000    CLK12_I
    H11                  IBUF (Prop_ibuf_I_O)         1.438     1.438 r  CLK12_I_IBUF_inst/O
                         net (fo=13, routed)          1.978     3.416    main_top_i/com_side_wrapper_0/U0/com_side_i/simple_button_fsm_2/U0/clk
    SLICE_X27Y13         FDRE                                         r  main_top_i/com_side_wrapper_0/U0/com_side_i/simple_button_fsm_2/U0/FSM_onehot_state_reg[2]/C
  -------------------------------------------------------------------    -------------------
    SLICE_X27Y13         FDRE (Prop_fdre_C_Q)         0.419     3.835 r  main_top_i/com_side_wrapper_0/U0/com_side_i/simple_button_fsm_2/U0/FSM_onehot_state_reg[2]/Q
                         net (fo=4, routed)           0.701     4.536    main_top_i/com_side_wrapper_0/U0/com_side_i/simple_button_fsm_2/U0/FSM_onehot_state_reg[2]_0
    SLICE_X27Y13         LUT5 (Prop_lut5_I3_O)        0.296     4.832 r  main_top_i/com_side_wrapper_0/U0/com_side_i/simple_button_fsm_2/U0/FSM_onehot_state[1]_i_1/O
                         net (fo=1, routed)           0.000     4.832    main_top_i/com_side_wrapper_0/U0/com_side_i/simple_button_fsm_2/U0/FSM_onehot_state[1]_i_1_n_0
    SLICE_X27Y13         FDRE                                         r  main_top_i/com_side_wrapper_0/U0/com_side_i/simple_button_fsm_2/U0/FSM_onehot_state_reg[1]/D
  -------------------------------------------------------------------    -------------------

                         (clock CLK12_I rise edge)   83.333    83.333 r  
    H11                                               0.000    83.333 r  CLK12_I (IN)
                         net (fo=0)                   0.000    83.333    CLK12_I
    H11                  IBUF (Prop_ibuf_I_O)         1.368    84.701 r  CLK12_I_IBUF_inst/O
                         net (fo=13, routed)          1.701    86.402    main_top_i/com_side_wrapper_0/U0/com_side_i/simple_button_fsm_2/U0/clk
    SLICE_X27Y13         FDRE                                         r  main_top_i/com_side_wrapper_0/U0/com_side_i/simple_button_fsm_2/U0/FSM_onehot_state_reg[1]/C
                         clock pessimism              0.347    86.749    
                         clock uncertainty           -0.035    86.713    
    SLICE_X27Y13         FDRE (Setup_fdre_C_D)        0.031    86.744    main_top_i/com_side_wrapper_0/U0/com_side_i/simple_button_fsm_2/U0/FSM_onehot_state_reg[1]
  -------------------------------------------------------------------
                         required time                         86.744    
                         arrival time                          -4.832    
  -------------------------------------------------------------------
                         slack                                 81.913    

Slack (MET) :             81.929ns  (required time - arrival time)
  Source:                 main_top_i/com_side_wrapper_0/U0/com_side_i/simple_button_fsm_2/U0/FSM_onehot_state_reg[2]/C
                            (rising edge-triggered cell FDRE clocked by CLK12_I  {rise@0.000ns fall@41.166ns period=83.333ns})
  Destination:            main_top_i/com_side_wrapper_0/U0/com_side_i/simple_button_fsm_2/U0/FSM_onehot_state_reg[2]/D
                            (rising edge-triggered cell FDRE clocked by CLK12_I  {rise@0.000ns fall@41.166ns period=83.333ns})
  Path Group:             CLK12_I
  Path Type:              Setup (Max at Slow Process Corner)
  Requirement:            83.333ns  (CLK12_I rise@83.333ns - CLK12_I rise@0.000ns)
  Data Path Delay:        1.444ns  (logic 0.743ns (51.456%)  route 0.701ns (48.544%))
  Logic Levels:           1  (LUT5=1)
  Clock Path Skew:        0.000ns (DCD - SCD + CPR)
    Destination Clock Delay (DCD):    3.068ns = ( 86.401 - 83.333 ) 
    Source Clock Delay      (SCD):    3.416ns
    Clock Pessimism Removal (CPR):    0.347ns
  Clock Uncertainty:      0.035ns  ((TSJ^2 + TIJ^2)^1/2 + DJ) / 2 + PE
    Total System Jitter     (TSJ):    0.071ns
    Total Input Jitter      (TIJ):    0.000ns
    Discrete Jitter          (DJ):    0.000ns
    Phase Error              (PE):    0.000ns

    Location             Delay type                Incr(ns)  Path(ns)    Netlist Resource(s)
  -------------------------------------------------------------------    -------------------
                         (clock CLK12_I rise edge)    0.000     0.000 r  
    H11                                               0.000     0.000 r  CLK12_I (IN)
                         net (fo=0)                   0.000     0.000    CLK12_I
    H11                  IBUF (Prop_ibuf_I_O)         1.438     1.438 r  CLK12_I_IBUF_inst/O
                         net (fo=13, routed)          1.978     3.416    main_top_i/com_side_wrapper_0/U0/com_side_i/simple_button_fsm_2/U0/clk
    SLICE_X27Y13         FDRE                                         r  main_top_i/com_side_wrapper_0/U0/com_side_i/simple_button_fsm_2/U0/FSM_onehot_state_reg[2]/C
  -------------------------------------------------------------------    -------------------
    SLICE_X27Y13         FDRE (Prop_fdre_C_Q)         0.419     3.835 r  main_top_i/com_side_wrapper_0/U0/com_side_i/simple_button_fsm_2/U0/FSM_onehot_state_reg[2]/Q
                         net (fo=4, routed)           0.701     4.536    main_top_i/com_side_wrapper_0/U0/com_side_i/simple_button_fsm_2/U0/FSM_onehot_state_reg[2]_0
    SLICE_X27Y13         LUT5 (Prop_lut5_I3_O)        0.324     4.860 r  main_top_i/com_side_wrapper_0/U0/com_side_i/simple_button_fsm_2/U0/FSM_onehot_state[2]_i_1/O
                         net (fo=1, routed)           0.000     4.860    main_top_i/com_side_wrapper_0/U0/com_side_i/simple_button_fsm_2/U0/FSM_onehot_state[2]_i_1_n_0
    SLICE_X27Y13         FDRE                                         r  main_top_i/com_side_wrapper_0/U0/com_side_i/simple_button_fsm_2/U0/FSM_onehot_state_reg[2]/D
  -------------------------------------------------------------------    -------------------

                         (clock CLK12_I rise edge)   83.333    83.333 r  
    H11                                               0.000    83.333 r  CLK12_I (IN)
                         net (fo=0)                   0.000    83.333    CLK12_I
    H11                  IBUF (Prop_ibuf_I_O)         1.368    84.701 r  CLK12_I_IBUF_inst/O
                         net (fo=13, routed)          1.701    86.402    main_top_i/com_side_wrapper_0/U0/com_side_i/simple_button_fsm_2/U0/clk
    SLICE_X27Y13         FDRE                                         r  main_top_i/com_side_wrapper_0/U0/com_side_i/simple_button_fsm_2/U0/FSM_onehot_state_reg[2]/C
                         clock pessimism              0.347    86.749    
                         clock uncertainty           -0.035    86.713    
    SLICE_X27Y13         FDRE (Setup_fdre_C_D)        0.075    86.788    main_top_i/com_side_wrapper_0/U0/com_side_i/simple_button_fsm_2/U0/FSM_onehot_state_reg[2]
  -------------------------------------------------------------------
                         required time                         86.788    
                         arrival time                          -4.860    
  -------------------------------------------------------------------
                         slack                                 81.929    

Slack (MET) :             81.929ns  (required time - arrival time)
  Source:                 main_top_i/com_side_wrapper_0/U0/com_side_i/simple_button_fsm_3/U0/FSM_onehot_state_reg[1]/C
                            (rising edge-triggered cell FDRE clocked by CLK12_I  {rise@0.000ns fall@41.166ns period=83.333ns})
  Destination:            main_top_i/com_side_wrapper_0/U0/com_side_i/simple_button_fsm_3/U0/FSM_onehot_state_reg[2]/D
                            (rising edge-triggered cell FDRE clocked by CLK12_I  {rise@0.000ns fall@41.166ns period=83.333ns})
  Path Group:             CLK12_I
  Path Type:              Setup (Max at Slow Process Corner)
  Requirement:            83.333ns  (CLK12_I rise@83.333ns - CLK12_I rise@0.000ns)
  Data Path Delay:        1.444ns  (logic 0.605ns (41.908%)  route 0.839ns (58.092%))
  Logic Levels:           1  (LUT5=1)
  Clock Path Skew:        0.000ns (DCD - SCD + CPR)
    Destination Clock Delay (DCD):    3.068ns = ( 86.401 - 83.333 ) 
    Source Clock Delay      (SCD):    3.416ns
    Clock Pessimism Removal (CPR):    0.347ns
  Clock Uncertainty:      0.035ns  ((TSJ^2 + TIJ^2)^1/2 + DJ) / 2 + PE
    Total System Jitter     (TSJ):    0.071ns
    Total Input Jitter      (TIJ):    0.000ns
    Discrete Jitter          (DJ):    0.000ns
    Phase Error              (PE):    0.000ns

    Location             Delay type                Incr(ns)  Path(ns)    Netlist Resource(s)
  -------------------------------------------------------------------    -------------------
                         (clock CLK12_I rise edge)    0.000     0.000 r  
    H11                                               0.000     0.000 r  CLK12_I (IN)
                         net (fo=0)                   0.000     0.000    CLK12_I
    H11                  IBUF (Prop_ibuf_I_O)         1.438     1.438 r  CLK12_I_IBUF_inst/O
                         net (fo=13, routed)          1.978     3.416    main_top_i/com_side_wrapper_0/U0/com_side_i/simple_button_fsm_3/U0/clk
    SLICE_X27Y13         FDRE                                         r  main_top_i/com_side_wrapper_0/U0/com_side_i/simple_button_fsm_3/U0/FSM_onehot_state_reg[1]/C
  -------------------------------------------------------------------    -------------------
    SLICE_X27Y13         FDRE (Prop_fdre_C_Q)         0.456     3.872 r  main_top_i/com_side_wrapper_0/U0/com_side_i/simple_button_fsm_3/U0/FSM_onehot_state_reg[1]/Q
                         net (fo=4, routed)           0.839     4.710    main_top_i/com_side_wrapper_0/U0/com_side_i/simple_button_fsm_3/U0/FSM_onehot_state_reg[1]_0
    SLICE_X27Y13         LUT5 (Prop_lut5_I0_O)        0.149     4.859 r  main_top_i/com_side_wrapper_0/U0/com_side_i/simple_button_fsm_3/U0/FSM_onehot_state[2]_i_1/O
                         net (fo=1, routed)           0.000     4.859    main_top_i/com_side_wrapper_0/U0/com_side_i/simple_button_fsm_3/U0/FSM_onehot_state[2]_i_1_n_0
    SLICE_X27Y13         FDRE                                         r  main_top_i/com_side_wrapper_0/U0/com_side_i/simple_button_fsm_3/U0/FSM_onehot_state_reg[2]/D
  -------------------------------------------------------------------    -------------------

                         (clock CLK12_I rise edge)   83.333    83.333 r  
    H11                                               0.000    83.333 r  CLK12_I (IN)
                         net (fo=0)                   0.000    83.333    CLK12_I
    H11                  IBUF (Prop_ibuf_I_O)         1.368    84.701 r  CLK12_I_IBUF_inst/O
                         net (fo=13, routed)          1.701    86.402    main_top_i/com_side_wrapper_0/U0/com_side_i/simple_button_fsm_3/U0/clk
    SLICE_X27Y13         FDRE                                         r  main_top_i/com_side_wrapper_0/U0/com_side_i/simple_button_fsm_3/U0/FSM_onehot_state_reg[2]/C
                         clock pessimism              0.347    86.749    
                         clock uncertainty           -0.035    86.713    
    SLICE_X27Y13         FDRE (Setup_fdre_C_D)        0.075    86.788    main_top_i/com_side_wrapper_0/U0/com_side_i/simple_button_fsm_3/U0/FSM_onehot_state_reg[2]
  -------------------------------------------------------------------
                         required time                         86.788    
                         arrival time                          -4.859    
  -------------------------------------------------------------------
                         slack                                 81.929    

Slack (MET) :             82.080ns  (required time - arrival time)
  Source:                 main_top_i/com_side_wrapper_0/U0/com_side_i/simple_button_fsm_1/U0/FSM_onehot_state_reg[0]/C
                            (rising edge-triggered cell FDRE clocked by CLK12_I  {rise@0.000ns fall@41.166ns period=83.333ns})
  Destination:            main_top_i/com_side_wrapper_0/U0/com_side_i/simple_button_fsm_1/U0/FSM_onehot_state_reg[1]/D
                            (rising edge-triggered cell FDRE clocked by CLK12_I  {rise@0.000ns fall@41.166ns period=83.333ns})
  Path Group:             CLK12_I
  Path Type:              Setup (Max at Slow Process Corner)
  Requirement:            83.333ns  (CLK12_I rise@83.333ns - CLK12_I rise@0.000ns)
  Data Path Delay:        1.249ns  (logic 0.580ns (46.429%)  route 0.669ns (53.571%))
  Logic Levels:           1  (LUT5=1)
  Clock Path Skew:        0.000ns (DCD - SCD + CPR)
    Destination Clock Delay (DCD):    3.190ns = ( 86.523 - 83.333 ) 
    Source Clock Delay      (SCD):    3.566ns
    Clock Pessimism Removal (CPR):    0.376ns
  Clock Uncertainty:      0.035ns  ((TSJ^2 + TIJ^2)^1/2 + DJ) / 2 + PE
    Total System Jitter     (TSJ):    0.071ns
    Total Input Jitter      (TIJ):    0.000ns
    Discrete Jitter          (DJ):    0.000ns
    Phase Error              (PE):    0.000ns

    Location             Delay type                Incr(ns)  Path(ns)    Netlist Resource(s)
  -------------------------------------------------------------------    -------------------
                         (clock CLK12_I rise edge)    0.000     0.000 r  
    H11                                               0.000     0.000 r  CLK12_I (IN)
                         net (fo=0)                   0.000     0.000    CLK12_I
    H11                  IBUF (Prop_ibuf_I_O)         1.438     1.438 r  CLK12_I_IBUF_inst/O
                         net (fo=13, routed)          2.128     3.566    main_top_i/com_side_wrapper_0/U0/com_side_i/simple_button_fsm_1/U0/clk
    SLICE_X29Y11         FDRE                                         r  main_top_i/com_side_wrapper_0/U0/com_side_i/simple_button_fsm_1/U0/FSM_onehot_state_reg[0]/C
  -------------------------------------------------------------------    -------------------
    SLICE_X29Y11         FDRE (Prop_fdre_C_Q)         0.456     4.022 r  main_top_i/com_side_wrapper_0/U0/com_side_i/simple_button_fsm_1/U0/FSM_onehot_state_reg[0]/Q
                         net (fo=3, routed)           0.669     4.691    main_top_i/com_side_wrapper_0/U0/com_side_i/simple_button_fsm_1/U0/FSM_onehot_state_reg_n_0_[0]
    SLICE_X29Y11         LUT5 (Prop_lut5_I2_O)        0.124     4.815 r  main_top_i/com_side_wrapper_0/U0/com_side_i/simple_button_fsm_1/U0/FSM_onehot_state[1]_i_1/O
                         net (fo=1, routed)           0.000     4.815    main_top_i/com_side_wrapper_0/U0/com_side_i/simple_button_fsm_1/U0/FSM_onehot_state[1]_i_1_n_0
    SLICE_X29Y11         FDRE                                         r  main_top_i/com_side_wrapper_0/U0/com_side_i/simple_button_fsm_1/U0/FSM_onehot_state_reg[1]/D
  -------------------------------------------------------------------    -------------------

                         (clock CLK12_I rise edge)   83.333    83.333 r  
    H11                                               0.000    83.333 r  CLK12_I (IN)
                         net (fo=0)                   0.000    83.333    CLK12_I
    H11                  IBUF (Prop_ibuf_I_O)         1.368    84.701 r  CLK12_I_IBUF_inst/O
                         net (fo=13, routed)          1.822    86.523    main_top_i/com_side_wrapper_0/U0/com_side_i/simple_button_fsm_1/U0/clk
    SLICE_X29Y11         FDRE                                         r  main_top_i/com_side_wrapper_0/U0/com_side_i/simple_button_fsm_1/U0/FSM_onehot_state_reg[1]/C
                         clock pessimism              0.376    86.899    
                         clock uncertainty           -0.035    86.864    
    SLICE_X29Y11         FDRE (Setup_fdre_C_D)        0.032    86.896    main_top_i/com_side_wrapper_0/U0/com_side_i/simple_button_fsm_1/U0/FSM_onehot_state_reg[1]
  -------------------------------------------------------------------
                         required time                         86.896    
                         arrival time                          -4.815    
  -------------------------------------------------------------------
                         slack                                 82.080    

Slack (MET) :             82.081ns  (required time - arrival time)
  Source:                 main_top_i/com_side_wrapper_0/U0/com_side_i/simple_button_fsm_3/U0/FSM_onehot_state_reg[0]/C
                            (rising edge-triggered cell FDRE clocked by CLK12_I  {rise@0.000ns fall@41.166ns period=83.333ns})
  Destination:            main_top_i/com_side_wrapper_0/U0/com_side_i/simple_button_fsm_3/U0/FSM_onehot_state_reg[0]/D
                            (rising edge-triggered cell FDRE clocked by CLK12_I  {rise@0.000ns fall@41.166ns period=83.333ns})
  Path Group:             CLK12_I
  Path Type:              Setup (Max at Slow Process Corner)
  Requirement:            83.333ns  (CLK12_I rise@83.333ns - CLK12_I rise@0.000ns)
  Data Path Delay:        1.247ns  (logic 0.580ns (46.504%)  route 0.667ns (53.496%))
  Logic Levels:           1  (LUT5=1)
  Clock Path Skew:        0.000ns (DCD - SCD + CPR)
    Destination Clock Delay (DCD):    3.068ns = ( 86.401 - 83.333 ) 
    Source Clock Delay      (SCD):    3.416ns
    Clock Pessimism Removal (CPR):    0.347ns
  Clock Uncertainty:      0.035ns  ((TSJ^2 + TIJ^2)^1/2 + DJ) / 2 + PE
    Total System Jitter     (TSJ):    0.071ns
    Total Input Jitter      (TIJ):    0.000ns
    Discrete Jitter          (DJ):    0.000ns
    Phase Error              (PE):    0.000ns

    Location             Delay type                Incr(ns)  Path(ns)    Netlist Resource(s)
  -------------------------------------------------------------------    -------------------
                         (clock CLK12_I rise edge)    0.000     0.000 r  
    H11                                               0.000     0.000 r  CLK12_I (IN)
                         net (fo=0)                   0.000     0.000    CLK12_I
    H11                  IBUF (Prop_ibuf_I_O)         1.438     1.438 r  CLK12_I_IBUF_inst/O
                         net (fo=13, routed)          1.978     3.416    main_top_i/com_side_wrapper_0/U0/com_side_i/simple_button_fsm_3/U0/clk
    SLICE_X27Y13         FDRE                                         r  main_top_i/com_side_wrapper_0/U0/com_side_i/simple_button_fsm_3/U0/FSM_onehot_state_reg[0]/C
  -------------------------------------------------------------------    -------------------
    SLICE_X27Y13         FDRE (Prop_fdre_C_Q)         0.456     3.872 r  main_top_i/com_side_wrapper_0/U0/com_side_i/simple_button_fsm_3/U0/FSM_onehot_state_reg[0]/Q
                         net (fo=3, routed)           0.667     4.539    main_top_i/com_side_wrapper_0/U0/com_side_i/simple_button_fsm_3/U0/FSM_onehot_state_reg_n_0_[0]
    SLICE_X27Y13         LUT5 (Prop_lut5_I2_O)        0.124     4.663 r  main_top_i/com_side_wrapper_0/U0/com_side_i/simple_button_fsm_3/U0/FSM_onehot_state[0]_i_1/O
                         net (fo=1, routed)           0.000     4.663    main_top_i/com_side_wrapper_0/U0/com_side_i/simple_button_fsm_3/U0/FSM_onehot_state[0]_i_1_n_0
    SLICE_X27Y13         FDRE                                         r  main_top_i/com_side_wrapper_0/U0/com_side_i/simple_button_fsm_3/U0/FSM_onehot_state_reg[0]/D
  -------------------------------------------------------------------    -------------------

                         (clock CLK12_I rise edge)   83.333    83.333 r  
    H11                                               0.000    83.333 r  CLK12_I (IN)
                         net (fo=0)                   0.000    83.333    CLK12_I
    H11                  IBUF (Prop_ibuf_I_O)         1.368    84.701 r  CLK12_I_IBUF_inst/O
                         net (fo=13, routed)          1.701    86.402    main_top_i/com_side_wrapper_0/U0/com_side_i/simple_button_fsm_3/U0/clk
    SLICE_X27Y13         FDRE                                         r  main_top_i/com_side_wrapper_0/U0/com_side_i/simple_button_fsm_3/U0/FSM_onehot_state_reg[0]/C
                         clock pessimism              0.347    86.749    
                         clock uncertainty           -0.035    86.713    
    SLICE_X27Y13         FDRE (Setup_fdre_C_D)        0.031    86.744    main_top_i/com_side_wrapper_0/U0/com_side_i/simple_button_fsm_3/U0/FSM_onehot_state_reg[0]
  -------------------------------------------------------------------
                         required time                         86.744    
                         arrival time                          -4.663    
  -------------------------------------------------------------------
                         slack                                 82.081    

Slack (MET) :             82.081ns  (required time - arrival time)
  Source:                 main_top_i/com_side_wrapper_0/U0/com_side_i/simple_button_fsm_1/U0/FSM_onehot_state_reg[0]/C
                            (rising edge-triggered cell FDRE clocked by CLK12_I  {rise@0.000ns fall@41.166ns period=83.333ns})
  Destination:            main_top_i/com_side_wrapper_0/U0/com_side_i/simple_button_fsm_1/U0/FSM_onehot_state_reg[0]/D
                            (rising edge-triggered cell FDRE clocked by CLK12_I  {rise@0.000ns fall@41.166ns period=83.333ns})
  Path Group:             CLK12_I
  Path Type:              Setup (Max at Slow Process Corner)
  Requirement:            83.333ns  (CLK12_I rise@83.333ns - CLK12_I rise@0.000ns)
  Data Path Delay:        1.247ns  (logic 0.580ns (46.504%)  route 0.667ns (53.496%))
  Logic Levels:           1  (LUT5=1)
  Clock Path Skew:        0.000ns (DCD - SCD + CPR)
    Destination Clock Delay (DCD):    3.190ns = ( 86.523 - 83.333 ) 
    Source Clock Delay      (SCD):    3.566ns
    Clock Pessimism Removal (CPR):    0.376ns
  Clock Uncertainty:      0.035ns  ((TSJ^2 + TIJ^2)^1/2 + DJ) / 2 + PE
    Total System Jitter     (TSJ):    0.071ns
    Total Input Jitter      (TIJ):    0.000ns
    Discrete Jitter          (DJ):    0.000ns
    Phase Error              (PE):    0.000ns

    Location             Delay type                Incr(ns)  Path(ns)    Netlist Resource(s)
  -------------------------------------------------------------------    -------------------
                         (clock CLK12_I rise edge)    0.000     0.000 r  
    H11                                               0.000     0.000 r  CLK12_I (IN)
                         net (fo=0)                   0.000     0.000    CLK12_I
    H11                  IBUF (Prop_ibuf_I_O)         1.438     1.438 r  CLK12_I_IBUF_inst/O
                         net (fo=13, routed)          2.128     3.566    main_top_i/com_side_wrapper_0/U0/com_side_i/simple_button_fsm_1/U0/clk
    SLICE_X29Y11         FDRE                                         r  main_top_i/com_side_wrapper_0/U0/com_side_i/simple_button_fsm_1/U0/FSM_onehot_state_reg[0]/C
  -------------------------------------------------------------------    -------------------
    SLICE_X29Y11         FDRE (Prop_fdre_C_Q)         0.456     4.022 r  main_top_i/com_side_wrapper_0/U0/com_side_i/simple_button_fsm_1/U0/FSM_onehot_state_reg[0]/Q
                         net (fo=3, routed)           0.667     4.689    main_top_i/com_side_wrapper_0/U0/com_side_i/simple_button_fsm_1/U0/FSM_onehot_state_reg_n_0_[0]
    SLICE_X29Y11         LUT5 (Prop_lut5_I2_O)        0.124     4.813 r  main_top_i/com_side_wrapper_0/U0/com_side_i/simple_button_fsm_1/U0/FSM_onehot_state[0]_i_1/O
                         net (fo=1, routed)           0.000     4.813    main_top_i/com_side_wrapper_0/U0/com_side_i/simple_button_fsm_1/U0/FSM_onehot_state[0]_i_1_n_0
    SLICE_X29Y11         FDRE                                         r  main_top_i/com_side_wrapper_0/U0/com_side_i/simple_button_fsm_1/U0/FSM_onehot_state_reg[0]/D
  -------------------------------------------------------------------    -------------------

                         (clock CLK12_I rise edge)   83.333    83.333 r  
    H11                                               0.000    83.333 r  CLK12_I (IN)
                         net (fo=0)                   0.000    83.333    CLK12_I
    H11                  IBUF (Prop_ibuf_I_O)         1.368    84.701 r  CLK12_I_IBUF_inst/O
                         net (fo=13, routed)          1.822    86.523    main_top_i/com_side_wrapper_0/U0/com_side_i/simple_button_fsm_1/U0/clk
    SLICE_X29Y11         FDRE                                         r  main_top_i/com_side_wrapper_0/U0/com_side_i/simple_button_fsm_1/U0/FSM_onehot_state_reg[0]/C
                         clock pessimism              0.376    86.899    
                         clock uncertainty           -0.035    86.864    
    SLICE_X29Y11         FDRE (Setup_fdre_C_D)        0.031    86.895    main_top_i/com_side_wrapper_0/U0/com_side_i/simple_button_fsm_1/U0/FSM_onehot_state_reg[0]
  -------------------------------------------------------------------
                         required time                         86.895    
                         arrival time                          -4.813    
  -------------------------------------------------------------------
                         slack                                 82.081    





Min Delay Paths
--------------------------------------------------------------------------------------
Slack (MET) :             0.202ns  (arrival time - required time)
  Source:                 main_top_i/com_side_wrapper_0/U0/com_side_i/simple_button_fsm_3/U0/FSM_onehot_state_reg[2]/C
                            (rising edge-triggered cell FDRE clocked by CLK12_I  {rise@0.000ns fall@41.166ns period=83.333ns})
  Destination:            main_top_i/com_side_wrapper_0/U0/com_side_i/simple_button_fsm_3/U0/FSM_onehot_state_reg[0]/D
                            (rising edge-triggered cell FDRE clocked by CLK12_I  {rise@0.000ns fall@41.166ns period=83.333ns})
  Path Group:             CLK12_I
  Path Type:              Hold (Min at Fast Process Corner)
  Requirement:            0.000ns  (CLK12_I rise@0.000ns - CLK12_I rise@0.000ns)
  Data Path Delay:        0.294ns  (logic 0.226ns (76.942%)  route 0.068ns (23.059%))
  Logic Levels:           1  (LUT5=1)
  Clock Path Skew:        0.000ns (DCD - SCD - CPR)
    Destination Clock Delay (DCD):    1.402ns
    Source Clock Delay      (SCD):    1.080ns
    Clock Pessimism Removal (CPR):    0.322ns

    Location             Delay type                Incr(ns)  Path(ns)    Netlist Resource(s)
  -------------------------------------------------------------------    -------------------
                         (clock CLK12_I rise edge)    0.000     0.000 r  
    H11                                               0.000     0.000 r  CLK12_I (IN)
                         net (fo=0)                   0.000     0.000    CLK12_I
    H11                  IBUF (Prop_ibuf_I_O)         0.206     0.206 r  CLK12_I_IBUF_inst/O
                         net (fo=13, routed)          0.874     1.080    main_top_i/com_side_wrapper_0/U0/com_side_i/simple_button_fsm_3/U0/clk
    SLICE_X27Y13         FDRE                                         r  main_top_i/com_side_wrapper_0/U0/com_side_i/simple_button_fsm_3/U0/FSM_onehot_state_reg[2]/C
  -------------------------------------------------------------------    -------------------
    SLICE_X27Y13         FDRE (Prop_fdre_C_Q)         0.128     1.208 r  main_top_i/com_side_wrapper_0/U0/com_side_i/simple_button_fsm_3/U0/FSM_onehot_state_reg[2]/Q
                         net (fo=4, routed)           0.068     1.276    main_top_i/com_side_wrapper_0/U0/com_side_i/simple_button_fsm_3/U0/FSM_onehot_state_reg[2]_0
    SLICE_X27Y13         LUT5 (Prop_lut5_I3_O)        0.098     1.374 r  main_top_i/com_side_wrapper_0/U0/com_side_i/simple_button_fsm_3/U0/FSM_onehot_state[0]_i_1/O
                         net (fo=1, routed)           0.000     1.374    main_top_i/com_side_wrapper_0/U0/com_side_i/simple_button_fsm_3/U0/FSM_onehot_state[0]_i_1_n_0
    SLICE_X27Y13         FDRE                                         r  main_top_i/com_side_wrapper_0/U0/com_side_i/simple_button_fsm_3/U0/FSM_onehot_state_reg[0]/D
  -------------------------------------------------------------------    -------------------

                         (clock CLK12_I rise edge)    0.000     0.000 r  
    H11                                               0.000     0.000 r  CLK12_I (IN)
                         net (fo=0)                   0.000     0.000    CLK12_I
    H11                  IBUF (Prop_ibuf_I_O)         0.393     0.393 r  CLK12_I_IBUF_inst/O
                         net (fo=13, routed)          1.009     1.402    main_top_i/com_side_wrapper_0/U0/com_side_i/simple_button_fsm_3/U0/clk
    SLICE_X27Y13         FDRE                                         r  main_top_i/com_side_wrapper_0/U0/com_side_i/simple_button_fsm_3/U0/FSM_onehot_state_reg[0]/C
                         clock pessimism             -0.322     1.080    
    SLICE_X27Y13         FDRE (Hold_fdre_C_D)         0.092     1.172    main_top_i/com_side_wrapper_0/U0/com_side_i/simple_button_fsm_3/U0/FSM_onehot_state_reg[0]
  -------------------------------------------------------------------
                         required time                         -1.172    
                         arrival time                           1.374    
  -------------------------------------------------------------------
                         slack                                  0.202    

Slack (MET) :             0.204ns  (arrival time - required time)
  Source:                 main_top_i/com_side_wrapper_0/U0/com_side_i/simple_button_fsm_0/U0/FSM_onehot_state_reg[2]/C
                            (rising edge-triggered cell FDRE clocked by CLK12_I  {rise@0.000ns fall@41.166ns period=83.333ns})
  Destination:            main_top_i/com_side_wrapper_0/U0/com_side_i/simple_button_fsm_0/U0/FSM_onehot_state_reg[0]/D
                            (rising edge-triggered cell FDRE clocked by CLK12_I  {rise@0.000ns fall@41.166ns period=83.333ns})
  Path Group:             CLK12_I
  Path Type:              Hold (Min at Fast Process Corner)
  Requirement:            0.000ns  (CLK12_I rise@0.000ns - CLK12_I rise@0.000ns)
  Data Path Delay:        0.296ns  (logic 0.227ns (76.649%)  route 0.069ns (23.351%))
  Logic Levels:           1  (LUT5=1)
  Clock Path Skew:        0.000ns (DCD - SCD - CPR)
    Destination Clock Delay (DCD):    1.380ns
    Source Clock Delay      (SCD):    1.059ns
    Clock Pessimism Removal (CPR):    0.320ns

    Location             Delay type                Incr(ns)  Path(ns)    Netlist Resource(s)
  -------------------------------------------------------------------    -------------------
                         (clock CLK12_I rise edge)    0.000     0.000 r  
    H11                                               0.000     0.000 r  CLK12_I (IN)
                         net (fo=0)                   0.000     0.000    CLK12_I
    H11                  IBUF (Prop_ibuf_I_O)         0.206     0.206 r  CLK12_I_IBUF_inst/O
                         net (fo=13, routed)          0.853     1.059    main_top_i/com_side_wrapper_0/U0/com_side_i/simple_button_fsm_0/U0/clk
    SLICE_X29Y11         FDRE                                         r  main_top_i/com_side_wrapper_0/U0/com_side_i/simple_button_fsm_0/U0/FSM_onehot_state_reg[2]/C
  -------------------------------------------------------------------    -------------------
    SLICE_X29Y11         FDRE (Prop_fdre_C_Q)         0.128     1.187 r  main_top_i/com_side_wrapper_0/U0/com_side_i/simple_button_fsm_0/U0/FSM_onehot_state_reg[2]/Q
                         net (fo=4, routed)           0.069     1.257    main_top_i/com_side_wrapper_0/U0/com_side_i/simple_button_fsm_0/U0/FSM_onehot_state_reg[2]_0
    SLICE_X29Y11         LUT5 (Prop_lut5_I3_O)        0.099     1.356 r  main_top_i/com_side_wrapper_0/U0/com_side_i/simple_button_fsm_0/U0/FSM_onehot_state[0]_i_1/O
                         net (fo=1, routed)           0.000     1.356    main_top_i/com_side_wrapper_0/U0/com_side_i/simple_button_fsm_0/U0/FSM_onehot_state[0]_i_1_n_0
    SLICE_X29Y11         FDRE                                         r  main_top_i/com_side_wrapper_0/U0/com_side_i/simple_button_fsm_0/U0/FSM_onehot_state_reg[0]/D
  -------------------------------------------------------------------    -------------------

                         (clock CLK12_I rise edge)    0.000     0.000 r  
    H11                                               0.000     0.000 r  CLK12_I (IN)
                         net (fo=0)                   0.000     0.000    CLK12_I
    H11                  IBUF (Prop_ibuf_I_O)         0.393     0.393 r  CLK12_I_IBUF_inst/O
                         net (fo=13, routed)          0.986     1.380    main_top_i/com_side_wrapper_0/U0/com_side_i/simple_button_fsm_0/U0/clk
    SLICE_X29Y11         FDRE                                         r  main_top_i/com_side_wrapper_0/U0/com_side_i/simple_button_fsm_0/U0/FSM_onehot_state_reg[0]/C
                         clock pessimism             -0.320     1.059    
    SLICE_X29Y11         FDRE (Hold_fdre_C_D)         0.092     1.151    main_top_i/com_side_wrapper_0/U0/com_side_i/simple_button_fsm_0/U0/FSM_onehot_state_reg[0]
  -------------------------------------------------------------------
                         required time                         -1.151    
                         arrival time                           1.356    
  -------------------------------------------------------------------
                         slack                                  0.204    

Slack (MET) :             0.219ns  (arrival time - required time)
  Source:                 main_top_i/com_side_wrapper_0/U0/com_side_i/simple_button_fsm_1/U0/FSM_onehot_state_reg[2]/C
                            (rising edge-triggered cell FDRE clocked by CLK12_I  {rise@0.000ns fall@41.166ns period=83.333ns})
  Destination:            main_top_i/com_side_wrapper_0/U0/com_side_i/simple_button_fsm_1/U0/FSM_onehot_state_reg[0]/D
                            (rising edge-triggered cell FDRE clocked by CLK12_I  {rise@0.000ns fall@41.166ns period=83.333ns})
  Path Group:             CLK12_I
  Path Type:              Hold (Min at Fast Process Corner)
  Requirement:            0.000ns  (CLK12_I rise@0.000ns - CLK12_I rise@0.000ns)
  Data Path Delay:        0.311ns  (logic 0.226ns (72.780%)  route 0.085ns (27.220%))
  Logic Levels:           1  (LUT5=1)
  Clock Path Skew:        0.000ns (DCD - SCD - CPR)
    Destination Clock Delay (DCD):    1.380ns
    Source Clock Delay      (SCD):    1.059ns
    Clock Pessimism Removal (CPR):    0.320ns

    Location             Delay type                Incr(ns)  Path(ns)    Netlist Resource(s)
  -------------------------------------------------------------------    -------------------
                         (clock CLK12_I rise edge)    0.000     0.000 r  
    H11                                               0.000     0.000 r  CLK12_I (IN)
                         net (fo=0)                   0.000     0.000    CLK12_I
    H11                  IBUF (Prop_ibuf_I_O)         0.206     0.206 r  CLK12_I_IBUF_inst/O
                         net (fo=13, routed)          0.853     1.059    main_top_i/com_side_wrapper_0/U0/com_side_i/simple_button_fsm_1/U0/clk
    SLICE_X29Y11         FDRE                                         r  main_top_i/com_side_wrapper_0/U0/com_side_i/simple_button_fsm_1/U0/FSM_onehot_state_reg[2]/C
  -------------------------------------------------------------------    -------------------
    SLICE_X29Y11         FDRE (Prop_fdre_C_Q)         0.128     1.187 r  main_top_i/com_side_wrapper_0/U0/com_side_i/simple_button_fsm_1/U0/FSM_onehot_state_reg[2]/Q
                         net (fo=4, routed)           0.085     1.272    main_top_i/com_side_wrapper_0/U0/com_side_i/simple_button_fsm_1/U0/FSM_onehot_state_reg[2]_0
    SLICE_X29Y11         LUT5 (Prop_lut5_I3_O)        0.098     1.370 r  main_top_i/com_side_wrapper_0/U0/com_side_i/simple_button_fsm_1/U0/FSM_onehot_state[0]_i_1/O
                         net (fo=1, routed)           0.000     1.370    main_top_i/com_side_wrapper_0/U0/com_side_i/simple_button_fsm_1/U0/FSM_onehot_state[0]_i_1_n_0
    SLICE_X29Y11         FDRE                                         r  main_top_i/com_side_wrapper_0/U0/com_side_i/simple_button_fsm_1/U0/FSM_onehot_state_reg[0]/D
  -------------------------------------------------------------------    -------------------

                         (clock CLK12_I rise edge)    0.000     0.000 r  
    H11                                               0.000     0.000 r  CLK12_I (IN)
                         net (fo=0)                   0.000     0.000    CLK12_I
    H11                  IBUF (Prop_ibuf_I_O)         0.393     0.393 r  CLK12_I_IBUF_inst/O
                         net (fo=13, routed)          0.986     1.380    main_top_i/com_side_wrapper_0/U0/com_side_i/simple_button_fsm_1/U0/clk
    SLICE_X29Y11         FDRE                                         r  main_top_i/com_side_wrapper_0/U0/com_side_i/simple_button_fsm_1/U0/FSM_onehot_state_reg[0]/C
                         clock pessimism             -0.320     1.059    
    SLICE_X29Y11         FDRE (Hold_fdre_C_D)         0.092     1.151    main_top_i/com_side_wrapper_0/U0/com_side_i/simple_button_fsm_1/U0/FSM_onehot_state_reg[0]
  -------------------------------------------------------------------
                         required time                         -1.151    
                         arrival time                           1.370    
  -------------------------------------------------------------------
                         slack                                  0.219    

Slack (MET) :             0.246ns  (arrival time - required time)
  Source:                 main_top_i/com_side_wrapper_0/U0/com_side_i/simple_button_fsm_2/U0/FSM_onehot_state_reg[0]/C
                            (rising edge-triggered cell FDRE clocked by CLK12_I  {rise@0.000ns fall@41.166ns period=83.333ns})
  Destination:            main_top_i/com_side_wrapper_0/U0/com_side_i/simple_button_fsm_2/U0/FSM_onehot_state_reg[2]/D
                            (rising edge-triggered cell FDRE clocked by CLK12_I  {rise@0.000ns fall@41.166ns period=83.333ns})
  Path Group:             CLK12_I
  Path Type:              Hold (Min at Fast Process Corner)
  Requirement:            0.000ns  (CLK12_I rise@0.000ns - CLK12_I rise@0.000ns)
  Data Path Delay:        0.353ns  (logic 0.184ns (52.094%)  route 0.169ns (47.906%))
  Logic Levels:           1  (LUT5=1)
  Clock Path Skew:        0.000ns (DCD - SCD - CPR)
    Destination Clock Delay (DCD):    1.402ns
    Source Clock Delay      (SCD):    1.080ns
    Clock Pessimism Removal (CPR):    0.322ns

    Location             Delay type                Incr(ns)  Path(ns)    Netlist Resource(s)
  -------------------------------------------------------------------    -------------------
                         (clock CLK12_I rise edge)    0.000     0.000 r  
    H11                                               0.000     0.000 r  CLK12_I (IN)
                         net (fo=0)                   0.000     0.000    CLK12_I
    H11                  IBUF (Prop_ibuf_I_O)         0.206     0.206 r  CLK12_I_IBUF_inst/O
                         net (fo=13, routed)          0.874     1.080    main_top_i/com_side_wrapper_0/U0/com_side_i/simple_button_fsm_2/U0/clk
    SLICE_X27Y13         FDRE                                         r  main_top_i/com_side_wrapper_0/U0/com_side_i/simple_button_fsm_2/U0/FSM_onehot_state_reg[0]/C
  -------------------------------------------------------------------    -------------------
    SLICE_X27Y13         FDRE (Prop_fdre_C_Q)         0.141     1.221 r  main_top_i/com_side_wrapper_0/U0/com_side_i/simple_button_fsm_2/U0/FSM_onehot_state_reg[0]/Q
                         net (fo=3, routed)           0.169     1.390    main_top_i/com_side_wrapper_0/U0/com_side_i/simple_button_fsm_2/U0/FSM_onehot_state_reg_n_0_[0]
    SLICE_X27Y13         LUT5 (Prop_lut5_I2_O)        0.043     1.433 r  main_top_i/com_side_wrapper_0/U0/com_side_i/simple_button_fsm_2/U0/FSM_onehot_state[2]_i_1/O
                         net (fo=1, routed)           0.000     1.433    main_top_i/com_side_wrapper_0/U0/com_side_i/simple_button_fsm_2/U0/FSM_onehot_state[2]_i_1_n_0
    SLICE_X27Y13         FDRE                                         r  main_top_i/com_side_wrapper_0/U0/com_side_i/simple_button_fsm_2/U0/FSM_onehot_state_reg[2]/D
  -------------------------------------------------------------------    -------------------

                         (clock CLK12_I rise edge)    0.000     0.000 r  
    H11                                               0.000     0.000 r  CLK12_I (IN)
                         net (fo=0)                   0.000     0.000    CLK12_I
    H11                  IBUF (Prop_ibuf_I_O)         0.393     0.393 r  CLK12_I_IBUF_inst/O
                         net (fo=13, routed)          1.009     1.402    main_top_i/com_side_wrapper_0/U0/com_side_i/simple_button_fsm_2/U0/clk
    SLICE_X27Y13         FDRE                                         r  main_top_i/com_side_wrapper_0/U0/com_side_i/simple_button_fsm_2/U0/FSM_onehot_state_reg[2]/C
                         clock pessimism             -0.322     1.080    
    SLICE_X27Y13         FDRE (Hold_fdre_C_D)         0.107     1.187    main_top_i/com_side_wrapper_0/U0/com_side_i/simple_button_fsm_2/U0/FSM_onehot_state_reg[2]
  -------------------------------------------------------------------
                         required time                         -1.187    
                         arrival time                           1.433    
  -------------------------------------------------------------------
                         slack                                  0.246    

Slack (MET) :             0.255ns  (arrival time - required time)
  Source:                 main_top_i/com_side_wrapper_0/U0/com_side_i/simple_button_fsm_0/U0/FSM_onehot_state_reg[1]/C
                            (rising edge-triggered cell FDRE clocked by CLK12_I  {rise@0.000ns fall@41.166ns period=83.333ns})
  Destination:            main_top_i/com_side_wrapper_0/U0/com_side_i/simple_button_fsm_0/U0/FSM_onehot_state_reg[2]/D
                            (rising edge-triggered cell FDRE clocked by CLK12_I  {rise@0.000ns fall@41.166ns period=83.333ns})
  Path Group:             CLK12_I
  Path Type:              Hold (Min at Fast Process Corner)
  Requirement:            0.000ns  (CLK12_I rise@0.000ns - CLK12_I rise@0.000ns)
  Data Path Delay:        0.362ns  (logic 0.183ns (50.505%)  route 0.179ns (49.495%))
  Logic Levels:           1  (LUT5=1)
  Clock Path Skew:        0.000ns (DCD - SCD - CPR)
    Destination Clock Delay (DCD):    1.380ns
    Source Clock Delay      (SCD):    1.059ns
    Clock Pessimism Removal (CPR):    0.320ns

    Location             Delay type                Incr(ns)  Path(ns)    Netlist Resource(s)
  -------------------------------------------------------------------    -------------------
                         (clock CLK12_I rise edge)    0.000     0.000 r  
    H11                                               0.000     0.000 r  CLK12_I (IN)
                         net (fo=0)                   0.000     0.000    CLK12_I
    H11                  IBUF (Prop_ibuf_I_O)         0.206     0.206 r  CLK12_I_IBUF_inst/O
                         net (fo=13, routed)          0.853     1.059    main_top_i/com_side_wrapper_0/U0/com_side_i/simple_button_fsm_0/U0/clk
    SLICE_X29Y11         FDRE                                         r  main_top_i/com_side_wrapper_0/U0/com_side_i/simple_button_fsm_0/U0/FSM_onehot_state_reg[1]/C
  -------------------------------------------------------------------    -------------------
    SLICE_X29Y11         FDRE (Prop_fdre_C_Q)         0.141     1.200 r  main_top_i/com_side_wrapper_0/U0/com_side_i/simple_button_fsm_0/U0/FSM_onehot_state_reg[1]/Q
                         net (fo=4, routed)           0.179     1.380    main_top_i/com_side_wrapper_0/U0/com_side_i/simple_button_fsm_0/U0/FSM_onehot_state_reg[1]_0
    SLICE_X29Y11         LUT5 (Prop_lut5_I0_O)        0.042     1.422 r  main_top_i/com_side_wrapper_0/U0/com_side_i/simple_button_fsm_0/U0/FSM_onehot_state[2]_i_1/O
                         net (fo=1, routed)           0.000     1.422    main_top_i/com_side_wrapper_0/U0/com_side_i/simple_button_fsm_0/U0/FSM_onehot_state[2]_i_1_n_0
    SLICE_X29Y11         FDRE                                         r  main_top_i/com_side_wrapper_0/U0/com_side_i/simple_button_fsm_0/U0/FSM_onehot_state_reg[2]/D
  -------------------------------------------------------------------    -------------------

                         (clock CLK12_I rise edge)    0.000     0.000 r  
    H11                                               0.000     0.000 r  CLK12_I (IN)
                         net (fo=0)                   0.000     0.000    CLK12_I
    H11                  IBUF (Prop_ibuf_I_O)         0.393     0.393 r  CLK12_I_IBUF_inst/O
                         net (fo=13, routed)          0.986     1.380    main_top_i/com_side_wrapper_0/U0/com_side_i/simple_button_fsm_0/U0/clk
    SLICE_X29Y11         FDRE                                         r  main_top_i/com_side_wrapper_0/U0/com_side_i/simple_button_fsm_0/U0/FSM_onehot_state_reg[2]/C
                         clock pessimism             -0.320     1.059    
    SLICE_X29Y11         FDRE (Hold_fdre_C_D)         0.107     1.166    main_top_i/com_side_wrapper_0/U0/com_side_i/simple_button_fsm_0/U0/FSM_onehot_state_reg[2]
  -------------------------------------------------------------------
                         required time                         -1.166    
                         arrival time                           1.422    
  -------------------------------------------------------------------
                         slack                                  0.255    

Slack (MET) :             0.260ns  (arrival time - required time)
  Source:                 main_top_i/com_side_wrapper_0/U0/com_side_i/simple_button_fsm_1/U0/FSM_onehot_state_reg[1]/C
                            (rising edge-triggered cell FDRE clocked by CLK12_I  {rise@0.000ns fall@41.166ns period=83.333ns})
  Destination:            main_top_i/com_side_wrapper_0/U0/com_side_i/simple_button_fsm_1/U0/FSM_onehot_state_reg[2]/D
                            (rising edge-triggered cell FDRE clocked by CLK12_I  {rise@0.000ns fall@41.166ns period=83.333ns})
  Path Group:             CLK12_I
  Path Type:              Hold (Min at Fast Process Corner)
  Requirement:            0.000ns  (CLK12_I rise@0.000ns - CLK12_I rise@0.000ns)
  Data Path Delay:        0.367ns  (logic 0.183ns (49.922%)  route 0.184ns (50.078%))
  Logic Levels:           1  (LUT5=1)
  Clock Path Skew:        0.000ns (DCD - SCD - CPR)
    Destination Clock Delay (DCD):    1.380ns
    Source Clock Delay      (SCD):    1.059ns
    Clock Pessimism Removal (CPR):    0.320ns

    Location             Delay type                Incr(ns)  Path(ns)    Netlist Resource(s)
  -------------------------------------------------------------------    -------------------
                         (clock CLK12_I rise edge)    0.000     0.000 r  
    H11                                               0.000     0.000 r  CLK12_I (IN)
                         net (fo=0)                   0.000     0.000    CLK12_I
    H11                  IBUF (Prop_ibuf_I_O)         0.206     0.206 r  CLK12_I_IBUF_inst/O
                         net (fo=13, routed)          0.853     1.059    main_top_i/com_side_wrapper_0/U0/com_side_i/simple_button_fsm_1/U0/clk
    SLICE_X29Y11         FDRE                                         r  main_top_i/com_side_wrapper_0/U0/com_side_i/simple_button_fsm_1/U0/FSM_onehot_state_reg[1]/C
  -------------------------------------------------------------------    -------------------
    SLICE_X29Y11         FDRE (Prop_fdre_C_Q)         0.141     1.200 r  main_top_i/com_side_wrapper_0/U0/com_side_i/simple_button_fsm_1/U0/FSM_onehot_state_reg[1]/Q
                         net (fo=4, routed)           0.184     1.384    main_top_i/com_side_wrapper_0/U0/com_side_i/simple_button_fsm_1/U0/FSM_onehot_state_reg[1]_0
    SLICE_X29Y11         LUT5 (Prop_lut5_I0_O)        0.042     1.426 r  main_top_i/com_side_wrapper_0/U0/com_side_i/simple_button_fsm_1/U0/FSM_onehot_state[2]_i_1/O
                         net (fo=1, routed)           0.000     1.426    main_top_i/com_side_wrapper_0/U0/com_side_i/simple_button_fsm_1/U0/FSM_onehot_state[2]_i_1_n_0
    SLICE_X29Y11         FDRE                                         r  main_top_i/com_side_wrapper_0/U0/com_side_i/simple_button_fsm_1/U0/FSM_onehot_state_reg[2]/D
  -------------------------------------------------------------------    -------------------

                         (clock CLK12_I rise edge)    0.000     0.000 r  
    H11                                               0.000     0.000 r  CLK12_I (IN)
                         net (fo=0)                   0.000     0.000    CLK12_I
    H11                  IBUF (Prop_ibuf_I_O)         0.393     0.393 r  CLK12_I_IBUF_inst/O
                         net (fo=13, routed)          0.986     1.380    main_top_i/com_side_wrapper_0/U0/com_side_i/simple_button_fsm_1/U0/clk
    SLICE_X29Y11         FDRE                                         r  main_top_i/com_side_wrapper_0/U0/com_side_i/simple_button_fsm_1/U0/FSM_onehot_state_reg[2]/C
                         clock pessimism             -0.320     1.059    
    SLICE_X29Y11         FDRE (Hold_fdre_C_D)         0.107     1.166    main_top_i/com_side_wrapper_0/U0/com_side_i/simple_button_fsm_1/U0/FSM_onehot_state_reg[2]
  -------------------------------------------------------------------
                         required time                         -1.166    
                         arrival time                           1.426    
  -------------------------------------------------------------------
                         slack                                  0.260    

Slack (MET) :             0.262ns  (arrival time - required time)
  Source:                 main_top_i/com_side_wrapper_0/U0/com_side_i/simple_button_fsm_2/U0/FSM_onehot_state_reg[0]/C
                            (rising edge-triggered cell FDRE clocked by CLK12_I  {rise@0.000ns fall@41.166ns period=83.333ns})
  Destination:            main_top_i/com_side_wrapper_0/U0/com_side_i/simple_button_fsm_2/U0/FSM_onehot_state_reg[0]/D
                            (rising edge-triggered cell FDRE clocked by CLK12_I  {rise@0.000ns fall@41.166ns period=83.333ns})
  Path Group:             CLK12_I
  Path Type:              Hold (Min at Fast Process Corner)
  Requirement:            0.000ns  (CLK12_I rise@0.000ns - CLK12_I rise@0.000ns)
  Data Path Delay:        0.353ns  (logic 0.186ns (52.660%)  route 0.167ns (47.340%))
  Logic Levels:           1  (LUT5=1)
  Clock Path Skew:        0.000ns (DCD - SCD - CPR)
    Destination Clock Delay (DCD):    1.402ns
    Source Clock Delay      (SCD):    1.080ns
    Clock Pessimism Removal (CPR):    0.322ns

    Location             Delay type                Incr(ns)  Path(ns)    Netlist Resource(s)
  -------------------------------------------------------------------    -------------------
                         (clock CLK12_I rise edge)    0.000     0.000 r  
    H11                                               0.000     0.000 r  CLK12_I (IN)
                         net (fo=0)                   0.000     0.000    CLK12_I
    H11                  IBUF (Prop_ibuf_I_O)         0.206     0.206 r  CLK12_I_IBUF_inst/O
                         net (fo=13, routed)          0.874     1.080    main_top_i/com_side_wrapper_0/U0/com_side_i/simple_button_fsm_2/U0/clk
    SLICE_X27Y13         FDRE                                         r  main_top_i/com_side_wrapper_0/U0/com_side_i/simple_button_fsm_2/U0/FSM_onehot_state_reg[0]/C
  -------------------------------------------------------------------    -------------------
    SLICE_X27Y13         FDRE (Prop_fdre_C_Q)         0.141     1.221 r  main_top_i/com_side_wrapper_0/U0/com_side_i/simple_button_fsm_2/U0/FSM_onehot_state_reg[0]/Q
                         net (fo=3, routed)           0.167     1.388    main_top_i/com_side_wrapper_0/U0/com_side_i/simple_button_fsm_2/U0/FSM_onehot_state_reg_n_0_[0]
    SLICE_X27Y13         LUT5 (Prop_lut5_I2_O)        0.045     1.433 r  main_top_i/com_side_wrapper_0/U0/com_side_i/simple_button_fsm_2/U0/FSM_onehot_state[0]_i_1/O
                         net (fo=1, routed)           0.000     1.433    main_top_i/com_side_wrapper_0/U0/com_side_i/simple_button_fsm_2/U0/FSM_onehot_state[0]_i_1_n_0
    SLICE_X27Y13         FDRE                                         r  main_top_i/com_side_wrapper_0/U0/com_side_i/simple_button_fsm_2/U0/FSM_onehot_state_reg[0]/D
  -------------------------------------------------------------------    -------------------

                         (clock CLK12_I rise edge)    0.000     0.000 r  
    H11                                               0.000     0.000 r  CLK12_I (IN)
                         net (fo=0)                   0.000     0.000    CLK12_I
    H11                  IBUF (Prop_ibuf_I_O)         0.393     0.393 r  CLK12_I_IBUF_inst/O
                         net (fo=13, routed)          1.009     1.402    main_top_i/com_side_wrapper_0/U0/com_side_i/simple_button_fsm_2/U0/clk
    SLICE_X27Y13         FDRE                                         r  main_top_i/com_side_wrapper_0/U0/com_side_i/simple_button_fsm_2/U0/FSM_onehot_state_reg[0]/C
                         clock pessimism             -0.322     1.080    
    SLICE_X27Y13         FDRE (Hold_fdre_C_D)         0.091     1.171    main_top_i/com_side_wrapper_0/U0/com_side_i/simple_button_fsm_2/U0/FSM_onehot_state_reg[0]
  -------------------------------------------------------------------
                         required time                         -1.171    
                         arrival time                           1.433    
  -------------------------------------------------------------------
                         slack                                  0.262    

Slack (MET) :             0.263ns  (arrival time - required time)
  Source:                 main_top_i/com_side_wrapper_0/U0/com_side_i/simple_button_fsm_2/U0/FSM_onehot_state_reg[0]/C
                            (rising edge-triggered cell FDRE clocked by CLK12_I  {rise@0.000ns fall@41.166ns period=83.333ns})
  Destination:            main_top_i/com_side_wrapper_0/U0/com_side_i/simple_button_fsm_2/U0/FSM_onehot_state_reg[1]/D
                            (rising edge-triggered cell FDRE clocked by CLK12_I  {rise@0.000ns fall@41.166ns period=83.333ns})
  Path Group:             CLK12_I
  Path Type:              Hold (Min at Fast Process Corner)
  Requirement:            0.000ns  (CLK12_I rise@0.000ns - CLK12_I rise@0.000ns)
  Data Path Delay:        0.355ns  (logic 0.186ns (52.364%)  route 0.169ns (47.636%))
  Logic Levels:           1  (LUT5=1)
  Clock Path Skew:        0.000ns (DCD - SCD - CPR)
    Destination Clock Delay (DCD):    1.402ns
    Source Clock Delay      (SCD):    1.080ns
    Clock Pessimism Removal (CPR):    0.322ns

    Location             Delay type                Incr(ns)  Path(ns)    Netlist Resource(s)
  -------------------------------------------------------------------    -------------------
                         (clock CLK12_I rise edge)    0.000     0.000 r  
    H11                                               0.000     0.000 r  CLK12_I (IN)
                         net (fo=0)                   0.000     0.000    CLK12_I
    H11                  IBUF (Prop_ibuf_I_O)         0.206     0.206 r  CLK12_I_IBUF_inst/O
                         net (fo=13, routed)          0.874     1.080    main_top_i/com_side_wrapper_0/U0/com_side_i/simple_button_fsm_2/U0/clk
    SLICE_X27Y13         FDRE                                         r  main_top_i/com_side_wrapper_0/U0/com_side_i/simple_button_fsm_2/U0/FSM_onehot_state_reg[0]/C
  -------------------------------------------------------------------    -------------------
    SLICE_X27Y13         FDRE (Prop_fdre_C_Q)         0.141     1.221 r  main_top_i/com_side_wrapper_0/U0/com_side_i/simple_button_fsm_2/U0/FSM_onehot_state_reg[0]/Q
                         net (fo=3, routed)           0.169     1.390    main_top_i/com_side_wrapper_0/U0/com_side_i/simple_button_fsm_2/U0/FSM_onehot_state_reg_n_0_[0]
    SLICE_X27Y13         LUT5 (Prop_lut5_I2_O)        0.045     1.435 r  main_top_i/com_side_wrapper_0/U0/com_side_i/simple_button_fsm_2/U0/FSM_onehot_state[1]_i_1/O
                         net (fo=1, routed)           0.000     1.435    main_top_i/com_side_wrapper_0/U0/com_side_i/simple_button_fsm_2/U0/FSM_onehot_state[1]_i_1_n_0
    SLICE_X27Y13         FDRE                                         r  main_top_i/com_side_wrapper_0/U0/com_side_i/simple_button_fsm_2/U0/FSM_onehot_state_reg[1]/D
  -------------------------------------------------------------------    -------------------

                         (clock CLK12_I rise edge)    0.000     0.000 r  
    H11                                               0.000     0.000 r  CLK12_I (IN)
                         net (fo=0)                   0.000     0.000    CLK12_I
    H11                  IBUF (Prop_ibuf_I_O)         0.393     0.393 r  CLK12_I_IBUF_inst/O
                         net (fo=13, routed)          1.009     1.402    main_top_i/com_side_wrapper_0/U0/com_side_i/simple_button_fsm_2/U0/clk
    SLICE_X27Y13         FDRE                                         r  main_top_i/com_side_wrapper_0/U0/com_side_i/simple_button_fsm_2/U0/FSM_onehot_state_reg[1]/C
                         clock pessimism             -0.322     1.080    
    SLICE_X27Y13         FDRE (Hold_fdre_C_D)         0.092     1.172    main_top_i/com_side_wrapper_0/U0/com_side_i/simple_button_fsm_2/U0/FSM_onehot_state_reg[1]
  -------------------------------------------------------------------
                         required time                         -1.172    
                         arrival time                           1.435    
  -------------------------------------------------------------------
                         slack                                  0.263    

Slack (MET) :             0.274ns  (arrival time - required time)
  Source:                 main_top_i/com_side_wrapper_0/U0/com_side_i/simple_button_fsm_0/U0/FSM_onehot_state_reg[1]/C
                            (rising edge-triggered cell FDRE clocked by CLK12_I  {rise@0.000ns fall@41.166ns period=83.333ns})
  Destination:            main_top_i/com_side_wrapper_0/U0/com_side_i/simple_button_fsm_0/U0/FSM_onehot_state_reg[1]/D
                            (rising edge-triggered cell FDRE clocked by CLK12_I  {rise@0.000ns fall@41.166ns period=83.333ns})
  Path Group:             CLK12_I
  Path Type:              Hold (Min at Fast Process Corner)
  Requirement:            0.000ns  (CLK12_I rise@0.000ns - CLK12_I rise@0.000ns)
  Data Path Delay:        0.365ns  (logic 0.186ns (50.911%)  route 0.179ns (49.089%))
  Logic Levels:           1  (LUT5=1)
  Clock Path Skew:        0.000ns (DCD - SCD - CPR)
    Destination Clock Delay (DCD):    1.380ns
    Source Clock Delay      (SCD):    1.059ns
    Clock Pessimism Removal (CPR):    0.320ns

    Location             Delay type                Incr(ns)  Path(ns)    Netlist Resource(s)
  -------------------------------------------------------------------    -------------------
                         (clock CLK12_I rise edge)    0.000     0.000 r  
    H11                                               0.000     0.000 r  CLK12_I (IN)
                         net (fo=0)                   0.000     0.000    CLK12_I
    H11                  IBUF (Prop_ibuf_I_O)         0.206     0.206 r  CLK12_I_IBUF_inst/O
                         net (fo=13, routed)          0.853     1.059    main_top_i/com_side_wrapper_0/U0/com_side_i/simple_button_fsm_0/U0/clk
    SLICE_X29Y11         FDRE                                         r  main_top_i/com_side_wrapper_0/U0/com_side_i/simple_button_fsm_0/U0/FSM_onehot_state_reg[1]/C
  -------------------------------------------------------------------    -------------------
    SLICE_X29Y11         FDRE (Prop_fdre_C_Q)         0.141     1.200 r  main_top_i/com_side_wrapper_0/U0/com_side_i/simple_button_fsm_0/U0/FSM_onehot_state_reg[1]/Q
                         net (fo=4, routed)           0.179     1.380    main_top_i/com_side_wrapper_0/U0/com_side_i/simple_button_fsm_0/U0/FSM_onehot_state_reg[1]_0
    SLICE_X29Y11         LUT5 (Prop_lut5_I0_O)        0.045     1.425 r  main_top_i/com_side_wrapper_0/U0/com_side_i/simple_button_fsm_0/U0/FSM_onehot_state[1]_i_1/O
                         net (fo=1, routed)           0.000     1.425    main_top_i/com_side_wrapper_0/U0/com_side_i/simple_button_fsm_0/U0/FSM_onehot_state[1]_i_1_n_0
    SLICE_X29Y11         FDRE                                         r  main_top_i/com_side_wrapper_0/U0/com_side_i/simple_button_fsm_0/U0/FSM_onehot_state_reg[1]/D
  -------------------------------------------------------------------    -------------------

                         (clock CLK12_I rise edge)    0.000     0.000 r  
    H11                                               0.000     0.000 r  CLK12_I (IN)
                         net (fo=0)                   0.000     0.000    CLK12_I
    H11                  IBUF (Prop_ibuf_I_O)         0.393     0.393 r  CLK12_I_IBUF_inst/O
                         net (fo=13, routed)          0.986     1.380    main_top_i/com_side_wrapper_0/U0/com_side_i/simple_button_fsm_0/U0/clk
    SLICE_X29Y11         FDRE                                         r  main_top_i/com_side_wrapper_0/U0/com_side_i/simple_button_fsm_0/U0/FSM_onehot_state_reg[1]/C
                         clock pessimism             -0.320     1.059    
    SLICE_X29Y11         FDRE (Hold_fdre_C_D)         0.091     1.150    main_top_i/com_side_wrapper_0/U0/com_side_i/simple_button_fsm_0/U0/FSM_onehot_state_reg[1]
  -------------------------------------------------------------------
                         required time                         -1.150    
                         arrival time                           1.425    
  -------------------------------------------------------------------
                         slack                                  0.274    

Slack (MET) :             0.278ns  (arrival time - required time)
  Source:                 main_top_i/com_side_wrapper_0/U0/com_side_i/simple_button_fsm_1/U0/FSM_onehot_state_reg[1]/C
                            (rising edge-triggered cell FDRE clocked by CLK12_I  {rise@0.000ns fall@41.166ns period=83.333ns})
  Destination:            main_top_i/com_side_wrapper_0/U0/com_side_i/simple_button_fsm_1/U0/FSM_onehot_state_reg[1]/D
                            (rising edge-triggered cell FDRE clocked by CLK12_I  {rise@0.000ns fall@41.166ns period=83.333ns})
  Path Group:             CLK12_I
  Path Type:              Hold (Min at Fast Process Corner)
  Requirement:            0.000ns  (CLK12_I rise@0.000ns - CLK12_I rise@0.000ns)
  Data Path Delay:        0.370ns  (logic 0.186ns (50.328%)  route 0.184ns (49.672%))
  Logic Levels:           1  (LUT5=1)
  Clock Path Skew:        0.000ns (DCD - SCD - CPR)
    Destination Clock Delay (DCD):    1.380ns
    Source Clock Delay      (SCD):    1.059ns
    Clock Pessimism Removal (CPR):    0.320ns

    Location             Delay type                Incr(ns)  Path(ns)    Netlist Resource(s)
  -------------------------------------------------------------------    -------------------
                         (clock CLK12_I rise edge)    0.000     0.000 r  
    H11                                               0.000     0.000 r  CLK12_I (IN)
                         net (fo=0)                   0.000     0.000    CLK12_I
    H11                  IBUF (Prop_ibuf_I_O)         0.206     0.206 r  CLK12_I_IBUF_inst/O
                         net (fo=13, routed)          0.853     1.059    main_top_i/com_side_wrapper_0/U0/com_side_i/simple_button_fsm_1/U0/clk
    SLICE_X29Y11         FDRE                                         r  main_top_i/com_side_wrapper_0/U0/com_side_i/simple_button_fsm_1/U0/FSM_onehot_state_reg[1]/C
  -------------------------------------------------------------------    -------------------
    SLICE_X29Y11         FDRE (Prop_fdre_C_Q)         0.141     1.200 r  main_top_i/com_side_wrapper_0/U0/com_side_i/simple_button_fsm_1/U0/FSM_onehot_state_reg[1]/Q
                         net (fo=4, routed)           0.184     1.384    main_top_i/com_side_wrapper_0/U0/com_side_i/simple_button_fsm_1/U0/FSM_onehot_state_reg[1]_0
    SLICE_X29Y11         LUT5 (Prop_lut5_I0_O)        0.045     1.429 r  main_top_i/com_side_wrapper_0/U0/com_side_i/simple_button_fsm_1/U0/FSM_onehot_state[1]_i_1/O
                         net (fo=1, routed)           0.000     1.429    main_top_i/com_side_wrapper_0/U0/com_side_i/simple_button_fsm_1/U0/FSM_onehot_state[1]_i_1_n_0
    SLICE_X29Y11         FDRE                                         r  main_top_i/com_side_wrapper_0/U0/com_side_i/simple_button_fsm_1/U0/FSM_onehot_state_reg[1]/D
  -------------------------------------------------------------------    -------------------

                         (clock CLK12_I rise edge)    0.000     0.000 r  
    H11                                               0.000     0.000 r  CLK12_I (IN)
                         net (fo=0)                   0.000     0.000    CLK12_I
    H11                  IBUF (Prop_ibuf_I_O)         0.393     0.393 r  CLK12_I_IBUF_inst/O
                         net (fo=13, routed)          0.986     1.380    main_top_i/com_side_wrapper_0/U0/com_side_i/simple_button_fsm_1/U0/clk
    SLICE_X29Y11         FDRE                                         r  main_top_i/com_side_wrapper_0/U0/com_side_i/simple_button_fsm_1/U0/FSM_onehot_state_reg[1]/C
                         clock pessimism             -0.320     1.059    
    SLICE_X29Y11         FDRE (Hold_fdre_C_D)         0.092     1.151    main_top_i/com_side_wrapper_0/U0/com_side_i/simple_button_fsm_1/U0/FSM_onehot_state_reg[1]
  -------------------------------------------------------------------
                         required time                         -1.151    
                         arrival time                           1.429    
  -------------------------------------------------------------------
                         slack                                  0.278    





Pulse Width Checks
--------------------------------------------------------------------------------------
Clock Name:         CLK12_I
Waveform(ns):       { 0.000 41.166 }
Period(ns):         83.333
Sources:            { CLK12_I }

Check Type        Corner  Lib Pin            Reference Pin  Required(ns)  Actual(ns)  Slack(ns)  Location         Pin
Min Period        n/a     MMCME2_ADV/CLKIN1  n/a            1.249         83.333      82.084     MMCME2_ADV_X0Y0  main_top_i/com_side_wrapper_0/U0/com_side_i/block_test_0/Sindri_QLink_top_0/U0/QLINK1/MMCM48_INST/MMCME2_BASE_inst/CLKIN1
Min Period        n/a     FDRE/C             n/a            1.000         83.333      82.333     SLICE_X29Y11     main_top_i/com_side_wrapper_0/U0/com_side_i/simple_button_fsm_0/U0/FSM_onehot_state_reg[0]/C
Min Period        n/a     FDRE/C             n/a            1.000         83.333      82.333     SLICE_X29Y11     main_top_i/com_side_wrapper_0/U0/com_side_i/simple_button_fsm_0/U0/FSM_onehot_state_reg[1]/C
Min Period        n/a     FDRE/C             n/a            1.000         83.333      82.333     SLICE_X29Y11     main_top_i/com_side_wrapper_0/U0/com_side_i/simple_button_fsm_0/U0/FSM_onehot_state_reg[2]/C
Min Period        n/a     FDRE/C             n/a            1.000         83.333      82.333     SLICE_X29Y11     main_top_i/com_side_wrapper_0/U0/com_side_i/simple_button_fsm_1/U0/FSM_onehot_state_reg[0]/C
Min Period        n/a     FDRE/C             n/a            1.000         83.333      82.333     SLICE_X29Y11     main_top_i/com_side_wrapper_0/U0/com_side_i/simple_button_fsm_1/U0/FSM_onehot_state_reg[1]/C
Min Period        n/a     FDRE/C             n/a            1.000         83.333      82.333     SLICE_X29Y11     main_top_i/com_side_wrapper_0/U0/com_side_i/simple_button_fsm_1/U0/FSM_onehot_state_reg[2]/C
Min Period        n/a     FDRE/C             n/a            1.000         83.333      82.333     SLICE_X27Y13     main_top_i/com_side_wrapper_0/U0/com_side_i/simple_button_fsm_2/U0/FSM_onehot_state_reg[0]/C
Min Period        n/a     FDRE/C             n/a            1.000         83.333      82.333     SLICE_X27Y13     main_top_i/com_side_wrapper_0/U0/com_side_i/simple_button_fsm_2/U0/FSM_onehot_state_reg[1]/C
Min Period        n/a     FDRE/C             n/a            1.000         83.333      82.333     SLICE_X27Y13     main_top_i/com_side_wrapper_0/U0/com_side_i/simple_button_fsm_2/U0/FSM_onehot_state_reg[2]/C
Max Period        n/a     MMCME2_ADV/CLKIN1  n/a            100.000       83.333      16.667     MMCME2_ADV_X0Y0  main_top_i/com_side_wrapper_0/U0/com_side_i/block_test_0/Sindri_QLink_top_0/U0/QLINK1/MMCM48_INST/MMCME2_BASE_inst/CLKIN1
Low Pulse Width   Slow    MMCME2_ADV/CLKIN1  n/a            10.000        42.167      32.167     MMCME2_ADV_X0Y0  main_top_i/com_side_wrapper_0/U0/com_side_i/block_test_0/Sindri_QLink_top_0/U0/QLINK1/MMCM48_INST/MMCME2_BASE_inst/CLKIN1
Low Pulse Width   Fast    MMCME2_ADV/CLKIN1  n/a            10.000        42.167      32.167     MMCME2_ADV_X0Y0  main_top_i/com_side_wrapper_0/U0/com_side_i/block_test_0/Sindri_QLink_top_0/U0/QLINK1/MMCM48_INST/MMCME2_BASE_inst/CLKIN1
Low Pulse Width   Slow    FDRE/C             n/a            0.500         42.167      41.667     SLICE_X29Y11     main_top_i/com_side_wrapper_0/U0/com_side_i/simple_button_fsm_0/U0/FSM_onehot_state_reg[0]/C
Low Pulse Width   Fast    FDRE/C             n/a            0.500         42.167      41.667     SLICE_X29Y11     main_top_i/com_side_wrapper_0/U0/com_side_i/simple_button_fsm_0/U0/FSM_onehot_state_reg[0]/C
Low Pulse Width   Slow    FDRE/C             n/a            0.500         42.167      41.667     SLICE_X29Y11     main_top_i/com_side_wrapper_0/U0/com_side_i/simple_button_fsm_0/U0/FSM_onehot_state_reg[1]/C
Low Pulse Width   Fast    FDRE/C             n/a            0.500         42.167      41.667     SLICE_X29Y11     main_top_i/com_side_wrapper_0/U0/com_side_i/simple_button_fsm_0/U0/FSM_onehot_state_reg[1]/C
Low Pulse Width   Slow    FDRE/C             n/a            0.500         42.167      41.667     SLICE_X29Y11     main_top_i/com_side_wrapper_0/U0/com_side_i/simple_button_fsm_0/U0/FSM_onehot_state_reg[2]/C
Low Pulse Width   Fast    FDRE/C             n/a            0.500         42.167      41.667     SLICE_X29Y11     main_top_i/com_side_wrapper_0/U0/com_side_i/simple_button_fsm_0/U0/FSM_onehot_state_reg[2]/C
Low Pulse Width   Slow    FDRE/C             n/a            0.500         42.167      41.667     SLICE_X29Y11     main_top_i/com_side_wrapper_0/U0/com_side_i/simple_button_fsm_1/U0/FSM_onehot_state_reg[0]/C
Low Pulse Width   Fast    FDRE/C             n/a            0.500         42.167      41.667     SLICE_X29Y11     main_top_i/com_side_wrapper_0/U0/com_side_i/simple_button_fsm_1/U0/FSM_onehot_state_reg[0]/C
High Pulse Width  Slow    MMCME2_ADV/CLKIN1  n/a            10.000        41.166      31.166     MMCME2_ADV_X0Y0  main_top_i/com_side_wrapper_0/U0/com_side_i/block_test_0/Sindri_QLink_top_0/U0/QLINK1/MMCM48_INST/MMCME2_BASE_inst/CLKIN1
High Pulse Width  Fast    MMCME2_ADV/CLKIN1  n/a            10.000        41.166      31.166     MMCME2_ADV_X0Y0  main_top_i/com_side_wrapper_0/U0/com_side_i/block_test_0/Sindri_QLink_top_0/U0/QLINK1/MMCM48_INST/MMCME2_BASE_inst/CLKIN1
High Pulse Width  Slow    FDRE/C             n/a            0.500         41.166      40.666     SLICE_X29Y11     main_top_i/com_side_wrapper_0/U0/com_side_i/simple_button_fsm_0/U0/FSM_onehot_state_reg[0]/C
High Pulse Width  Fast    FDRE/C             n/a            0.500         41.166      40.666     SLICE_X29Y11     main_top_i/com_side_wrapper_0/U0/com_side_i/simple_button_fsm_0/U0/FSM_onehot_state_reg[0]/C
High Pulse Width  Slow    FDRE/C             n/a            0.500         41.166      40.666     SLICE_X29Y11     main_top_i/com_side_wrapper_0/U0/com_side_i/simple_button_fsm_0/U0/FSM_onehot_state_reg[1]/C
High Pulse Width  Fast    FDRE/C             n/a            0.500         41.166      40.666     SLICE_X29Y11     main_top_i/com_side_wrapper_0/U0/com_side_i/simple_button_fsm_0/U0/FSM_onehot_state_reg[1]/C
High Pulse Width  Slow    FDRE/C             n/a            0.500         41.166      40.666     SLICE_X29Y11     main_top_i/com_side_wrapper_0/U0/com_side_i/simple_button_fsm_0/U0/FSM_onehot_state_reg[2]/C
High Pulse Width  Fast    FDRE/C             n/a            0.500         41.166      40.666     SLICE_X29Y11     main_top_i/com_side_wrapper_0/U0/com_side_i/simple_button_fsm_0/U0/FSM_onehot_state_reg[2]/C
High Pulse Width  Slow    FDRE/C             n/a            0.500         41.166      40.666     SLICE_X29Y11     main_top_i/com_side_wrapper_0/U0/com_side_i/simple_button_fsm_1/U0/FSM_onehot_state_reg[0]/C
High Pulse Width  Fast    FDRE/C             n/a            0.500         41.166      40.666     SLICE_X29Y11     main_top_i/com_side_wrapper_0/U0/com_side_i/simple_button_fsm_1/U0/FSM_onehot_state_reg[0]/C



---------------------------------------------------------------------------------------------------
From Clock:  clk_feedback
  To Clock:  clk_feedback

Setup :           NA  Failing Endpoints,  Worst Slack           NA  ,  Total Violation           NA
Hold  :           NA  Failing Endpoints,  Worst Slack           NA  ,  Total Violation           NA
PW    :            0  Failing Endpoints,  Worst Slack       16.667ns,  Total Violation        0.000ns
---------------------------------------------------------------------------------------------------


Pulse Width Checks
--------------------------------------------------------------------------------------
Clock Name:         clk_feedback
Waveform(ns):       { 0.000 41.667 }
Period(ns):         83.333
Sources:            { main_top_i/com_side_wrapper_0/U0/com_side_i/block_test_0/Sindri_QLink_top_0/U0/QLINK1/MMCM48_INST/MMCME2_BASE_inst/CLKFBOUT }

Check Type  Corner  Lib Pin              Reference Pin  Required(ns)  Actual(ns)  Slack(ns)  Location         Pin
Min Period  n/a     MMCME2_ADV/CLKFBOUT  n/a            1.249         83.333      82.084     MMCME2_ADV_X0Y0  main_top_i/com_side_wrapper_0/U0/com_side_i/block_test_0/Sindri_QLink_top_0/U0/QLINK1/MMCM48_INST/MMCME2_BASE_inst/CLKFBOUT
Min Period  n/a     MMCME2_ADV/CLKFBIN   n/a            1.249         83.333      82.084     MMCME2_ADV_X0Y0  main_top_i/com_side_wrapper_0/U0/com_side_i/block_test_0/Sindri_QLink_top_0/U0/QLINK1/MMCM48_INST/MMCME2_BASE_inst/CLKFBIN
Max Period  n/a     MMCME2_ADV/CLKFBIN   n/a            100.000       83.333      16.667     MMCME2_ADV_X0Y0  main_top_i/com_side_wrapper_0/U0/com_side_i/block_test_0/Sindri_QLink_top_0/U0/QLINK1/MMCM48_INST/MMCME2_BASE_inst/CLKFBIN
Max Period  n/a     MMCME2_ADV/CLKFBOUT  n/a            213.360       83.333      130.027    MMCME2_ADV_X0Y0  main_top_i/com_side_wrapper_0/U0/com_side_i/block_test_0/Sindri_QLink_top_0/U0/QLINK1/MMCM48_INST/MMCME2_BASE_inst/CLKFBOUT



---------------------------------------------------------------------------------------------------
From Clock:  com_side_wrapper_0_qlink_clk_o
  To Clock:  com_side_wrapper_0_qlink_clk_o

Setup :            0  Failing Endpoints,  Worst Slack       13.863ns,  Total Violation        0.000ns
Hold  :            0  Failing Endpoints,  Worst Slack        0.060ns,  Total Violation        0.000ns
PW    :            0  Failing Endpoints,  Worst Slack        9.437ns,  Total Violation        0.000ns
---------------------------------------------------------------------------------------------------


Max Delay Paths
--------------------------------------------------------------------------------------
Slack (MET) :             13.863ns  (required time - arrival time)
  Source:                 main_top_i/com_side_wrapper_0/U0/com_side_i/block_test_0/Sindri_QLink_top_0/U0/QLINK1/U1/nxt_data_reg[3]/C
                            (rising edge-triggered cell FDRE clocked by com_side_wrapper_0_qlink_clk_o  {rise@0.000ns fall@10.417ns period=20.833ns})
  Destination:            main_top_i/com_side_wrapper_0/U0/com_side_i/block_test_0/Sindri_QLink_top_0/U0/QLINK1/data32_reg[24]/CE
                            (rising edge-triggered cell FDRE clocked by com_side_wrapper_0_qlink_clk_o  {rise@0.000ns fall@10.417ns period=20.833ns})
  Path Group:             com_side_wrapper_0_qlink_clk_o
  Path Type:              Setup (Max at Slow Process Corner)
  Requirement:            20.833ns  (com_side_wrapper_0_qlink_clk_o rise@20.833ns - com_side_wrapper_0_qlink_clk_o rise@0.000ns)
  Data Path Delay:        6.287ns  (logic 1.210ns (19.245%)  route 5.077ns (80.755%))
  Logic Levels:           4  (LUT3=1 LUT4=2 LUT6=1)
  Clock Path Skew:        -0.033ns (DCD - SCD + CPR)
    Destination Clock Delay (DCD):    5.824ns = ( 26.657 - 20.833 ) 
    Source Clock Delay      (SCD):    6.168ns
    Clock Pessimism Removal (CPR):    0.311ns
  Clock Uncertainty:      0.243ns  ((TSJ^2 + DJ^2)^1/2) / 2 + PE
    Total System Jitter     (TSJ):    0.071ns
    Discrete Jitter          (DJ):    0.481ns
    Phase Error              (PE):    0.000ns

    Location             Delay type                Incr(ns)  Path(ns)    Netlist Resource(s)
  -------------------------------------------------------------------    -------------------
                         (clock com_side_wrapper_0_qlink_clk_o rise edge)
                                                      0.000     0.000 r  
    H11                                               0.000     0.000 r  CLK12_I (IN)
                         net (fo=0)                   0.000     0.000    CLK12_I
    H11                  IBUF (Prop_ibuf_I_O)         1.438     1.438 r  CLK12_I_IBUF_inst/O
                         net (fo=13, routed)          1.233     2.671    main_top_i/com_side_wrapper_0/U0/com_side_i/block_test_0/Sindri_QLink_top_0/U0/QLINK1/MMCM48_INST/CLK12_I
    MMCME2_ADV_X0Y0      MMCME2_ADV (Prop_mmcme2_adv_CLKIN1_CLKOUT0)
                                                      0.088     2.759 r  main_top_i/com_side_wrapper_0/U0/com_side_i/block_test_0/Sindri_QLink_top_0/U0/QLINK1/MMCM48_INST/MMCME2_BASE_inst/CLKOUT0
                         net (fo=1, routed)           1.622     4.381    main_top_i/com_side_wrapper_0/U0/com_side_i/block_test_0/Sindri_QLink_top_0/U0/QLINK1/MMCM48_INST/CLK
    BUFGCTRL_X0Y2        BUFG (Prop_bufg_I_O)         0.096     4.477 r  main_top_i/com_side_wrapper_0/U0/com_side_i/block_test_0/Sindri_QLink_top_0/U0/QLINK1/MMCM48_INST/CLK_BUFG_inst/O
                         net (fo=268, routed)         1.690     6.168    main_top_i/com_side_wrapper_0/U0/com_side_i/block_test_0/Sindri_QLink_top_0/U0/QLINK1/U1/CLK
    SLICE_X37Y18         FDRE                                         r  main_top_i/com_side_wrapper_0/U0/com_side_i/block_test_0/Sindri_QLink_top_0/U0/QLINK1/U1/nxt_data_reg[3]/C
  -------------------------------------------------------------------    -------------------
    SLICE_X37Y18         FDRE (Prop_fdre_C_Q)         0.456     6.624 f  main_top_i/com_side_wrapper_0/U0/com_side_i/block_test_0/Sindri_QLink_top_0/U0/QLINK1/U1/nxt_data_reg[3]/Q
                         net (fo=12, routed)          0.904     7.527    main_top_i/com_side_wrapper_0/U0/com_side_i/block_test_0/Sindri_QLink_top_0/U0/QLINK1/U1/dec_data[3]
    SLICE_X36Y18         LUT4 (Prop_lut4_I1_O)        0.152     7.679 r  main_top_i/com_side_wrapper_0/U0/com_side_i/block_test_0/Sindri_QLink_top_0/U0/QLINK1/U1/adr[7]_i_4/O
                         net (fo=5, routed)           0.830     8.509    main_top_i/com_side_wrapper_0/U0/com_side_i/block_test_0/Sindri_QLink_top_0/U0/QLINK1/U1/adr[7]_i_4_n_0
    SLICE_X35Y18         LUT4 (Prop_lut4_I0_O)        0.326     8.835 r  main_top_i/com_side_wrapper_0/U0/com_side_i/block_test_0/Sindri_QLink_top_0/U0/QLINK1/U1/FSM_onehot_rx_state[17]_i_4/O
                         net (fo=1, routed)           0.433     9.268    main_top_i/com_side_wrapper_0/U0/com_side_i/block_test_0/Sindri_QLink_top_0/U0/QLINK1/U1/FSM_onehot_rx_state[17]_i_4_n_0
    SLICE_X35Y18         LUT6 (Prop_lut6_I4_O)        0.124     9.392 r  main_top_i/com_side_wrapper_0/U0/com_side_i/block_test_0/Sindri_QLink_top_0/U0/QLINK1/U1/FSM_onehot_rx_state[17]_i_2/O
                         net (fo=22, routed)          2.191    11.583    main_top_i/com_side_wrapper_0/U0/com_side_i/block_test_0/Sindri_QLink_top_0/U0/QLINK1/U1/FSM_onehot_rx_state[17]_i_2_n_0
    SLICE_X29Y9          LUT3 (Prop_lut3_I1_O)        0.152    11.735 r  main_top_i/com_side_wrapper_0/U0/com_side_i/block_test_0/Sindri_QLink_top_0/U0/QLINK1/U1/data32[27]_i_1/O
                         net (fo=4, routed)           0.720    12.455    main_top_i/com_side_wrapper_0/U0/com_side_i/block_test_0/Sindri_QLink_top_0/U0/QLINK1/U1_n_60
    SLICE_X32Y9          FDRE                                         r  main_top_i/com_side_wrapper_0/U0/com_side_i/block_test_0/Sindri_QLink_top_0/U0/QLINK1/data32_reg[24]/CE
  -------------------------------------------------------------------    -------------------

                         (clock com_side_wrapper_0_qlink_clk_o rise edge)
                                                     20.833    20.833 r  
    H11                                               0.000    20.833 r  CLK12_I (IN)
                         net (fo=0)                   0.000    20.833    CLK12_I
    H11                  IBUF (Prop_ibuf_I_O)         1.368    22.201 r  CLK12_I_IBUF_inst/O
                         net (fo=13, routed)          1.162    23.363    main_top_i/com_side_wrapper_0/U0/com_side_i/block_test_0/Sindri_QLink_top_0/U0/QLINK1/MMCM48_INST/CLK12_I
    MMCME2_ADV_X0Y0      MMCME2_ADV (Prop_mmcme2_adv_CLKIN1_CLKOUT0)
                                                      0.083    23.446 r  main_top_i/com_side_wrapper_0/U0/com_side_i/block_test_0/Sindri_QLink_top_0/U0/QLINK1/MMCM48_INST/MMCME2_BASE_inst/CLKOUT0
                         net (fo=1, routed)           1.543    24.989    main_top_i/com_side_wrapper_0/U0/com_side_i/block_test_0/Sindri_QLink_top_0/U0/QLINK1/MMCM48_INST/CLK
    BUFGCTRL_X0Y2        BUFG (Prop_bufg_I_O)         0.091    25.080 r  main_top_i/com_side_wrapper_0/U0/com_side_i/block_test_0/Sindri_QLink_top_0/U0/QLINK1/MMCM48_INST/CLK_BUFG_inst/O
                         net (fo=268, routed)         1.577    26.657    main_top_i/com_side_wrapper_0/U0/com_side_i/block_test_0/Sindri_QLink_top_0/U0/QLINK1/CLK
    SLICE_X32Y9          FDRE                                         r  main_top_i/com_side_wrapper_0/U0/com_side_i/block_test_0/Sindri_QLink_top_0/U0/QLINK1/data32_reg[24]/C
                         clock pessimism              0.311    26.968    
                         clock uncertainty           -0.243    26.725    
    SLICE_X32Y9          FDRE (Setup_fdre_C_CE)      -0.407    26.318    main_top_i/com_side_wrapper_0/U0/com_side_i/block_test_0/Sindri_QLink_top_0/U0/QLINK1/data32_reg[24]
  -------------------------------------------------------------------
                         required time                         26.318    
                         arrival time                         -12.455    
  -------------------------------------------------------------------
                         slack                                 13.863    

Slack (MET) :             13.863ns  (required time - arrival time)
  Source:                 main_top_i/com_side_wrapper_0/U0/com_side_i/block_test_0/Sindri_QLink_top_0/U0/QLINK1/U1/nxt_data_reg[3]/C
                            (rising edge-triggered cell FDRE clocked by com_side_wrapper_0_qlink_clk_o  {rise@0.000ns fall@10.417ns period=20.833ns})
  Destination:            main_top_i/com_side_wrapper_0/U0/com_side_i/block_test_0/Sindri_QLink_top_0/U0/QLINK1/data32_reg[25]/CE
                            (rising edge-triggered cell FDRE clocked by com_side_wrapper_0_qlink_clk_o  {rise@0.000ns fall@10.417ns period=20.833ns})
  Path Group:             com_side_wrapper_0_qlink_clk_o
  Path Type:              Setup (Max at Slow Process Corner)
  Requirement:            20.833ns  (com_side_wrapper_0_qlink_clk_o rise@20.833ns - com_side_wrapper_0_qlink_clk_o rise@0.000ns)
  Data Path Delay:        6.287ns  (logic 1.210ns (19.245%)  route 5.077ns (80.755%))
  Logic Levels:           4  (LUT3=1 LUT4=2 LUT6=1)
  Clock Path Skew:        -0.033ns (DCD - SCD + CPR)
    Destination Clock Delay (DCD):    5.824ns = ( 26.657 - 20.833 ) 
    Source Clock Delay      (SCD):    6.168ns
    Clock Pessimism Removal (CPR):    0.311ns
  Clock Uncertainty:      0.243ns  ((TSJ^2 + DJ^2)^1/2) / 2 + PE
    Total System Jitter     (TSJ):    0.071ns
    Discrete Jitter          (DJ):    0.481ns
    Phase Error              (PE):    0.000ns

    Location             Delay type                Incr(ns)  Path(ns)    Netlist Resource(s)
  -------------------------------------------------------------------    -------------------
                         (clock com_side_wrapper_0_qlink_clk_o rise edge)
                                                      0.000     0.000 r  
    H11                                               0.000     0.000 r  CLK12_I (IN)
                         net (fo=0)                   0.000     0.000    CLK12_I
    H11                  IBUF (Prop_ibuf_I_O)         1.438     1.438 r  CLK12_I_IBUF_inst/O
                         net (fo=13, routed)          1.233     2.671    main_top_i/com_side_wrapper_0/U0/com_side_i/block_test_0/Sindri_QLink_top_0/U0/QLINK1/MMCM48_INST/CLK12_I
    MMCME2_ADV_X0Y0      MMCME2_ADV (Prop_mmcme2_adv_CLKIN1_CLKOUT0)
                                                      0.088     2.759 r  main_top_i/com_side_wrapper_0/U0/com_side_i/block_test_0/Sindri_QLink_top_0/U0/QLINK1/MMCM48_INST/MMCME2_BASE_inst/CLKOUT0
                         net (fo=1, routed)           1.622     4.381    main_top_i/com_side_wrapper_0/U0/com_side_i/block_test_0/Sindri_QLink_top_0/U0/QLINK1/MMCM48_INST/CLK
    BUFGCTRL_X0Y2        BUFG (Prop_bufg_I_O)         0.096     4.477 r  main_top_i/com_side_wrapper_0/U0/com_side_i/block_test_0/Sindri_QLink_top_0/U0/QLINK1/MMCM48_INST/CLK_BUFG_inst/O
                         net (fo=268, routed)         1.690     6.168    main_top_i/com_side_wrapper_0/U0/com_side_i/block_test_0/Sindri_QLink_top_0/U0/QLINK1/U1/CLK
    SLICE_X37Y18         FDRE                                         r  main_top_i/com_side_wrapper_0/U0/com_side_i/block_test_0/Sindri_QLink_top_0/U0/QLINK1/U1/nxt_data_reg[3]/C
  -------------------------------------------------------------------    -------------------
    SLICE_X37Y18         FDRE (Prop_fdre_C_Q)         0.456     6.624 f  main_top_i/com_side_wrapper_0/U0/com_side_i/block_test_0/Sindri_QLink_top_0/U0/QLINK1/U1/nxt_data_reg[3]/Q
                         net (fo=12, routed)          0.904     7.527    main_top_i/com_side_wrapper_0/U0/com_side_i/block_test_0/Sindri_QLink_top_0/U0/QLINK1/U1/dec_data[3]
    SLICE_X36Y18         LUT4 (Prop_lut4_I1_O)        0.152     7.679 r  main_top_i/com_side_wrapper_0/U0/com_side_i/block_test_0/Sindri_QLink_top_0/U0/QLINK1/U1/adr[7]_i_4/O
                         net (fo=5, routed)           0.830     8.509    main_top_i/com_side_wrapper_0/U0/com_side_i/block_test_0/Sindri_QLink_top_0/U0/QLINK1/U1/adr[7]_i_4_n_0
    SLICE_X35Y18         LUT4 (Prop_lut4_I0_O)        0.326     8.835 r  main_top_i/com_side_wrapper_0/U0/com_side_i/block_test_0/Sindri_QLink_top_0/U0/QLINK1/U1/FSM_onehot_rx_state[17]_i_4/O
                         net (fo=1, routed)           0.433     9.268    main_top_i/com_side_wrapper_0/U0/com_side_i/block_test_0/Sindri_QLink_top_0/U0/QLINK1/U1/FSM_onehot_rx_state[17]_i_4_n_0
    SLICE_X35Y18         LUT6 (Prop_lut6_I4_O)        0.124     9.392 r  main_top_i/com_side_wrapper_0/U0/com_side_i/block_test_0/Sindri_QLink_top_0/U0/QLINK1/U1/FSM_onehot_rx_state[17]_i_2/O
                         net (fo=22, routed)          2.191    11.583    main_top_i/com_side_wrapper_0/U0/com_side_i/block_test_0/Sindri_QLink_top_0/U0/QLINK1/U1/FSM_onehot_rx_state[17]_i_2_n_0
    SLICE_X29Y9          LUT3 (Prop_lut3_I1_O)        0.152    11.735 r  main_top_i/com_side_wrapper_0/U0/com_side_i/block_test_0/Sindri_QLink_top_0/U0/QLINK1/U1/data32[27]_i_1/O
                         net (fo=4, routed)           0.720    12.455    main_top_i/com_side_wrapper_0/U0/com_side_i/block_test_0/Sindri_QLink_top_0/U0/QLINK1/U1_n_60
    SLICE_X32Y9          FDRE                                         r  main_top_i/com_side_wrapper_0/U0/com_side_i/block_test_0/Sindri_QLink_top_0/U0/QLINK1/data32_reg[25]/CE
  -------------------------------------------------------------------    -------------------

                         (clock com_side_wrapper_0_qlink_clk_o rise edge)
                                                     20.833    20.833 r  
    H11                                               0.000    20.833 r  CLK12_I (IN)
                         net (fo=0)                   0.000    20.833    CLK12_I
    H11                  IBUF (Prop_ibuf_I_O)         1.368    22.201 r  CLK12_I_IBUF_inst/O
                         net (fo=13, routed)          1.162    23.363    main_top_i/com_side_wrapper_0/U0/com_side_i/block_test_0/Sindri_QLink_top_0/U0/QLINK1/MMCM48_INST/CLK12_I
    MMCME2_ADV_X0Y0      MMCME2_ADV (Prop_mmcme2_adv_CLKIN1_CLKOUT0)
                                                      0.083    23.446 r  main_top_i/com_side_wrapper_0/U0/com_side_i/block_test_0/Sindri_QLink_top_0/U0/QLINK1/MMCM48_INST/MMCME2_BASE_inst/CLKOUT0
                         net (fo=1, routed)           1.543    24.989    main_top_i/com_side_wrapper_0/U0/com_side_i/block_test_0/Sindri_QLink_top_0/U0/QLINK1/MMCM48_INST/CLK
    BUFGCTRL_X0Y2        BUFG (Prop_bufg_I_O)         0.091    25.080 r  main_top_i/com_side_wrapper_0/U0/com_side_i/block_test_0/Sindri_QLink_top_0/U0/QLINK1/MMCM48_INST/CLK_BUFG_inst/O
                         net (fo=268, routed)         1.577    26.657    main_top_i/com_side_wrapper_0/U0/com_side_i/block_test_0/Sindri_QLink_top_0/U0/QLINK1/CLK
    SLICE_X32Y9          FDRE                                         r  main_top_i/com_side_wrapper_0/U0/com_side_i/block_test_0/Sindri_QLink_top_0/U0/QLINK1/data32_reg[25]/C
                         clock pessimism              0.311    26.968    
                         clock uncertainty           -0.243    26.725    
    SLICE_X32Y9          FDRE (Setup_fdre_C_CE)      -0.407    26.318    main_top_i/com_side_wrapper_0/U0/com_side_i/block_test_0/Sindri_QLink_top_0/U0/QLINK1/data32_reg[25]
  -------------------------------------------------------------------
                         required time                         26.318    
                         arrival time                         -12.455    
  -------------------------------------------------------------------
                         slack                                 13.863    

Slack (MET) :             13.863ns  (required time - arrival time)
  Source:                 main_top_i/com_side_wrapper_0/U0/com_side_i/block_test_0/Sindri_QLink_top_0/U0/QLINK1/U1/nxt_data_reg[3]/C
                            (rising edge-triggered cell FDRE clocked by com_side_wrapper_0_qlink_clk_o  {rise@0.000ns fall@10.417ns period=20.833ns})
  Destination:            main_top_i/com_side_wrapper_0/U0/com_side_i/block_test_0/Sindri_QLink_top_0/U0/QLINK1/data32_reg[26]/CE
                            (rising edge-triggered cell FDRE clocked by com_side_wrapper_0_qlink_clk_o  {rise@0.000ns fall@10.417ns period=20.833ns})
  Path Group:             com_side_wrapper_0_qlink_clk_o
  Path Type:              Setup (Max at Slow Process Corner)
  Requirement:            20.833ns  (com_side_wrapper_0_qlink_clk_o rise@20.833ns - com_side_wrapper_0_qlink_clk_o rise@0.000ns)
  Data Path Delay:        6.287ns  (logic 1.210ns (19.245%)  route 5.077ns (80.755%))
  Logic Levels:           4  (LUT3=1 LUT4=2 LUT6=1)
  Clock Path Skew:        -0.033ns (DCD - SCD + CPR)
    Destination Clock Delay (DCD):    5.824ns = ( 26.657 - 20.833 ) 
    Source Clock Delay      (SCD):    6.168ns
    Clock Pessimism Removal (CPR):    0.311ns
  Clock Uncertainty:      0.243ns  ((TSJ^2 + DJ^2)^1/2) / 2 + PE
    Total System Jitter     (TSJ):    0.071ns
    Discrete Jitter          (DJ):    0.481ns
    Phase Error              (PE):    0.000ns

    Location             Delay type                Incr(ns)  Path(ns)    Netlist Resource(s)
  -------------------------------------------------------------------    -------------------
                         (clock com_side_wrapper_0_qlink_clk_o rise edge)
                                                      0.000     0.000 r  
    H11                                               0.000     0.000 r  CLK12_I (IN)
                         net (fo=0)                   0.000     0.000    CLK12_I
    H11                  IBUF (Prop_ibuf_I_O)         1.438     1.438 r  CLK12_I_IBUF_inst/O
                         net (fo=13, routed)          1.233     2.671    main_top_i/com_side_wrapper_0/U0/com_side_i/block_test_0/Sindri_QLink_top_0/U0/QLINK1/MMCM48_INST/CLK12_I
    MMCME2_ADV_X0Y0      MMCME2_ADV (Prop_mmcme2_adv_CLKIN1_CLKOUT0)
                                                      0.088     2.759 r  main_top_i/com_side_wrapper_0/U0/com_side_i/block_test_0/Sindri_QLink_top_0/U0/QLINK1/MMCM48_INST/MMCME2_BASE_inst/CLKOUT0
                         net (fo=1, routed)           1.622     4.381    main_top_i/com_side_wrapper_0/U0/com_side_i/block_test_0/Sindri_QLink_top_0/U0/QLINK1/MMCM48_INST/CLK
    BUFGCTRL_X0Y2        BUFG (Prop_bufg_I_O)         0.096     4.477 r  main_top_i/com_side_wrapper_0/U0/com_side_i/block_test_0/Sindri_QLink_top_0/U0/QLINK1/MMCM48_INST/CLK_BUFG_inst/O
                         net (fo=268, routed)         1.690     6.168    main_top_i/com_side_wrapper_0/U0/com_side_i/block_test_0/Sindri_QLink_top_0/U0/QLINK1/U1/CLK
    SLICE_X37Y18         FDRE                                         r  main_top_i/com_side_wrapper_0/U0/com_side_i/block_test_0/Sindri_QLink_top_0/U0/QLINK1/U1/nxt_data_reg[3]/C
  -------------------------------------------------------------------    -------------------
    SLICE_X37Y18         FDRE (Prop_fdre_C_Q)         0.456     6.624 f  main_top_i/com_side_wrapper_0/U0/com_side_i/block_test_0/Sindri_QLink_top_0/U0/QLINK1/U1/nxt_data_reg[3]/Q
                         net (fo=12, routed)          0.904     7.527    main_top_i/com_side_wrapper_0/U0/com_side_i/block_test_0/Sindri_QLink_top_0/U0/QLINK1/U1/dec_data[3]
    SLICE_X36Y18         LUT4 (Prop_lut4_I1_O)        0.152     7.679 r  main_top_i/com_side_wrapper_0/U0/com_side_i/block_test_0/Sindri_QLink_top_0/U0/QLINK1/U1/adr[7]_i_4/O
                         net (fo=5, routed)           0.830     8.509    main_top_i/com_side_wrapper_0/U0/com_side_i/block_test_0/Sindri_QLink_top_0/U0/QLINK1/U1/adr[7]_i_4_n_0
    SLICE_X35Y18         LUT4 (Prop_lut4_I0_O)        0.326     8.835 r  main_top_i/com_side_wrapper_0/U0/com_side_i/block_test_0/Sindri_QLink_top_0/U0/QLINK1/U1/FSM_onehot_rx_state[17]_i_4/O
                         net (fo=1, routed)           0.433     9.268    main_top_i/com_side_wrapper_0/U0/com_side_i/block_test_0/Sindri_QLink_top_0/U0/QLINK1/U1/FSM_onehot_rx_state[17]_i_4_n_0
    SLICE_X35Y18         LUT6 (Prop_lut6_I4_O)        0.124     9.392 r  main_top_i/com_side_wrapper_0/U0/com_side_i/block_test_0/Sindri_QLink_top_0/U0/QLINK1/U1/FSM_onehot_rx_state[17]_i_2/O
                         net (fo=22, routed)          2.191    11.583    main_top_i/com_side_wrapper_0/U0/com_side_i/block_test_0/Sindri_QLink_top_0/U0/QLINK1/U1/FSM_onehot_rx_state[17]_i_2_n_0
    SLICE_X29Y9          LUT3 (Prop_lut3_I1_O)        0.152    11.735 r  main_top_i/com_side_wrapper_0/U0/com_side_i/block_test_0/Sindri_QLink_top_0/U0/QLINK1/U1/data32[27]_i_1/O
                         net (fo=4, routed)           0.720    12.455    main_top_i/com_side_wrapper_0/U0/com_side_i/block_test_0/Sindri_QLink_top_0/U0/QLINK1/U1_n_60
    SLICE_X32Y9          FDRE                                         r  main_top_i/com_side_wrapper_0/U0/com_side_i/block_test_0/Sindri_QLink_top_0/U0/QLINK1/data32_reg[26]/CE
  -------------------------------------------------------------------    -------------------

                         (clock com_side_wrapper_0_qlink_clk_o rise edge)
                                                     20.833    20.833 r  
    H11                                               0.000    20.833 r  CLK12_I (IN)
                         net (fo=0)                   0.000    20.833    CLK12_I
    H11                  IBUF (Prop_ibuf_I_O)         1.368    22.201 r  CLK12_I_IBUF_inst/O
                         net (fo=13, routed)          1.162    23.363    main_top_i/com_side_wrapper_0/U0/com_side_i/block_test_0/Sindri_QLink_top_0/U0/QLINK1/MMCM48_INST/CLK12_I
    MMCME2_ADV_X0Y0      MMCME2_ADV (Prop_mmcme2_adv_CLKIN1_CLKOUT0)
                                                      0.083    23.446 r  main_top_i/com_side_wrapper_0/U0/com_side_i/block_test_0/Sindri_QLink_top_0/U0/QLINK1/MMCM48_INST/MMCME2_BASE_inst/CLKOUT0
                         net (fo=1, routed)           1.543    24.989    main_top_i/com_side_wrapper_0/U0/com_side_i/block_test_0/Sindri_QLink_top_0/U0/QLINK1/MMCM48_INST/CLK
    BUFGCTRL_X0Y2        BUFG (Prop_bufg_I_O)         0.091    25.080 r  main_top_i/com_side_wrapper_0/U0/com_side_i/block_test_0/Sindri_QLink_top_0/U0/QLINK1/MMCM48_INST/CLK_BUFG_inst/O
                         net (fo=268, routed)         1.577    26.657    main_top_i/com_side_wrapper_0/U0/com_side_i/block_test_0/Sindri_QLink_top_0/U0/QLINK1/CLK
    SLICE_X32Y9          FDRE                                         r  main_top_i/com_side_wrapper_0/U0/com_side_i/block_test_0/Sindri_QLink_top_0/U0/QLINK1/data32_reg[26]/C
                         clock pessimism              0.311    26.968    
                         clock uncertainty           -0.243    26.725    
    SLICE_X32Y9          FDRE (Setup_fdre_C_CE)      -0.407    26.318    main_top_i/com_side_wrapper_0/U0/com_side_i/block_test_0/Sindri_QLink_top_0/U0/QLINK1/data32_reg[26]
  -------------------------------------------------------------------
                         required time                         26.318    
                         arrival time                         -12.455    
  -------------------------------------------------------------------
                         slack                                 13.863    

Slack (MET) :             13.863ns  (required time - arrival time)
  Source:                 main_top_i/com_side_wrapper_0/U0/com_side_i/block_test_0/Sindri_QLink_top_0/U0/QLINK1/U1/nxt_data_reg[3]/C
                            (rising edge-triggered cell FDRE clocked by com_side_wrapper_0_qlink_clk_o  {rise@0.000ns fall@10.417ns period=20.833ns})
  Destination:            main_top_i/com_side_wrapper_0/U0/com_side_i/block_test_0/Sindri_QLink_top_0/U0/QLINK1/data32_reg[27]/CE
                            (rising edge-triggered cell FDRE clocked by com_side_wrapper_0_qlink_clk_o  {rise@0.000ns fall@10.417ns period=20.833ns})
  Path Group:             com_side_wrapper_0_qlink_clk_o
  Path Type:              Setup (Max at Slow Process Corner)
  Requirement:            20.833ns  (com_side_wrapper_0_qlink_clk_o rise@20.833ns - com_side_wrapper_0_qlink_clk_o rise@0.000ns)
  Data Path Delay:        6.287ns  (logic 1.210ns (19.245%)  route 5.077ns (80.755%))
  Logic Levels:           4  (LUT3=1 LUT4=2 LUT6=1)
  Clock Path Skew:        -0.033ns (DCD - SCD + CPR)
    Destination Clock Delay (DCD):    5.824ns = ( 26.657 - 20.833 ) 
    Source Clock Delay      (SCD):    6.168ns
    Clock Pessimism Removal (CPR):    0.311ns
  Clock Uncertainty:      0.243ns  ((TSJ^2 + DJ^2)^1/2) / 2 + PE
    Total System Jitter     (TSJ):    0.071ns
    Discrete Jitter          (DJ):    0.481ns
    Phase Error              (PE):    0.000ns

    Location             Delay type                Incr(ns)  Path(ns)    Netlist Resource(s)
  -------------------------------------------------------------------    -------------------
                         (clock com_side_wrapper_0_qlink_clk_o rise edge)
                                                      0.000     0.000 r  
    H11                                               0.000     0.000 r  CLK12_I (IN)
                         net (fo=0)                   0.000     0.000    CLK12_I
    H11                  IBUF (Prop_ibuf_I_O)         1.438     1.438 r  CLK12_I_IBUF_inst/O
                         net (fo=13, routed)          1.233     2.671    main_top_i/com_side_wrapper_0/U0/com_side_i/block_test_0/Sindri_QLink_top_0/U0/QLINK1/MMCM48_INST/CLK12_I
    MMCME2_ADV_X0Y0      MMCME2_ADV (Prop_mmcme2_adv_CLKIN1_CLKOUT0)
                                                      0.088     2.759 r  main_top_i/com_side_wrapper_0/U0/com_side_i/block_test_0/Sindri_QLink_top_0/U0/QLINK1/MMCM48_INST/MMCME2_BASE_inst/CLKOUT0
                         net (fo=1, routed)           1.622     4.381    main_top_i/com_side_wrapper_0/U0/com_side_i/block_test_0/Sindri_QLink_top_0/U0/QLINK1/MMCM48_INST/CLK
    BUFGCTRL_X0Y2        BUFG (Prop_bufg_I_O)         0.096     4.477 r  main_top_i/com_side_wrapper_0/U0/com_side_i/block_test_0/Sindri_QLink_top_0/U0/QLINK1/MMCM48_INST/CLK_BUFG_inst/O
                         net (fo=268, routed)         1.690     6.168    main_top_i/com_side_wrapper_0/U0/com_side_i/block_test_0/Sindri_QLink_top_0/U0/QLINK1/U1/CLK
    SLICE_X37Y18         FDRE                                         r  main_top_i/com_side_wrapper_0/U0/com_side_i/block_test_0/Sindri_QLink_top_0/U0/QLINK1/U1/nxt_data_reg[3]/C
  -------------------------------------------------------------------    -------------------
    SLICE_X37Y18         FDRE (Prop_fdre_C_Q)         0.456     6.624 f  main_top_i/com_side_wrapper_0/U0/com_side_i/block_test_0/Sindri_QLink_top_0/U0/QLINK1/U1/nxt_data_reg[3]/Q
                         net (fo=12, routed)          0.904     7.527    main_top_i/com_side_wrapper_0/U0/com_side_i/block_test_0/Sindri_QLink_top_0/U0/QLINK1/U1/dec_data[3]
    SLICE_X36Y18         LUT4 (Prop_lut4_I1_O)        0.152     7.679 r  main_top_i/com_side_wrapper_0/U0/com_side_i/block_test_0/Sindri_QLink_top_0/U0/QLINK1/U1/adr[7]_i_4/O
                         net (fo=5, routed)           0.830     8.509    main_top_i/com_side_wrapper_0/U0/com_side_i/block_test_0/Sindri_QLink_top_0/U0/QLINK1/U1/adr[7]_i_4_n_0
    SLICE_X35Y18         LUT4 (Prop_lut4_I0_O)        0.326     8.835 r  main_top_i/com_side_wrapper_0/U0/com_side_i/block_test_0/Sindri_QLink_top_0/U0/QLINK1/U1/FSM_onehot_rx_state[17]_i_4/O
                         net (fo=1, routed)           0.433     9.268    main_top_i/com_side_wrapper_0/U0/com_side_i/block_test_0/Sindri_QLink_top_0/U0/QLINK1/U1/FSM_onehot_rx_state[17]_i_4_n_0
    SLICE_X35Y18         LUT6 (Prop_lut6_I4_O)        0.124     9.392 r  main_top_i/com_side_wrapper_0/U0/com_side_i/block_test_0/Sindri_QLink_top_0/U0/QLINK1/U1/FSM_onehot_rx_state[17]_i_2/O
                         net (fo=22, routed)          2.191    11.583    main_top_i/com_side_wrapper_0/U0/com_side_i/block_test_0/Sindri_QLink_top_0/U0/QLINK1/U1/FSM_onehot_rx_state[17]_i_2_n_0
    SLICE_X29Y9          LUT3 (Prop_lut3_I1_O)        0.152    11.735 r  main_top_i/com_side_wrapper_0/U0/com_side_i/block_test_0/Sindri_QLink_top_0/U0/QLINK1/U1/data32[27]_i_1/O
                         net (fo=4, routed)           0.720    12.455    main_top_i/com_side_wrapper_0/U0/com_side_i/block_test_0/Sindri_QLink_top_0/U0/QLINK1/U1_n_60
    SLICE_X32Y9          FDRE                                         r  main_top_i/com_side_wrapper_0/U0/com_side_i/block_test_0/Sindri_QLink_top_0/U0/QLINK1/data32_reg[27]/CE
  -------------------------------------------------------------------    -------------------

                         (clock com_side_wrapper_0_qlink_clk_o rise edge)
                                                     20.833    20.833 r  
    H11                                               0.000    20.833 r  CLK12_I (IN)
                         net (fo=0)                   0.000    20.833    CLK12_I
    H11                  IBUF (Prop_ibuf_I_O)         1.368    22.201 r  CLK12_I_IBUF_inst/O
                         net (fo=13, routed)          1.162    23.363    main_top_i/com_side_wrapper_0/U0/com_side_i/block_test_0/Sindri_QLink_top_0/U0/QLINK1/MMCM48_INST/CLK12_I
    MMCME2_ADV_X0Y0      MMCME2_ADV (Prop_mmcme2_adv_CLKIN1_CLKOUT0)
                                                      0.083    23.446 r  main_top_i/com_side_wrapper_0/U0/com_side_i/block_test_0/Sindri_QLink_top_0/U0/QLINK1/MMCM48_INST/MMCME2_BASE_inst/CLKOUT0
                         net (fo=1, routed)           1.543    24.989    main_top_i/com_side_wrapper_0/U0/com_side_i/block_test_0/Sindri_QLink_top_0/U0/QLINK1/MMCM48_INST/CLK
    BUFGCTRL_X0Y2        BUFG (Prop_bufg_I_O)         0.091    25.080 r  main_top_i/com_side_wrapper_0/U0/com_side_i/block_test_0/Sindri_QLink_top_0/U0/QLINK1/MMCM48_INST/CLK_BUFG_inst/O
                         net (fo=268, routed)         1.577    26.657    main_top_i/com_side_wrapper_0/U0/com_side_i/block_test_0/Sindri_QLink_top_0/U0/QLINK1/CLK
    SLICE_X32Y9          FDRE                                         r  main_top_i/com_side_wrapper_0/U0/com_side_i/block_test_0/Sindri_QLink_top_0/U0/QLINK1/data32_reg[27]/C
                         clock pessimism              0.311    26.968    
                         clock uncertainty           -0.243    26.725    
    SLICE_X32Y9          FDRE (Setup_fdre_C_CE)      -0.407    26.318    main_top_i/com_side_wrapper_0/U0/com_side_i/block_test_0/Sindri_QLink_top_0/U0/QLINK1/data32_reg[27]
  -------------------------------------------------------------------
                         required time                         26.318    
                         arrival time                         -12.455    
  -------------------------------------------------------------------
                         slack                                 13.863    

Slack (MET) :             13.975ns  (required time - arrival time)
  Source:                 main_top_i/com_side_wrapper_0/U0/com_side_i/block_test_0/Sindri_QLink_top_0/U0/QLINK1/nxt_char_cnt_reg[1]/C
                            (rising edge-triggered cell FDRE clocked by com_side_wrapper_0_qlink_clk_o  {rise@0.000ns fall@10.417ns period=20.833ns})
  Destination:            main_top_i/com_side_wrapper_0/U0/com_side_i/block_test_0/Sindri_QLink_top_0/U0/QLINK1/nxt_enc_data_reg[1]/D
                            (rising edge-triggered cell FDRE clocked by com_side_wrapper_0_qlink_clk_o  {rise@0.000ns fall@10.417ns period=20.833ns})
  Path Group:             com_side_wrapper_0_qlink_clk_o
  Path Type:              Setup (Max at Slow Process Corner)
  Requirement:            20.833ns  (com_side_wrapper_0_qlink_clk_o rise@20.833ns - com_side_wrapper_0_qlink_clk_o rise@0.000ns)
  Data Path Delay:        6.605ns  (logic 1.373ns (20.787%)  route 5.232ns (79.213%))
  Logic Levels:           4  (LUT4=1 LUT5=1 LUT6=2)
  Clock Path Skew:        -0.039ns (DCD - SCD + CPR)
    Destination Clock Delay (DCD):    5.822ns = ( 26.655 - 20.833 ) 
    Source Clock Delay      (SCD):    6.172ns
    Clock Pessimism Removal (CPR):    0.311ns
  Clock Uncertainty:      0.243ns  ((TSJ^2 + DJ^2)^1/2) / 2 + PE
    Total System Jitter     (TSJ):    0.071ns
    Discrete Jitter          (DJ):    0.481ns
    Phase Error              (PE):    0.000ns

    Location             Delay type                Incr(ns)  Path(ns)    Netlist Resource(s)
  -------------------------------------------------------------------    -------------------
                         (clock com_side_wrapper_0_qlink_clk_o rise edge)
                                                      0.000     0.000 r  
    H11                                               0.000     0.000 r  CLK12_I (IN)
                         net (fo=0)                   0.000     0.000    CLK12_I
    H11                  IBUF (Prop_ibuf_I_O)         1.438     1.438 r  CLK12_I_IBUF_inst/O
                         net (fo=13, routed)          1.233     2.671    main_top_i/com_side_wrapper_0/U0/com_side_i/block_test_0/Sindri_QLink_top_0/U0/QLINK1/MMCM48_INST/CLK12_I
    MMCME2_ADV_X0Y0      MMCME2_ADV (Prop_mmcme2_adv_CLKIN1_CLKOUT0)
                                                      0.088     2.759 r  main_top_i/com_side_wrapper_0/U0/com_side_i/block_test_0/Sindri_QLink_top_0/U0/QLINK1/MMCM48_INST/MMCME2_BASE_inst/CLKOUT0
                         net (fo=1, routed)           1.622     4.381    main_top_i/com_side_wrapper_0/U0/com_side_i/block_test_0/Sindri_QLink_top_0/U0/QLINK1/MMCM48_INST/CLK
    BUFGCTRL_X0Y2        BUFG (Prop_bufg_I_O)         0.096     4.477 r  main_top_i/com_side_wrapper_0/U0/com_side_i/block_test_0/Sindri_QLink_top_0/U0/QLINK1/MMCM48_INST/CLK_BUFG_inst/O
                         net (fo=268, routed)         1.694     6.172    main_top_i/com_side_wrapper_0/U0/com_side_i/block_test_0/Sindri_QLink_top_0/U0/QLINK1/CLK
    SLICE_X38Y15         FDRE                                         r  main_top_i/com_side_wrapper_0/U0/com_side_i/block_test_0/Sindri_QLink_top_0/U0/QLINK1/nxt_char_cnt_reg[1]/C
  -------------------------------------------------------------------    -------------------
    SLICE_X38Y15         FDRE (Prop_fdre_C_Q)         0.478     6.650 f  main_top_i/com_side_wrapper_0/U0/com_side_i/block_test_0/Sindri_QLink_top_0/U0/QLINK1/nxt_char_cnt_reg[1]/Q
                         net (fo=52, routed)          1.825     8.475    main_top_i/com_side_wrapper_0/U0/com_side_i/block_test_0/Sindri_QLink_top_0/U0/QLINK1/char_cnt[1]
    SLICE_X32Y10         LUT4 (Prop_lut4_I3_O)        0.321     8.796 r  main_top_i/com_side_wrapper_0/U0/com_side_i/block_test_0/Sindri_QLink_top_0/U0/QLINK1/nxt_enc_data[4]_i_7/O
                         net (fo=6, routed)           1.785    10.581    main_top_i/com_side_wrapper_0/U0/com_side_i/block_test_0/Sindri_QLink_top_0/U0/QLINK1/nxt_enc_data[4]_i_7_n_0
    SLICE_X38Y13         LUT5 (Prop_lut5_I4_O)        0.326    10.907 r  main_top_i/com_side_wrapper_0/U0/com_side_i/block_test_0/Sindri_QLink_top_0/U0/QLINK1/nxt_enc_data[1]_i_24/O
                         net (fo=1, routed)           0.670    11.577    main_top_i/com_side_wrapper_0/U0/com_side_i/block_test_0/Sindri_QLink_top_0/U0/QLINK1/nxt_enc_data[1]_i_24_n_0
    SLICE_X38Y13         LUT6 (Prop_lut6_I4_O)        0.124    11.701 r  main_top_i/com_side_wrapper_0/U0/com_side_i/block_test_0/Sindri_QLink_top_0/U0/QLINK1/nxt_enc_data[1]_i_6/O
                         net (fo=1, routed)           0.952    12.653    main_top_i/com_side_wrapper_0/U0/com_side_i/block_test_0/Sindri_QLink_top_0/U0/QLINK1/nxt_enc_data[1]_i_6_n_0
    SLICE_X35Y12         LUT6 (Prop_lut6_I4_O)        0.124    12.777 r  main_top_i/com_side_wrapper_0/U0/com_side_i/block_test_0/Sindri_QLink_top_0/U0/QLINK1/nxt_enc_data[1]_i_1/O
                         net (fo=1, routed)           0.000    12.777    main_top_i/com_side_wrapper_0/U0/com_side_i/block_test_0/Sindri_QLink_top_0/U0/QLINK1/nxt_enc_data[1]
    SLICE_X35Y12         FDRE                                         r  main_top_i/com_side_wrapper_0/U0/com_side_i/block_test_0/Sindri_QLink_top_0/U0/QLINK1/nxt_enc_data_reg[1]/D
  -------------------------------------------------------------------    -------------------

                         (clock com_side_wrapper_0_qlink_clk_o rise edge)
                                                     20.833    20.833 r  
    H11                                               0.000    20.833 r  CLK12_I (IN)
                         net (fo=0)                   0.000    20.833    CLK12_I
    H11                  IBUF (Prop_ibuf_I_O)         1.368    22.201 r  CLK12_I_IBUF_inst/O
                         net (fo=13, routed)          1.162    23.363    main_top_i/com_side_wrapper_0/U0/com_side_i/block_test_0/Sindri_QLink_top_0/U0/QLINK1/MMCM48_INST/CLK12_I
    MMCME2_ADV_X0Y0      MMCME2_ADV (Prop_mmcme2_adv_CLKIN1_CLKOUT0)
                                                      0.083    23.446 r  main_top_i/com_side_wrapper_0/U0/com_side_i/block_test_0/Sindri_QLink_top_0/U0/QLINK1/MMCM48_INST/MMCME2_BASE_inst/CLKOUT0
                         net (fo=1, routed)           1.543    24.989    main_top_i/com_side_wrapper_0/U0/com_side_i/block_test_0/Sindri_QLink_top_0/U0/QLINK1/MMCM48_INST/CLK
    BUFGCTRL_X0Y2        BUFG (Prop_bufg_I_O)         0.091    25.080 r  main_top_i/com_side_wrapper_0/U0/com_side_i/block_test_0/Sindri_QLink_top_0/U0/QLINK1/MMCM48_INST/CLK_BUFG_inst/O
                         net (fo=268, routed)         1.575    26.655    main_top_i/com_side_wrapper_0/U0/com_side_i/block_test_0/Sindri_QLink_top_0/U0/QLINK1/CLK
    SLICE_X35Y12         FDRE                                         r  main_top_i/com_side_wrapper_0/U0/com_side_i/block_test_0/Sindri_QLink_top_0/U0/QLINK1/nxt_enc_data_reg[1]/C
                         clock pessimism              0.311    26.966    
                         clock uncertainty           -0.243    26.723    
    SLICE_X35Y12         FDRE (Setup_fdre_C_D)        0.029    26.752    main_top_i/com_side_wrapper_0/U0/com_side_i/block_test_0/Sindri_QLink_top_0/U0/QLINK1/nxt_enc_data_reg[1]
  -------------------------------------------------------------------
                         required time                         26.752    
                         arrival time                         -12.777    
  -------------------------------------------------------------------
                         slack                                 13.975    

Slack (MET) :             13.983ns  (required time - arrival time)
  Source:                 main_top_i/com_side_wrapper_0/U0/com_side_i/block_test_0/Sindri_QLink_top_0/U0/QLINK1/sys_reset_reg/C
                            (rising edge-triggered cell FDRE clocked by com_side_wrapper_0_qlink_clk_o  {rise@0.000ns fall@10.417ns period=20.833ns})
  Destination:            main_top_i/com_side_wrapper_0/U0/com_side_i/block_test_0/Sindri_QLink_top_0/U0/QLINK1/U2/tx_reg/D
                            (rising edge-triggered cell FDRE clocked by com_side_wrapper_0_qlink_clk_o  {rise@0.000ns fall@10.417ns period=20.833ns})
  Path Group:             com_side_wrapper_0_qlink_clk_o
  Path Type:              Setup (Max at Slow Process Corner)
  Requirement:            20.833ns  (com_side_wrapper_0_qlink_clk_o rise@20.833ns - com_side_wrapper_0_qlink_clk_o rise@0.000ns)
  Data Path Delay:        6.517ns  (logic 0.966ns (14.822%)  route 5.551ns (85.178%))
  Logic Levels:           3  (LUT6=3)
  Clock Path Skew:        -0.121ns (DCD - SCD + CPR)
    Destination Clock Delay (DCD):    5.744ns = ( 26.577 - 20.833 ) 
    Source Clock Delay      (SCD):    6.176ns
    Clock Pessimism Removal (CPR):    0.311ns
  Clock Uncertainty:      0.243ns  ((TSJ^2 + DJ^2)^1/2) / 2 + PE
    Total System Jitter     (TSJ):    0.071ns
    Discrete Jitter          (DJ):    0.481ns
    Phase Error              (PE):    0.000ns

    Location             Delay type                Incr(ns)  Path(ns)    Netlist Resource(s)
  -------------------------------------------------------------------    -------------------
                         (clock com_side_wrapper_0_qlink_clk_o rise edge)
                                                      0.000     0.000 r  
    H11                                               0.000     0.000 r  CLK12_I (IN)
                         net (fo=0)                   0.000     0.000    CLK12_I
    H11                  IBUF (Prop_ibuf_I_O)         1.438     1.438 r  CLK12_I_IBUF_inst/O
                         net (fo=13, routed)          1.233     2.671    main_top_i/com_side_wrapper_0/U0/com_side_i/block_test_0/Sindri_QLink_top_0/U0/QLINK1/MMCM48_INST/CLK12_I
    MMCME2_ADV_X0Y0      MMCME2_ADV (Prop_mmcme2_adv_CLKIN1_CLKOUT0)
                                                      0.088     2.759 r  main_top_i/com_side_wrapper_0/U0/com_side_i/block_test_0/Sindri_QLink_top_0/U0/QLINK1/MMCM48_INST/MMCME2_BASE_inst/CLKOUT0
                         net (fo=1, routed)           1.622     4.381    main_top_i/com_side_wrapper_0/U0/com_side_i/block_test_0/Sindri_QLink_top_0/U0/QLINK1/MMCM48_INST/CLK
    BUFGCTRL_X0Y2        BUFG (Prop_bufg_I_O)         0.096     4.477 r  main_top_i/com_side_wrapper_0/U0/com_side_i/block_test_0/Sindri_QLink_top_0/U0/QLINK1/MMCM48_INST/CLK_BUFG_inst/O
                         net (fo=268, routed)         1.698     6.176    main_top_i/com_side_wrapper_0/U0/com_side_i/block_test_0/Sindri_QLink_top_0/U0/QLINK1/CLK
    SLICE_X33Y6          FDRE                                         r  main_top_i/com_side_wrapper_0/U0/com_side_i/block_test_0/Sindri_QLink_top_0/U0/QLINK1/sys_reset_reg/C
  -------------------------------------------------------------------    -------------------
    SLICE_X33Y6          FDRE (Prop_fdre_C_Q)         0.419     6.595 r  main_top_i/com_side_wrapper_0/U0/com_side_i/block_test_0/Sindri_QLink_top_0/U0/QLINK1/sys_reset_reg/Q
                         net (fo=191, routed)         4.242    10.837    main_top_i/com_side_wrapper_0/U0/com_side_i/block_test_0/Sindri_QLink_top_0/U0/QLINK1/U2/SR[0]
    SLICE_X28Y14         LUT6 (Prop_lut6_I5_O)        0.299    11.136 r  main_top_i/com_side_wrapper_0/U0/com_side_i/block_test_0/Sindri_QLink_top_0/U0/QLINK1/U2/tx_i_4/O
                         net (fo=1, routed)           0.513    11.649    main_top_i/com_side_wrapper_0/U0/com_side_i/block_test_0/Sindri_QLink_top_0/U0/QLINK1/U2/tx_i_4_n_0
    SLICE_X29Y14         LUT6 (Prop_lut6_I0_O)        0.124    11.773 r  main_top_i/com_side_wrapper_0/U0/com_side_i/block_test_0/Sindri_QLink_top_0/U0/QLINK1/U2/tx_i_2/O
                         net (fo=1, routed)           0.796    12.569    main_top_i/com_side_wrapper_0/U0/com_side_i/block_test_0/Sindri_QLink_top_0/U0/QLINK1/U2/tx_i_2_n_0
    SLICE_X29Y15         LUT6 (Prop_lut6_I0_O)        0.124    12.693 r  main_top_i/com_side_wrapper_0/U0/com_side_i/block_test_0/Sindri_QLink_top_0/U0/QLINK1/U2/tx_i_1/O
                         net (fo=1, routed)           0.000    12.693    main_top_i/com_side_wrapper_0/U0/com_side_i/block_test_0/Sindri_QLink_top_0/U0/QLINK1/U2/p_0_in
    SLICE_X29Y15         FDRE                                         r  main_top_i/com_side_wrapper_0/U0/com_side_i/block_test_0/Sindri_QLink_top_0/U0/QLINK1/U2/tx_reg/D
  -------------------------------------------------------------------    -------------------

                         (clock com_side_wrapper_0_qlink_clk_o rise edge)
                                                     20.833    20.833 r  
    H11                                               0.000    20.833 r  CLK12_I (IN)
                         net (fo=0)                   0.000    20.833    CLK12_I
    H11                  IBUF (Prop_ibuf_I_O)         1.368    22.201 r  CLK12_I_IBUF_inst/O
                         net (fo=13, routed)          1.162    23.363    main_top_i/com_side_wrapper_0/U0/com_side_i/block_test_0/Sindri_QLink_top_0/U0/QLINK1/MMCM48_INST/CLK12_I
    MMCME2_ADV_X0Y0      MMCME2_ADV (Prop_mmcme2_adv_CLKIN1_CLKOUT0)
                                                      0.083    23.446 r  main_top_i/com_side_wrapper_0/U0/com_side_i/block_test_0/Sindri_QLink_top_0/U0/QLINK1/MMCM48_INST/MMCME2_BASE_inst/CLKOUT0
                         net (fo=1, routed)           1.543    24.989    main_top_i/com_side_wrapper_0/U0/com_side_i/block_test_0/Sindri_QLink_top_0/U0/QLINK1/MMCM48_INST/CLK
    BUFGCTRL_X0Y2        BUFG (Prop_bufg_I_O)         0.091    25.080 r  main_top_i/com_side_wrapper_0/U0/com_side_i/block_test_0/Sindri_QLink_top_0/U0/QLINK1/MMCM48_INST/CLK_BUFG_inst/O
                         net (fo=268, routed)         1.497    26.577    main_top_i/com_side_wrapper_0/U0/com_side_i/block_test_0/Sindri_QLink_top_0/U0/QLINK1/U2/CLK
    SLICE_X29Y15         FDRE                                         r  main_top_i/com_side_wrapper_0/U0/com_side_i/block_test_0/Sindri_QLink_top_0/U0/QLINK1/U2/tx_reg/C
                         clock pessimism              0.311    26.888    
                         clock uncertainty           -0.243    26.645    
    SLICE_X29Y15         FDRE (Setup_fdre_C_D)        0.031    26.676    main_top_i/com_side_wrapper_0/U0/com_side_i/block_test_0/Sindri_QLink_top_0/U0/QLINK1/U2/tx_reg
  -------------------------------------------------------------------
                         required time                         26.676    
                         arrival time                         -12.693    
  -------------------------------------------------------------------
                         slack                                 13.983    

Slack (MET) :             14.018ns  (required time - arrival time)
  Source:                 main_top_i/com_side_wrapper_0/U0/com_side_i/block_test_0/Sindri_QLink_top_0/U0/QLINK1/U1/nxt_data_reg[3]/C
                            (rising edge-triggered cell FDRE clocked by com_side_wrapper_0_qlink_clk_o  {rise@0.000ns fall@10.417ns period=20.833ns})
  Destination:            main_top_i/com_side_wrapper_0/U0/com_side_i/block_test_0/Sindri_QLink_top_0/U0/QLINK1/data32_reg[20]/CE
                            (rising edge-triggered cell FDRE clocked by com_side_wrapper_0_qlink_clk_o  {rise@0.000ns fall@10.417ns period=20.833ns})
  Path Group:             com_side_wrapper_0_qlink_clk_o
  Path Type:              Setup (Max at Slow Process Corner)
  Requirement:            20.833ns  (com_side_wrapper_0_qlink_clk_o rise@20.833ns - com_side_wrapper_0_qlink_clk_o rise@0.000ns)
  Data Path Delay:        6.054ns  (logic 1.210ns (19.987%)  route 4.844ns (80.013%))
  Logic Levels:           4  (LUT3=1 LUT4=2 LUT6=1)
  Clock Path Skew:        -0.106ns (DCD - SCD + CPR)
    Destination Clock Delay (DCD):    5.751ns = ( 26.584 - 20.833 ) 
    Source Clock Delay      (SCD):    6.168ns
    Clock Pessimism Removal (CPR):    0.311ns
  Clock Uncertainty:      0.243ns  ((TSJ^2 + DJ^2)^1/2) / 2 + PE
    Total System Jitter     (TSJ):    0.071ns
    Discrete Jitter          (DJ):    0.481ns
    Phase Error              (PE):    0.000ns

    Location             Delay type                Incr(ns)  Path(ns)    Netlist Resource(s)
  -------------------------------------------------------------------    -------------------
                         (clock com_side_wrapper_0_qlink_clk_o rise edge)
                                                      0.000     0.000 r  
    H11                                               0.000     0.000 r  CLK12_I (IN)
                         net (fo=0)                   0.000     0.000    CLK12_I
    H11                  IBUF (Prop_ibuf_I_O)         1.438     1.438 r  CLK12_I_IBUF_inst/O
                         net (fo=13, routed)          1.233     2.671    main_top_i/com_side_wrapper_0/U0/com_side_i/block_test_0/Sindri_QLink_top_0/U0/QLINK1/MMCM48_INST/CLK12_I
    MMCME2_ADV_X0Y0      MMCME2_ADV (Prop_mmcme2_adv_CLKIN1_CLKOUT0)
                                                      0.088     2.759 r  main_top_i/com_side_wrapper_0/U0/com_side_i/block_test_0/Sindri_QLink_top_0/U0/QLINK1/MMCM48_INST/MMCME2_BASE_inst/CLKOUT0
                         net (fo=1, routed)           1.622     4.381    main_top_i/com_side_wrapper_0/U0/com_side_i/block_test_0/Sindri_QLink_top_0/U0/QLINK1/MMCM48_INST/CLK
    BUFGCTRL_X0Y2        BUFG (Prop_bufg_I_O)         0.096     4.477 r  main_top_i/com_side_wrapper_0/U0/com_side_i/block_test_0/Sindri_QLink_top_0/U0/QLINK1/MMCM48_INST/CLK_BUFG_inst/O
                         net (fo=268, routed)         1.690     6.168    main_top_i/com_side_wrapper_0/U0/com_side_i/block_test_0/Sindri_QLink_top_0/U0/QLINK1/U1/CLK
    SLICE_X37Y18         FDRE                                         r  main_top_i/com_side_wrapper_0/U0/com_side_i/block_test_0/Sindri_QLink_top_0/U0/QLINK1/U1/nxt_data_reg[3]/C
  -------------------------------------------------------------------    -------------------
    SLICE_X37Y18         FDRE (Prop_fdre_C_Q)         0.456     6.624 f  main_top_i/com_side_wrapper_0/U0/com_side_i/block_test_0/Sindri_QLink_top_0/U0/QLINK1/U1/nxt_data_reg[3]/Q
                         net (fo=12, routed)          0.904     7.527    main_top_i/com_side_wrapper_0/U0/com_side_i/block_test_0/Sindri_QLink_top_0/U0/QLINK1/U1/dec_data[3]
    SLICE_X36Y18         LUT4 (Prop_lut4_I1_O)        0.152     7.679 r  main_top_i/com_side_wrapper_0/U0/com_side_i/block_test_0/Sindri_QLink_top_0/U0/QLINK1/U1/adr[7]_i_4/O
                         net (fo=5, routed)           0.830     8.509    main_top_i/com_side_wrapper_0/U0/com_side_i/block_test_0/Sindri_QLink_top_0/U0/QLINK1/U1/adr[7]_i_4_n_0
    SLICE_X35Y18         LUT4 (Prop_lut4_I0_O)        0.326     8.835 r  main_top_i/com_side_wrapper_0/U0/com_side_i/block_test_0/Sindri_QLink_top_0/U0/QLINK1/U1/FSM_onehot_rx_state[17]_i_4/O
                         net (fo=1, routed)           0.433     9.268    main_top_i/com_side_wrapper_0/U0/com_side_i/block_test_0/Sindri_QLink_top_0/U0/QLINK1/U1/FSM_onehot_rx_state[17]_i_4_n_0
    SLICE_X35Y18         LUT6 (Prop_lut6_I4_O)        0.124     9.392 r  main_top_i/com_side_wrapper_0/U0/com_side_i/block_test_0/Sindri_QLink_top_0/U0/QLINK1/U1/FSM_onehot_rx_state[17]_i_2/O
                         net (fo=22, routed)          2.193    11.585    main_top_i/com_side_wrapper_0/U0/com_side_i/block_test_0/Sindri_QLink_top_0/U0/QLINK1/U1/FSM_onehot_rx_state[17]_i_2_n_0
    SLICE_X29Y9          LUT3 (Prop_lut3_I1_O)        0.152    11.737 r  main_top_i/com_side_wrapper_0/U0/com_side_i/block_test_0/Sindri_QLink_top_0/U0/QLINK1/U1/data32[23]_i_1/O
                         net (fo=4, routed)           0.484    12.221    main_top_i/com_side_wrapper_0/U0/com_side_i/block_test_0/Sindri_QLink_top_0/U0/QLINK1/U1_n_61
    SLICE_X31Y9          FDRE                                         r  main_top_i/com_side_wrapper_0/U0/com_side_i/block_test_0/Sindri_QLink_top_0/U0/QLINK1/data32_reg[20]/CE
  -------------------------------------------------------------------    -------------------

                         (clock com_side_wrapper_0_qlink_clk_o rise edge)
                                                     20.833    20.833 r  
    H11                                               0.000    20.833 r  CLK12_I (IN)
                         net (fo=0)                   0.000    20.833    CLK12_I
    H11                  IBUF (Prop_ibuf_I_O)         1.368    22.201 r  CLK12_I_IBUF_inst/O
                         net (fo=13, routed)          1.162    23.363    main_top_i/com_side_wrapper_0/U0/com_side_i/block_test_0/Sindri_QLink_top_0/U0/QLINK1/MMCM48_INST/CLK12_I
    MMCME2_ADV_X0Y0      MMCME2_ADV (Prop_mmcme2_adv_CLKIN1_CLKOUT0)
                                                      0.083    23.446 r  main_top_i/com_side_wrapper_0/U0/com_side_i/block_test_0/Sindri_QLink_top_0/U0/QLINK1/MMCM48_INST/MMCME2_BASE_inst/CLKOUT0
                         net (fo=1, routed)           1.543    24.989    main_top_i/com_side_wrapper_0/U0/com_side_i/block_test_0/Sindri_QLink_top_0/U0/QLINK1/MMCM48_INST/CLK
    BUFGCTRL_X0Y2        BUFG (Prop_bufg_I_O)         0.091    25.080 r  main_top_i/com_side_wrapper_0/U0/com_side_i/block_test_0/Sindri_QLink_top_0/U0/QLINK1/MMCM48_INST/CLK_BUFG_inst/O
                         net (fo=268, routed)         1.504    26.584    main_top_i/com_side_wrapper_0/U0/com_side_i/block_test_0/Sindri_QLink_top_0/U0/QLINK1/CLK
    SLICE_X31Y9          FDRE                                         r  main_top_i/com_side_wrapper_0/U0/com_side_i/block_test_0/Sindri_QLink_top_0/U0/QLINK1/data32_reg[20]/C
                         clock pessimism              0.311    26.895    
                         clock uncertainty           -0.243    26.652    
    SLICE_X31Y9          FDRE (Setup_fdre_C_CE)      -0.413    26.239    main_top_i/com_side_wrapper_0/U0/com_side_i/block_test_0/Sindri_QLink_top_0/U0/QLINK1/data32_reg[20]
  -------------------------------------------------------------------
                         required time                         26.239    
                         arrival time                         -12.221    
  -------------------------------------------------------------------
                         slack                                 14.018    

Slack (MET) :             14.018ns  (required time - arrival time)
  Source:                 main_top_i/com_side_wrapper_0/U0/com_side_i/block_test_0/Sindri_QLink_top_0/U0/QLINK1/U1/nxt_data_reg[3]/C
                            (rising edge-triggered cell FDRE clocked by com_side_wrapper_0_qlink_clk_o  {rise@0.000ns fall@10.417ns period=20.833ns})
  Destination:            main_top_i/com_side_wrapper_0/U0/com_side_i/block_test_0/Sindri_QLink_top_0/U0/QLINK1/data32_reg[21]/CE
                            (rising edge-triggered cell FDRE clocked by com_side_wrapper_0_qlink_clk_o  {rise@0.000ns fall@10.417ns period=20.833ns})
  Path Group:             com_side_wrapper_0_qlink_clk_o
  Path Type:              Setup (Max at Slow Process Corner)
  Requirement:            20.833ns  (com_side_wrapper_0_qlink_clk_o rise@20.833ns - com_side_wrapper_0_qlink_clk_o rise@0.000ns)
  Data Path Delay:        6.054ns  (logic 1.210ns (19.987%)  route 4.844ns (80.013%))
  Logic Levels:           4  (LUT3=1 LUT4=2 LUT6=1)
  Clock Path Skew:        -0.106ns (DCD - SCD + CPR)
    Destination Clock Delay (DCD):    5.751ns = ( 26.584 - 20.833 ) 
    Source Clock Delay      (SCD):    6.168ns
    Clock Pessimism Removal (CPR):    0.311ns
  Clock Uncertainty:      0.243ns  ((TSJ^2 + DJ^2)^1/2) / 2 + PE
    Total System Jitter     (TSJ):    0.071ns
    Discrete Jitter          (DJ):    0.481ns
    Phase Error              (PE):    0.000ns

    Location             Delay type                Incr(ns)  Path(ns)    Netlist Resource(s)
  -------------------------------------------------------------------    -------------------
                         (clock com_side_wrapper_0_qlink_clk_o rise edge)
                                                      0.000     0.000 r  
    H11                                               0.000     0.000 r  CLK12_I (IN)
                         net (fo=0)                   0.000     0.000    CLK12_I
    H11                  IBUF (Prop_ibuf_I_O)         1.438     1.438 r  CLK12_I_IBUF_inst/O
                         net (fo=13, routed)          1.233     2.671    main_top_i/com_side_wrapper_0/U0/com_side_i/block_test_0/Sindri_QLink_top_0/U0/QLINK1/MMCM48_INST/CLK12_I
    MMCME2_ADV_X0Y0      MMCME2_ADV (Prop_mmcme2_adv_CLKIN1_CLKOUT0)
                                                      0.088     2.759 r  main_top_i/com_side_wrapper_0/U0/com_side_i/block_test_0/Sindri_QLink_top_0/U0/QLINK1/MMCM48_INST/MMCME2_BASE_inst/CLKOUT0
                         net (fo=1, routed)           1.622     4.381    main_top_i/com_side_wrapper_0/U0/com_side_i/block_test_0/Sindri_QLink_top_0/U0/QLINK1/MMCM48_INST/CLK
    BUFGCTRL_X0Y2        BUFG (Prop_bufg_I_O)         0.096     4.477 r  main_top_i/com_side_wrapper_0/U0/com_side_i/block_test_0/Sindri_QLink_top_0/U0/QLINK1/MMCM48_INST/CLK_BUFG_inst/O
                         net (fo=268, routed)         1.690     6.168    main_top_i/com_side_wrapper_0/U0/com_side_i/block_test_0/Sindri_QLink_top_0/U0/QLINK1/U1/CLK
    SLICE_X37Y18         FDRE                                         r  main_top_i/com_side_wrapper_0/U0/com_side_i/block_test_0/Sindri_QLink_top_0/U0/QLINK1/U1/nxt_data_reg[3]/C
  -------------------------------------------------------------------    -------------------
    SLICE_X37Y18         FDRE (Prop_fdre_C_Q)         0.456     6.624 f  main_top_i/com_side_wrapper_0/U0/com_side_i/block_test_0/Sindri_QLink_top_0/U0/QLINK1/U1/nxt_data_reg[3]/Q
                         net (fo=12, routed)          0.904     7.527    main_top_i/com_side_wrapper_0/U0/com_side_i/block_test_0/Sindri_QLink_top_0/U0/QLINK1/U1/dec_data[3]
    SLICE_X36Y18         LUT4 (Prop_lut4_I1_O)        0.152     7.679 r  main_top_i/com_side_wrapper_0/U0/com_side_i/block_test_0/Sindri_QLink_top_0/U0/QLINK1/U1/adr[7]_i_4/O
                         net (fo=5, routed)           0.830     8.509    main_top_i/com_side_wrapper_0/U0/com_side_i/block_test_0/Sindri_QLink_top_0/U0/QLINK1/U1/adr[7]_i_4_n_0
    SLICE_X35Y18         LUT4 (Prop_lut4_I0_O)        0.326     8.835 r  main_top_i/com_side_wrapper_0/U0/com_side_i/block_test_0/Sindri_QLink_top_0/U0/QLINK1/U1/FSM_onehot_rx_state[17]_i_4/O
                         net (fo=1, routed)           0.433     9.268    main_top_i/com_side_wrapper_0/U0/com_side_i/block_test_0/Sindri_QLink_top_0/U0/QLINK1/U1/FSM_onehot_rx_state[17]_i_4_n_0
    SLICE_X35Y18         LUT6 (Prop_lut6_I4_O)        0.124     9.392 r  main_top_i/com_side_wrapper_0/U0/com_side_i/block_test_0/Sindri_QLink_top_0/U0/QLINK1/U1/FSM_onehot_rx_state[17]_i_2/O
                         net (fo=22, routed)          2.193    11.585    main_top_i/com_side_wrapper_0/U0/com_side_i/block_test_0/Sindri_QLink_top_0/U0/QLINK1/U1/FSM_onehot_rx_state[17]_i_2_n_0
    SLICE_X29Y9          LUT3 (Prop_lut3_I1_O)        0.152    11.737 r  main_top_i/com_side_wrapper_0/U0/com_side_i/block_test_0/Sindri_QLink_top_0/U0/QLINK1/U1/data32[23]_i_1/O
                         net (fo=4, routed)           0.484    12.221    main_top_i/com_side_wrapper_0/U0/com_side_i/block_test_0/Sindri_QLink_top_0/U0/QLINK1/U1_n_61
    SLICE_X31Y9          FDRE                                         r  main_top_i/com_side_wrapper_0/U0/com_side_i/block_test_0/Sindri_QLink_top_0/U0/QLINK1/data32_reg[21]/CE
  -------------------------------------------------------------------    -------------------

                         (clock com_side_wrapper_0_qlink_clk_o rise edge)
                                                     20.833    20.833 r  
    H11                                               0.000    20.833 r  CLK12_I (IN)
                         net (fo=0)                   0.000    20.833    CLK12_I
    H11                  IBUF (Prop_ibuf_I_O)         1.368    22.201 r  CLK12_I_IBUF_inst/O
                         net (fo=13, routed)          1.162    23.363    main_top_i/com_side_wrapper_0/U0/com_side_i/block_test_0/Sindri_QLink_top_0/U0/QLINK1/MMCM48_INST/CLK12_I
    MMCME2_ADV_X0Y0      MMCME2_ADV (Prop_mmcme2_adv_CLKIN1_CLKOUT0)
                                                      0.083    23.446 r  main_top_i/com_side_wrapper_0/U0/com_side_i/block_test_0/Sindri_QLink_top_0/U0/QLINK1/MMCM48_INST/MMCME2_BASE_inst/CLKOUT0
                         net (fo=1, routed)           1.543    24.989    main_top_i/com_side_wrapper_0/U0/com_side_i/block_test_0/Sindri_QLink_top_0/U0/QLINK1/MMCM48_INST/CLK
    BUFGCTRL_X0Y2        BUFG (Prop_bufg_I_O)         0.091    25.080 r  main_top_i/com_side_wrapper_0/U0/com_side_i/block_test_0/Sindri_QLink_top_0/U0/QLINK1/MMCM48_INST/CLK_BUFG_inst/O
                         net (fo=268, routed)         1.504    26.584    main_top_i/com_side_wrapper_0/U0/com_side_i/block_test_0/Sindri_QLink_top_0/U0/QLINK1/CLK
    SLICE_X31Y9          FDRE                                         r  main_top_i/com_side_wrapper_0/U0/com_side_i/block_test_0/Sindri_QLink_top_0/U0/QLINK1/data32_reg[21]/C
                         clock pessimism              0.311    26.895    
                         clock uncertainty           -0.243    26.652    
    SLICE_X31Y9          FDRE (Setup_fdre_C_CE)      -0.413    26.239    main_top_i/com_side_wrapper_0/U0/com_side_i/block_test_0/Sindri_QLink_top_0/U0/QLINK1/data32_reg[21]
  -------------------------------------------------------------------
                         required time                         26.239    
                         arrival time                         -12.221    
  -------------------------------------------------------------------
                         slack                                 14.018    

Slack (MET) :             14.018ns  (required time - arrival time)
  Source:                 main_top_i/com_side_wrapper_0/U0/com_side_i/block_test_0/Sindri_QLink_top_0/U0/QLINK1/U1/nxt_data_reg[3]/C
                            (rising edge-triggered cell FDRE clocked by com_side_wrapper_0_qlink_clk_o  {rise@0.000ns fall@10.417ns period=20.833ns})
  Destination:            main_top_i/com_side_wrapper_0/U0/com_side_i/block_test_0/Sindri_QLink_top_0/U0/QLINK1/data32_reg[22]/CE
                            (rising edge-triggered cell FDRE clocked by com_side_wrapper_0_qlink_clk_o  {rise@0.000ns fall@10.417ns period=20.833ns})
  Path Group:             com_side_wrapper_0_qlink_clk_o
  Path Type:              Setup (Max at Slow Process Corner)
  Requirement:            20.833ns  (com_side_wrapper_0_qlink_clk_o rise@20.833ns - com_side_wrapper_0_qlink_clk_o rise@0.000ns)
  Data Path Delay:        6.054ns  (logic 1.210ns (19.987%)  route 4.844ns (80.013%))
  Logic Levels:           4  (LUT3=1 LUT4=2 LUT6=1)
  Clock Path Skew:        -0.106ns (DCD - SCD + CPR)
    Destination Clock Delay (DCD):    5.751ns = ( 26.584 - 20.833 ) 
    Source Clock Delay      (SCD):    6.168ns
    Clock Pessimism Removal (CPR):    0.311ns
  Clock Uncertainty:      0.243ns  ((TSJ^2 + DJ^2)^1/2) / 2 + PE
    Total System Jitter     (TSJ):    0.071ns
    Discrete Jitter          (DJ):    0.481ns
    Phase Error              (PE):    0.000ns

    Location             Delay type                Incr(ns)  Path(ns)    Netlist Resource(s)
  -------------------------------------------------------------------    -------------------
                         (clock com_side_wrapper_0_qlink_clk_o rise edge)
                                                      0.000     0.000 r  
    H11                                               0.000     0.000 r  CLK12_I (IN)
                         net (fo=0)                   0.000     0.000    CLK12_I
    H11                  IBUF (Prop_ibuf_I_O)         1.438     1.438 r  CLK12_I_IBUF_inst/O
                         net (fo=13, routed)          1.233     2.671    main_top_i/com_side_wrapper_0/U0/com_side_i/block_test_0/Sindri_QLink_top_0/U0/QLINK1/MMCM48_INST/CLK12_I
    MMCME2_ADV_X0Y0      MMCME2_ADV (Prop_mmcme2_adv_CLKIN1_CLKOUT0)
                                                      0.088     2.759 r  main_top_i/com_side_wrapper_0/U0/com_side_i/block_test_0/Sindri_QLink_top_0/U0/QLINK1/MMCM48_INST/MMCME2_BASE_inst/CLKOUT0
                         net (fo=1, routed)           1.622     4.381    main_top_i/com_side_wrapper_0/U0/com_side_i/block_test_0/Sindri_QLink_top_0/U0/QLINK1/MMCM48_INST/CLK
    BUFGCTRL_X0Y2        BUFG (Prop_bufg_I_O)         0.096     4.477 r  main_top_i/com_side_wrapper_0/U0/com_side_i/block_test_0/Sindri_QLink_top_0/U0/QLINK1/MMCM48_INST/CLK_BUFG_inst/O
                         net (fo=268, routed)         1.690     6.168    main_top_i/com_side_wrapper_0/U0/com_side_i/block_test_0/Sindri_QLink_top_0/U0/QLINK1/U1/CLK
    SLICE_X37Y18         FDRE                                         r  main_top_i/com_side_wrapper_0/U0/com_side_i/block_test_0/Sindri_QLink_top_0/U0/QLINK1/U1/nxt_data_reg[3]/C
  -------------------------------------------------------------------    -------------------
    SLICE_X37Y18         FDRE (Prop_fdre_C_Q)         0.456     6.624 f  main_top_i/com_side_wrapper_0/U0/com_side_i/block_test_0/Sindri_QLink_top_0/U0/QLINK1/U1/nxt_data_reg[3]/Q
                         net (fo=12, routed)          0.904     7.527    main_top_i/com_side_wrapper_0/U0/com_side_i/block_test_0/Sindri_QLink_top_0/U0/QLINK1/U1/dec_data[3]
    SLICE_X36Y18         LUT4 (Prop_lut4_I1_O)        0.152     7.679 r  main_top_i/com_side_wrapper_0/U0/com_side_i/block_test_0/Sindri_QLink_top_0/U0/QLINK1/U1/adr[7]_i_4/O
                         net (fo=5, routed)           0.830     8.509    main_top_i/com_side_wrapper_0/U0/com_side_i/block_test_0/Sindri_QLink_top_0/U0/QLINK1/U1/adr[7]_i_4_n_0
    SLICE_X35Y18         LUT4 (Prop_lut4_I0_O)        0.326     8.835 r  main_top_i/com_side_wrapper_0/U0/com_side_i/block_test_0/Sindri_QLink_top_0/U0/QLINK1/U1/FSM_onehot_rx_state[17]_i_4/O
                         net (fo=1, routed)           0.433     9.268    main_top_i/com_side_wrapper_0/U0/com_side_i/block_test_0/Sindri_QLink_top_0/U0/QLINK1/U1/FSM_onehot_rx_state[17]_i_4_n_0
    SLICE_X35Y18         LUT6 (Prop_lut6_I4_O)        0.124     9.392 r  main_top_i/com_side_wrapper_0/U0/com_side_i/block_test_0/Sindri_QLink_top_0/U0/QLINK1/U1/FSM_onehot_rx_state[17]_i_2/O
                         net (fo=22, routed)          2.193    11.585    main_top_i/com_side_wrapper_0/U0/com_side_i/block_test_0/Sindri_QLink_top_0/U0/QLINK1/U1/FSM_onehot_rx_state[17]_i_2_n_0
    SLICE_X29Y9          LUT3 (Prop_lut3_I1_O)        0.152    11.737 r  main_top_i/com_side_wrapper_0/U0/com_side_i/block_test_0/Sindri_QLink_top_0/U0/QLINK1/U1/data32[23]_i_1/O
                         net (fo=4, routed)           0.484    12.221    main_top_i/com_side_wrapper_0/U0/com_side_i/block_test_0/Sindri_QLink_top_0/U0/QLINK1/U1_n_61
    SLICE_X31Y9          FDRE                                         r  main_top_i/com_side_wrapper_0/U0/com_side_i/block_test_0/Sindri_QLink_top_0/U0/QLINK1/data32_reg[22]/CE
  -------------------------------------------------------------------    -------------------

                         (clock com_side_wrapper_0_qlink_clk_o rise edge)
                                                     20.833    20.833 r  
    H11                                               0.000    20.833 r  CLK12_I (IN)
                         net (fo=0)                   0.000    20.833    CLK12_I
    H11                  IBUF (Prop_ibuf_I_O)         1.368    22.201 r  CLK12_I_IBUF_inst/O
                         net (fo=13, routed)          1.162    23.363    main_top_i/com_side_wrapper_0/U0/com_side_i/block_test_0/Sindri_QLink_top_0/U0/QLINK1/MMCM48_INST/CLK12_I
    MMCME2_ADV_X0Y0      MMCME2_ADV (Prop_mmcme2_adv_CLKIN1_CLKOUT0)
                                                      0.083    23.446 r  main_top_i/com_side_wrapper_0/U0/com_side_i/block_test_0/Sindri_QLink_top_0/U0/QLINK1/MMCM48_INST/MMCME2_BASE_inst/CLKOUT0
                         net (fo=1, routed)           1.543    24.989    main_top_i/com_side_wrapper_0/U0/com_side_i/block_test_0/Sindri_QLink_top_0/U0/QLINK1/MMCM48_INST/CLK
    BUFGCTRL_X0Y2        BUFG (Prop_bufg_I_O)         0.091    25.080 r  main_top_i/com_side_wrapper_0/U0/com_side_i/block_test_0/Sindri_QLink_top_0/U0/QLINK1/MMCM48_INST/CLK_BUFG_inst/O
                         net (fo=268, routed)         1.504    26.584    main_top_i/com_side_wrapper_0/U0/com_side_i/block_test_0/Sindri_QLink_top_0/U0/QLINK1/CLK
    SLICE_X31Y9          FDRE                                         r  main_top_i/com_side_wrapper_0/U0/com_side_i/block_test_0/Sindri_QLink_top_0/U0/QLINK1/data32_reg[22]/C
                         clock pessimism              0.311    26.895    
                         clock uncertainty           -0.243    26.652    
    SLICE_X31Y9          FDRE (Setup_fdre_C_CE)      -0.413    26.239    main_top_i/com_side_wrapper_0/U0/com_side_i/block_test_0/Sindri_QLink_top_0/U0/QLINK1/data32_reg[22]
  -------------------------------------------------------------------
                         required time                         26.239    
                         arrival time                         -12.221    
  -------------------------------------------------------------------
                         slack                                 14.018    

Slack (MET) :             14.018ns  (required time - arrival time)
  Source:                 main_top_i/com_side_wrapper_0/U0/com_side_i/block_test_0/Sindri_QLink_top_0/U0/QLINK1/U1/nxt_data_reg[3]/C
                            (rising edge-triggered cell FDRE clocked by com_side_wrapper_0_qlink_clk_o  {rise@0.000ns fall@10.417ns period=20.833ns})
  Destination:            main_top_i/com_side_wrapper_0/U0/com_side_i/block_test_0/Sindri_QLink_top_0/U0/QLINK1/data32_reg[23]/CE
                            (rising edge-triggered cell FDRE clocked by com_side_wrapper_0_qlink_clk_o  {rise@0.000ns fall@10.417ns period=20.833ns})
  Path Group:             com_side_wrapper_0_qlink_clk_o
  Path Type:              Setup (Max at Slow Process Corner)
  Requirement:            20.833ns  (com_side_wrapper_0_qlink_clk_o rise@20.833ns - com_side_wrapper_0_qlink_clk_o rise@0.000ns)
  Data Path Delay:        6.054ns  (logic 1.210ns (19.987%)  route 4.844ns (80.013%))
  Logic Levels:           4  (LUT3=1 LUT4=2 LUT6=1)
  Clock Path Skew:        -0.106ns (DCD - SCD + CPR)
    Destination Clock Delay (DCD):    5.751ns = ( 26.584 - 20.833 ) 
    Source Clock Delay      (SCD):    6.168ns
    Clock Pessimism Removal (CPR):    0.311ns
  Clock Uncertainty:      0.243ns  ((TSJ^2 + DJ^2)^1/2) / 2 + PE
    Total System Jitter     (TSJ):    0.071ns
    Discrete Jitter          (DJ):    0.481ns
    Phase Error              (PE):    0.000ns

    Location             Delay type                Incr(ns)  Path(ns)    Netlist Resource(s)
  -------------------------------------------------------------------    -------------------
                         (clock com_side_wrapper_0_qlink_clk_o rise edge)
                                                      0.000     0.000 r  
    H11                                               0.000     0.000 r  CLK12_I (IN)
                         net (fo=0)                   0.000     0.000    CLK12_I
    H11                  IBUF (Prop_ibuf_I_O)         1.438     1.438 r  CLK12_I_IBUF_inst/O
                         net (fo=13, routed)          1.233     2.671    main_top_i/com_side_wrapper_0/U0/com_side_i/block_test_0/Sindri_QLink_top_0/U0/QLINK1/MMCM48_INST/CLK12_I
    MMCME2_ADV_X0Y0      MMCME2_ADV (Prop_mmcme2_adv_CLKIN1_CLKOUT0)
                                                      0.088     2.759 r  main_top_i/com_side_wrapper_0/U0/com_side_i/block_test_0/Sindri_QLink_top_0/U0/QLINK1/MMCM48_INST/MMCME2_BASE_inst/CLKOUT0
                         net (fo=1, routed)           1.622     4.381    main_top_i/com_side_wrapper_0/U0/com_side_i/block_test_0/Sindri_QLink_top_0/U0/QLINK1/MMCM48_INST/CLK
    BUFGCTRL_X0Y2        BUFG (Prop_bufg_I_O)         0.096     4.477 r  main_top_i/com_side_wrapper_0/U0/com_side_i/block_test_0/Sindri_QLink_top_0/U0/QLINK1/MMCM48_INST/CLK_BUFG_inst/O
                         net (fo=268, routed)         1.690     6.168    main_top_i/com_side_wrapper_0/U0/com_side_i/block_test_0/Sindri_QLink_top_0/U0/QLINK1/U1/CLK
    SLICE_X37Y18         FDRE                                         r  main_top_i/com_side_wrapper_0/U0/com_side_i/block_test_0/Sindri_QLink_top_0/U0/QLINK1/U1/nxt_data_reg[3]/C
  -------------------------------------------------------------------    -------------------
    SLICE_X37Y18         FDRE (Prop_fdre_C_Q)         0.456     6.624 f  main_top_i/com_side_wrapper_0/U0/com_side_i/block_test_0/Sindri_QLink_top_0/U0/QLINK1/U1/nxt_data_reg[3]/Q
                         net (fo=12, routed)          0.904     7.527    main_top_i/com_side_wrapper_0/U0/com_side_i/block_test_0/Sindri_QLink_top_0/U0/QLINK1/U1/dec_data[3]
    SLICE_X36Y18         LUT4 (Prop_lut4_I1_O)        0.152     7.679 r  main_top_i/com_side_wrapper_0/U0/com_side_i/block_test_0/Sindri_QLink_top_0/U0/QLINK1/U1/adr[7]_i_4/O
                         net (fo=5, routed)           0.830     8.509    main_top_i/com_side_wrapper_0/U0/com_side_i/block_test_0/Sindri_QLink_top_0/U0/QLINK1/U1/adr[7]_i_4_n_0
    SLICE_X35Y18         LUT4 (Prop_lut4_I0_O)        0.326     8.835 r  main_top_i/com_side_wrapper_0/U0/com_side_i/block_test_0/Sindri_QLink_top_0/U0/QLINK1/U1/FSM_onehot_rx_state[17]_i_4/O
                         net (fo=1, routed)           0.433     9.268    main_top_i/com_side_wrapper_0/U0/com_side_i/block_test_0/Sindri_QLink_top_0/U0/QLINK1/U1/FSM_onehot_rx_state[17]_i_4_n_0
    SLICE_X35Y18         LUT6 (Prop_lut6_I4_O)        0.124     9.392 r  main_top_i/com_side_wrapper_0/U0/com_side_i/block_test_0/Sindri_QLink_top_0/U0/QLINK1/U1/FSM_onehot_rx_state[17]_i_2/O
                         net (fo=22, routed)          2.193    11.585    main_top_i/com_side_wrapper_0/U0/com_side_i/block_test_0/Sindri_QLink_top_0/U0/QLINK1/U1/FSM_onehot_rx_state[17]_i_2_n_0
    SLICE_X29Y9          LUT3 (Prop_lut3_I1_O)        0.152    11.737 r  main_top_i/com_side_wrapper_0/U0/com_side_i/block_test_0/Sindri_QLink_top_0/U0/QLINK1/U1/data32[23]_i_1/O
                         net (fo=4, routed)           0.484    12.221    main_top_i/com_side_wrapper_0/U0/com_side_i/block_test_0/Sindri_QLink_top_0/U0/QLINK1/U1_n_61
    SLICE_X31Y9          FDRE                                         r  main_top_i/com_side_wrapper_0/U0/com_side_i/block_test_0/Sindri_QLink_top_0/U0/QLINK1/data32_reg[23]/CE
  -------------------------------------------------------------------    -------------------

                         (clock com_side_wrapper_0_qlink_clk_o rise edge)
                                                     20.833    20.833 r  
    H11                                               0.000    20.833 r  CLK12_I (IN)
                         net (fo=0)                   0.000    20.833    CLK12_I
    H11                  IBUF (Prop_ibuf_I_O)         1.368    22.201 r  CLK12_I_IBUF_inst/O
                         net (fo=13, routed)          1.162    23.363    main_top_i/com_side_wrapper_0/U0/com_side_i/block_test_0/Sindri_QLink_top_0/U0/QLINK1/MMCM48_INST/CLK12_I
    MMCME2_ADV_X0Y0      MMCME2_ADV (Prop_mmcme2_adv_CLKIN1_CLKOUT0)
                                                      0.083    23.446 r  main_top_i/com_side_wrapper_0/U0/com_side_i/block_test_0/Sindri_QLink_top_0/U0/QLINK1/MMCM48_INST/MMCME2_BASE_inst/CLKOUT0
                         net (fo=1, routed)           1.543    24.989    main_top_i/com_side_wrapper_0/U0/com_side_i/block_test_0/Sindri_QLink_top_0/U0/QLINK1/MMCM48_INST/CLK
    BUFGCTRL_X0Y2        BUFG (Prop_bufg_I_O)         0.091    25.080 r  main_top_i/com_side_wrapper_0/U0/com_side_i/block_test_0/Sindri_QLink_top_0/U0/QLINK1/MMCM48_INST/CLK_BUFG_inst/O
                         net (fo=268, routed)         1.504    26.584    main_top_i/com_side_wrapper_0/U0/com_side_i/block_test_0/Sindri_QLink_top_0/U0/QLINK1/CLK
    SLICE_X31Y9          FDRE                                         r  main_top_i/com_side_wrapper_0/U0/com_side_i/block_test_0/Sindri_QLink_top_0/U0/QLINK1/data32_reg[23]/C
                         clock pessimism              0.311    26.895    
                         clock uncertainty           -0.243    26.652    
    SLICE_X31Y9          FDRE (Setup_fdre_C_CE)      -0.413    26.239    main_top_i/com_side_wrapper_0/U0/com_side_i/block_test_0/Sindri_QLink_top_0/U0/QLINK1/data32_reg[23]
  -------------------------------------------------------------------
                         required time                         26.239    
                         arrival time                         -12.221    
  -------------------------------------------------------------------
                         slack                                 14.018    





Min Delay Paths
--------------------------------------------------------------------------------------
Slack (MET) :             0.060ns  (arrival time - required time)
  Source:                 main_top_i/com_side_wrapper_0/U0/com_side_i/block_test_0/Sindri_QLink_top_0/U0/DATA_O_reg[9]/C
                            (rising edge-triggered cell FDRE clocked by com_side_wrapper_0_qlink_clk_o  {rise@0.000ns fall@10.417ns period=20.833ns})
  Destination:            main_top_i/top_level_0/U0/blk_mem_gen_0/U0/inst_blk_mem_gen/gnbram.gnative_mem_map_bmg.native_mem_map_blk_mem_gen/valid.cstr/ramloop[0].ram.r/prim_noinit.ram/DEVICE_7SERIES.WITH_BMM_INFO.TRUE_DP.SIMPLE_PRIM36.TDP_SP36_NO_ECC_ATTR.ram/DIADI[9]
                            (rising edge-triggered cell RAMB36E1 clocked by com_side_wrapper_0_qlink_clk_o  {rise@0.000ns fall@10.417ns period=20.833ns})
  Path Group:             com_side_wrapper_0_qlink_clk_o
  Path Type:              Hold (Min at Fast Process Corner)
  Requirement:            0.000ns  (com_side_wrapper_0_qlink_clk_o rise@0.000ns - com_side_wrapper_0_qlink_clk_o rise@0.000ns)
  Data Path Delay:        0.410ns  (logic 0.141ns (34.410%)  route 0.269ns (65.590%))
  Logic Levels:           0  
  Clock Path Skew:        0.053ns (DCD - SCD - CPR)
    Destination Clock Delay (DCD):    2.328ns
    Source Clock Delay      (SCD):    1.746ns
    Clock Pessimism Removal (CPR):    0.529ns

    Location             Delay type                Incr(ns)  Path(ns)    Netlist Resource(s)
  -------------------------------------------------------------------    -------------------
                         (clock com_side_wrapper_0_qlink_clk_o rise edge)
                                                      0.000     0.000 r  
    H11                                               0.000     0.000 r  CLK12_I (IN)
                         net (fo=0)                   0.000     0.000    CLK12_I
    H11                  IBUF (Prop_ibuf_I_O)         0.206     0.206 r  CLK12_I_IBUF_inst/O
                         net (fo=13, routed)          0.440     0.646    main_top_i/com_side_wrapper_0/U0/com_side_i/block_test_0/Sindri_QLink_top_0/U0/QLINK1/MMCM48_INST/CLK12_I
    MMCME2_ADV_X0Y0      MMCME2_ADV (Prop_mmcme2_adv_CLKIN1_CLKOUT0)
                                                      0.050     0.696 r  main_top_i/com_side_wrapper_0/U0/com_side_i/block_test_0/Sindri_QLink_top_0/U0/QLINK1/MMCM48_INST/MMCME2_BASE_inst/CLKOUT0
                         net (fo=1, routed)           0.462     1.158    main_top_i/com_side_wrapper_0/U0/com_side_i/block_test_0/Sindri_QLink_top_0/U0/QLINK1/MMCM48_INST/CLK
    BUFGCTRL_X0Y2        BUFG (Prop_bufg_I_O)         0.026     1.184 r  main_top_i/com_side_wrapper_0/U0/com_side_i/block_test_0/Sindri_QLink_top_0/U0/QLINK1/MMCM48_INST/CLK_BUFG_inst/O
                         net (fo=268, routed)         0.562     1.746    main_top_i/com_side_wrapper_0/U0/com_side_i/block_test_0/Sindri_QLink_top_0/U0/CLK_O
    SLICE_X31Y13         FDRE                                         r  main_top_i/com_side_wrapper_0/U0/com_side_i/block_test_0/Sindri_QLink_top_0/U0/DATA_O_reg[9]/C
  -------------------------------------------------------------------    -------------------
    SLICE_X31Y13         FDRE (Prop_fdre_C_Q)         0.141     1.887 r  main_top_i/com_side_wrapper_0/U0/com_side_i/block_test_0/Sindri_QLink_top_0/U0/DATA_O_reg[9]/Q
                         net (fo=2, routed)           0.269     2.155    main_top_i/top_level_0/U0/blk_mem_gen_0/U0/inst_blk_mem_gen/gnbram.gnative_mem_map_bmg.native_mem_map_blk_mem_gen/valid.cstr/ramloop[0].ram.r/prim_noinit.ram/dina[9]
    RAMB36_X0Y3          RAMB36E1                                     r  main_top_i/top_level_0/U0/blk_mem_gen_0/U0/inst_blk_mem_gen/gnbram.gnative_mem_map_bmg.native_mem_map_blk_mem_gen/valid.cstr/ramloop[0].ram.r/prim_noinit.ram/DEVICE_7SERIES.WITH_BMM_INFO.TRUE_DP.SIMPLE_PRIM36.TDP_SP36_NO_ECC_ATTR.ram/DIADI[9]
  -------------------------------------------------------------------    -------------------

                         (clock com_side_wrapper_0_qlink_clk_o rise edge)
                                                      0.000     0.000 r  
    H11                                               0.000     0.000 r  CLK12_I (IN)
                         net (fo=0)                   0.000     0.000    CLK12_I
    H11                  IBUF (Prop_ibuf_I_O)         0.393     0.393 r  CLK12_I_IBUF_inst/O
                         net (fo=13, routed)          0.480     0.874    main_top_i/com_side_wrapper_0/U0/com_side_i/block_test_0/Sindri_QLink_top_0/U0/QLINK1/MMCM48_INST/CLK12_I
    MMCME2_ADV_X0Y0      MMCME2_ADV (Prop_mmcme2_adv_CLKIN1_CLKOUT0)
                                                      0.053     0.927 r  main_top_i/com_side_wrapper_0/U0/com_side_i/block_test_0/Sindri_QLink_top_0/U0/QLINK1/MMCM48_INST/MMCME2_BASE_inst/CLKOUT0
                         net (fo=1, routed)           0.505     1.431    main_top_i/com_side_wrapper_0/U0/com_side_i/block_test_0/Sindri_QLink_top_0/U0/QLINK1/MMCM48_INST/CLK
    BUFGCTRL_X0Y2        BUFG (Prop_bufg_I_O)         0.029     1.460 r  main_top_i/com_side_wrapper_0/U0/com_side_i/block_test_0/Sindri_QLink_top_0/U0/QLINK1/MMCM48_INST/CLK_BUFG_inst/O
                         net (fo=268, routed)         0.868     2.328    main_top_i/top_level_0/U0/blk_mem_gen_0/U0/inst_blk_mem_gen/gnbram.gnative_mem_map_bmg.native_mem_map_blk_mem_gen/valid.cstr/ramloop[0].ram.r/prim_noinit.ram/clka
    RAMB36_X0Y3          RAMB36E1                                     r  main_top_i/top_level_0/U0/blk_mem_gen_0/U0/inst_blk_mem_gen/gnbram.gnative_mem_map_bmg.native_mem_map_blk_mem_gen/valid.cstr/ramloop[0].ram.r/prim_noinit.ram/DEVICE_7SERIES.WITH_BMM_INFO.TRUE_DP.SIMPLE_PRIM36.TDP_SP36_NO_ECC_ATTR.ram/CLKARDCLK
                         clock pessimism             -0.529     1.799    
    RAMB36_X0Y3          RAMB36E1 (Hold_ramb36e1_CLKARDCLK_DIADI[9])
                                                      0.296     2.095    main_top_i/top_level_0/U0/blk_mem_gen_0/U0/inst_blk_mem_gen/gnbram.gnative_mem_map_bmg.native_mem_map_blk_mem_gen/valid.cstr/ramloop[0].ram.r/prim_noinit.ram/DEVICE_7SERIES.WITH_BMM_INFO.TRUE_DP.SIMPLE_PRIM36.TDP_SP36_NO_ECC_ATTR.ram
  -------------------------------------------------------------------
                         required time                         -2.095    
                         arrival time                           2.155    
  -------------------------------------------------------------------
                         slack                                  0.060    

Slack (MET) :             0.121ns  (arrival time - required time)
  Source:                 main_top_i/com_side_wrapper_0/U0/com_side_i/block_test_0/Sindri_QLink_top_0/U0/DATA_O_reg[12]/C
                            (rising edge-triggered cell FDRE clocked by com_side_wrapper_0_qlink_clk_o  {rise@0.000ns fall@10.417ns period=20.833ns})
  Destination:            main_top_i/com_side_wrapper_0/U0/com_side_i/block_test_0/blk_mem_gen_0/U0/inst_blk_mem_gen/gnbram.gnative_mem_map_bmg.native_mem_map_blk_mem_gen/valid.cstr/ramloop[0].ram.r/prim_noinit.ram/DEVICE_7SERIES.WITH_BMM_INFO.TRUE_DP.SIMPLE_PRIM36.TDP_SP36_NO_ECC_ATTR.ram/DIADI[12]
                            (rising edge-triggered cell RAMB36E1 clocked by com_side_wrapper_0_qlink_clk_o  {rise@0.000ns fall@10.417ns period=20.833ns})
  Path Group:             com_side_wrapper_0_qlink_clk_o
  Path Type:              Hold (Min at Fast Process Corner)
  Requirement:            0.000ns  (com_side_wrapper_0_qlink_clk_o rise@0.000ns - com_side_wrapper_0_qlink_clk_o rise@0.000ns)
  Data Path Delay:        0.466ns  (logic 0.141ns (30.228%)  route 0.325ns (69.772%))
  Logic Levels:           0  
  Clock Path Skew:        0.049ns (DCD - SCD - CPR)
    Destination Clock Delay (DCD):    2.332ns
    Source Clock Delay      (SCD):    1.773ns
    Clock Pessimism Removal (CPR):    0.510ns

    Location             Delay type                Incr(ns)  Path(ns)    Netlist Resource(s)
  -------------------------------------------------------------------    -------------------
                         (clock com_side_wrapper_0_qlink_clk_o rise edge)
                                                      0.000     0.000 r  
    H11                                               0.000     0.000 r  CLK12_I (IN)
                         net (fo=0)                   0.000     0.000    CLK12_I
    H11                  IBUF (Prop_ibuf_I_O)         0.206     0.206 r  CLK12_I_IBUF_inst/O
                         net (fo=13, routed)          0.440     0.646    main_top_i/com_side_wrapper_0/U0/com_side_i/block_test_0/Sindri_QLink_top_0/U0/QLINK1/MMCM48_INST/CLK12_I
    MMCME2_ADV_X0Y0      MMCME2_ADV (Prop_mmcme2_adv_CLKIN1_CLKOUT0)
                                                      0.050     0.696 r  main_top_i/com_side_wrapper_0/U0/com_side_i/block_test_0/Sindri_QLink_top_0/U0/QLINK1/MMCM48_INST/MMCME2_BASE_inst/CLKOUT0
                         net (fo=1, routed)           0.462     1.158    main_top_i/com_side_wrapper_0/U0/com_side_i/block_test_0/Sindri_QLink_top_0/U0/QLINK1/MMCM48_INST/CLK
    BUFGCTRL_X0Y2        BUFG (Prop_bufg_I_O)         0.026     1.184 r  main_top_i/com_side_wrapper_0/U0/com_side_i/block_test_0/Sindri_QLink_top_0/U0/QLINK1/MMCM48_INST/CLK_BUFG_inst/O
                         net (fo=268, routed)         0.589     1.773    main_top_i/com_side_wrapper_0/U0/com_side_i/block_test_0/Sindri_QLink_top_0/U0/CLK_O
    SLICE_X33Y14         FDRE                                         r  main_top_i/com_side_wrapper_0/U0/com_side_i/block_test_0/Sindri_QLink_top_0/U0/DATA_O_reg[12]/C
  -------------------------------------------------------------------    -------------------
    SLICE_X33Y14         FDRE (Prop_fdre_C_Q)         0.141     1.914 r  main_top_i/com_side_wrapper_0/U0/com_side_i/block_test_0/Sindri_QLink_top_0/U0/DATA_O_reg[12]/Q
                         net (fo=2, routed)           0.325     2.239    main_top_i/com_side_wrapper_0/U0/com_side_i/block_test_0/blk_mem_gen_0/U0/inst_blk_mem_gen/gnbram.gnative_mem_map_bmg.native_mem_map_blk_mem_gen/valid.cstr/ramloop[0].ram.r/prim_noinit.ram/dina[12]
    RAMB36_X0Y2          RAMB36E1                                     r  main_top_i/com_side_wrapper_0/U0/com_side_i/block_test_0/blk_mem_gen_0/U0/inst_blk_mem_gen/gnbram.gnative_mem_map_bmg.native_mem_map_blk_mem_gen/valid.cstr/ramloop[0].ram.r/prim_noinit.ram/DEVICE_7SERIES.WITH_BMM_INFO.TRUE_DP.SIMPLE_PRIM36.TDP_SP36_NO_ECC_ATTR.ram/DIADI[12]
  -------------------------------------------------------------------    -------------------

                         (clock com_side_wrapper_0_qlink_clk_o rise edge)
                                                      0.000     0.000 r  
    H11                                               0.000     0.000 r  CLK12_I (IN)
                         net (fo=0)                   0.000     0.000    CLK12_I
    H11                  IBUF (Prop_ibuf_I_O)         0.393     0.393 r  CLK12_I_IBUF_inst/O
                         net (fo=13, routed)          0.480     0.874    main_top_i/com_side_wrapper_0/U0/com_side_i/block_test_0/Sindri_QLink_top_0/U0/QLINK1/MMCM48_INST/CLK12_I
    MMCME2_ADV_X0Y0      MMCME2_ADV (Prop_mmcme2_adv_CLKIN1_CLKOUT0)
                                                      0.053     0.927 r  main_top_i/com_side_wrapper_0/U0/com_side_i/block_test_0/Sindri_QLink_top_0/U0/QLINK1/MMCM48_INST/MMCME2_BASE_inst/CLKOUT0
                         net (fo=1, routed)           0.505     1.431    main_top_i/com_side_wrapper_0/U0/com_side_i/block_test_0/Sindri_QLink_top_0/U0/QLINK1/MMCM48_INST/CLK
    BUFGCTRL_X0Y2        BUFG (Prop_bufg_I_O)         0.029     1.460 r  main_top_i/com_side_wrapper_0/U0/com_side_i/block_test_0/Sindri_QLink_top_0/U0/QLINK1/MMCM48_INST/CLK_BUFG_inst/O
                         net (fo=268, routed)         0.872     2.332    main_top_i/com_side_wrapper_0/U0/com_side_i/block_test_0/blk_mem_gen_0/U0/inst_blk_mem_gen/gnbram.gnative_mem_map_bmg.native_mem_map_blk_mem_gen/valid.cstr/ramloop[0].ram.r/prim_noinit.ram/clka
    RAMB36_X0Y2          RAMB36E1                                     r  main_top_i/com_side_wrapper_0/U0/com_side_i/block_test_0/blk_mem_gen_0/U0/inst_blk_mem_gen/gnbram.gnative_mem_map_bmg.native_mem_map_blk_mem_gen/valid.cstr/ramloop[0].ram.r/prim_noinit.ram/DEVICE_7SERIES.WITH_BMM_INFO.TRUE_DP.SIMPLE_PRIM36.TDP_SP36_NO_ECC_ATTR.ram/CLKARDCLK
                         clock pessimism             -0.510     1.822    
    RAMB36_X0Y2          RAMB36E1 (Hold_ramb36e1_CLKARDCLK_DIADI[12])
                                                      0.296     2.118    main_top_i/com_side_wrapper_0/U0/com_side_i/block_test_0/blk_mem_gen_0/U0/inst_blk_mem_gen/gnbram.gnative_mem_map_bmg.native_mem_map_blk_mem_gen/valid.cstr/ramloop[0].ram.r/prim_noinit.ram/DEVICE_7SERIES.WITH_BMM_INFO.TRUE_DP.SIMPLE_PRIM36.TDP_SP36_NO_ECC_ATTR.ram
  -------------------------------------------------------------------
                         required time                         -2.118    
                         arrival time                           2.239    
  -------------------------------------------------------------------
                         slack                                  0.121    

Slack (MET) :             0.122ns  (arrival time - required time)
  Source:                 main_top_i/com_side_wrapper_0/U0/com_side_i/block_test_0/Sindri_QLink_top_0/U0/DATA_O_reg[14]/C
                            (rising edge-triggered cell FDRE clocked by com_side_wrapper_0_qlink_clk_o  {rise@0.000ns fall@10.417ns period=20.833ns})
  Destination:            main_top_i/top_level_0/U0/blk_mem_gen_0/U0/inst_blk_mem_gen/gnbram.gnative_mem_map_bmg.native_mem_map_blk_mem_gen/valid.cstr/ramloop[0].ram.r/prim_noinit.ram/DEVICE_7SERIES.WITH_BMM_INFO.TRUE_DP.SIMPLE_PRIM36.TDP_SP36_NO_ECC_ATTR.ram/DIADI[14]
                            (rising edge-triggered cell RAMB36E1 clocked by com_side_wrapper_0_qlink_clk_o  {rise@0.000ns fall@10.417ns period=20.833ns})
  Path Group:             com_side_wrapper_0_qlink_clk_o
  Path Type:              Hold (Min at Fast Process Corner)
  Requirement:            0.000ns  (com_side_wrapper_0_qlink_clk_o rise@0.000ns - com_side_wrapper_0_qlink_clk_o rise@0.000ns)
  Data Path Delay:        0.464ns  (logic 0.141ns (30.420%)  route 0.323ns (69.580%))
  Logic Levels:           0  
  Clock Path Skew:        0.045ns (DCD - SCD - CPR)
    Destination Clock Delay (DCD):    2.328ns
    Source Clock Delay      (SCD):    1.773ns
    Clock Pessimism Removal (CPR):    0.510ns

    Location             Delay type                Incr(ns)  Path(ns)    Netlist Resource(s)
  -------------------------------------------------------------------    -------------------
                         (clock com_side_wrapper_0_qlink_clk_o rise edge)
                                                      0.000     0.000 r  
    H11                                               0.000     0.000 r  CLK12_I (IN)
                         net (fo=0)                   0.000     0.000    CLK12_I
    H11                  IBUF (Prop_ibuf_I_O)         0.206     0.206 r  CLK12_I_IBUF_inst/O
                         net (fo=13, routed)          0.440     0.646    main_top_i/com_side_wrapper_0/U0/com_side_i/block_test_0/Sindri_QLink_top_0/U0/QLINK1/MMCM48_INST/CLK12_I
    MMCME2_ADV_X0Y0      MMCME2_ADV (Prop_mmcme2_adv_CLKIN1_CLKOUT0)
                                                      0.050     0.696 r  main_top_i/com_side_wrapper_0/U0/com_side_i/block_test_0/Sindri_QLink_top_0/U0/QLINK1/MMCM48_INST/MMCME2_BASE_inst/CLKOUT0
                         net (fo=1, routed)           0.462     1.158    main_top_i/com_side_wrapper_0/U0/com_side_i/block_test_0/Sindri_QLink_top_0/U0/QLINK1/MMCM48_INST/CLK
    BUFGCTRL_X0Y2        BUFG (Prop_bufg_I_O)         0.026     1.184 r  main_top_i/com_side_wrapper_0/U0/com_side_i/block_test_0/Sindri_QLink_top_0/U0/QLINK1/MMCM48_INST/CLK_BUFG_inst/O
                         net (fo=268, routed)         0.589     1.773    main_top_i/com_side_wrapper_0/U0/com_side_i/block_test_0/Sindri_QLink_top_0/U0/CLK_O
    SLICE_X33Y14         FDRE                                         r  main_top_i/com_side_wrapper_0/U0/com_side_i/block_test_0/Sindri_QLink_top_0/U0/DATA_O_reg[14]/C
  -------------------------------------------------------------------    -------------------
    SLICE_X33Y14         FDRE (Prop_fdre_C_Q)         0.141     1.914 r  main_top_i/com_side_wrapper_0/U0/com_side_i/block_test_0/Sindri_QLink_top_0/U0/DATA_O_reg[14]/Q
                         net (fo=2, routed)           0.323     2.236    main_top_i/top_level_0/U0/blk_mem_gen_0/U0/inst_blk_mem_gen/gnbram.gnative_mem_map_bmg.native_mem_map_blk_mem_gen/valid.cstr/ramloop[0].ram.r/prim_noinit.ram/dina[14]
    RAMB36_X0Y3          RAMB36E1                                     r  main_top_i/top_level_0/U0/blk_mem_gen_0/U0/inst_blk_mem_gen/gnbram.gnative_mem_map_bmg.native_mem_map_blk_mem_gen/valid.cstr/ramloop[0].ram.r/prim_noinit.ram/DEVICE_7SERIES.WITH_BMM_INFO.TRUE_DP.SIMPLE_PRIM36.TDP_SP36_NO_ECC_ATTR.ram/DIADI[14]
  -------------------------------------------------------------------    -------------------

                         (clock com_side_wrapper_0_qlink_clk_o rise edge)
                                                      0.000     0.000 r  
    H11                                               0.000     0.000 r  CLK12_I (IN)
                         net (fo=0)                   0.000     0.000    CLK12_I
    H11                  IBUF (Prop_ibuf_I_O)         0.393     0.393 r  CLK12_I_IBUF_inst/O
                         net (fo=13, routed)          0.480     0.874    main_top_i/com_side_wrapper_0/U0/com_side_i/block_test_0/Sindri_QLink_top_0/U0/QLINK1/MMCM48_INST/CLK12_I
    MMCME2_ADV_X0Y0      MMCME2_ADV (Prop_mmcme2_adv_CLKIN1_CLKOUT0)
                                                      0.053     0.927 r  main_top_i/com_side_wrapper_0/U0/com_side_i/block_test_0/Sindri_QLink_top_0/U0/QLINK1/MMCM48_INST/MMCME2_BASE_inst/CLKOUT0
                         net (fo=1, routed)           0.505     1.431    main_top_i/com_side_wrapper_0/U0/com_side_i/block_test_0/Sindri_QLink_top_0/U0/QLINK1/MMCM48_INST/CLK
    BUFGCTRL_X0Y2        BUFG (Prop_bufg_I_O)         0.029     1.460 r  main_top_i/com_side_wrapper_0/U0/com_side_i/block_test_0/Sindri_QLink_top_0/U0/QLINK1/MMCM48_INST/CLK_BUFG_inst/O
                         net (fo=268, routed)         0.868     2.328    main_top_i/top_level_0/U0/blk_mem_gen_0/U0/inst_blk_mem_gen/gnbram.gnative_mem_map_bmg.native_mem_map_blk_mem_gen/valid.cstr/ramloop[0].ram.r/prim_noinit.ram/clka
    RAMB36_X0Y3          RAMB36E1                                     r  main_top_i/top_level_0/U0/blk_mem_gen_0/U0/inst_blk_mem_gen/gnbram.gnative_mem_map_bmg.native_mem_map_blk_mem_gen/valid.cstr/ramloop[0].ram.r/prim_noinit.ram/DEVICE_7SERIES.WITH_BMM_INFO.TRUE_DP.SIMPLE_PRIM36.TDP_SP36_NO_ECC_ATTR.ram/CLKARDCLK
                         clock pessimism             -0.510     1.818    
    RAMB36_X0Y3          RAMB36E1 (Hold_ramb36e1_CLKARDCLK_DIADI[14])
                                                      0.296     2.114    main_top_i/top_level_0/U0/blk_mem_gen_0/U0/inst_blk_mem_gen/gnbram.gnative_mem_map_bmg.native_mem_map_blk_mem_gen/valid.cstr/ramloop[0].ram.r/prim_noinit.ram/DEVICE_7SERIES.WITH_BMM_INFO.TRUE_DP.SIMPLE_PRIM36.TDP_SP36_NO_ECC_ATTR.ram
  -------------------------------------------------------------------
                         required time                         -2.114    
                         arrival time                           2.236    
  -------------------------------------------------------------------
                         slack                                  0.122    

Slack (MET) :             0.134ns  (arrival time - required time)
  Source:                 main_top_i/com_side_wrapper_0/U0/com_side_i/block_test_0/Sindri_QLink_top_0/U0/data_r_reg[14]/C
                            (rising edge-triggered cell FDRE clocked by com_side_wrapper_0_qlink_clk_o  {rise@0.000ns fall@10.417ns period=20.833ns})
  Destination:            main_top_i/com_side_wrapper_0/U0/com_side_i/block_test_0/Sindri_QLink_top_0/U0/QLINK1/data32_reg[14]/D
                            (rising edge-triggered cell FDRE clocked by com_side_wrapper_0_qlink_clk_o  {rise@0.000ns fall@10.417ns period=20.833ns})
  Path Group:             com_side_wrapper_0_qlink_clk_o
  Path Type:              Hold (Min at Fast Process Corner)
  Requirement:            0.000ns  (com_side_wrapper_0_qlink_clk_o rise@0.000ns - com_side_wrapper_0_qlink_clk_o rise@0.000ns)
  Data Path Delay:        0.239ns  (logic 0.186ns (77.839%)  route 0.053ns (22.161%))
  Logic Levels:           1  (LUT5=1)
  Clock Path Skew:        0.013ns (DCD - SCD - CPR)
    Destination Clock Delay (DCD):    2.317ns
    Source Clock Delay      (SCD):    1.773ns
    Clock Pessimism Removal (CPR):    0.531ns

    Location             Delay type                Incr(ns)  Path(ns)    Netlist Resource(s)
  -------------------------------------------------------------------    -------------------
                         (clock com_side_wrapper_0_qlink_clk_o rise edge)
                                                      0.000     0.000 r  
    H11                                               0.000     0.000 r  CLK12_I (IN)
                         net (fo=0)                   0.000     0.000    CLK12_I
    H11                  IBUF (Prop_ibuf_I_O)         0.206     0.206 r  CLK12_I_IBUF_inst/O
                         net (fo=13, routed)          0.440     0.646    main_top_i/com_side_wrapper_0/U0/com_side_i/block_test_0/Sindri_QLink_top_0/U0/QLINK1/MMCM48_INST/CLK12_I
    MMCME2_ADV_X0Y0      MMCME2_ADV (Prop_mmcme2_adv_CLKIN1_CLKOUT0)
                                                      0.050     0.696 r  main_top_i/com_side_wrapper_0/U0/com_side_i/block_test_0/Sindri_QLink_top_0/U0/QLINK1/MMCM48_INST/MMCME2_BASE_inst/CLKOUT0
                         net (fo=1, routed)           0.462     1.158    main_top_i/com_side_wrapper_0/U0/com_side_i/block_test_0/Sindri_QLink_top_0/U0/QLINK1/MMCM48_INST/CLK
    BUFGCTRL_X0Y2        BUFG (Prop_bufg_I_O)         0.026     1.184 r  main_top_i/com_side_wrapper_0/U0/com_side_i/block_test_0/Sindri_QLink_top_0/U0/QLINK1/MMCM48_INST/CLK_BUFG_inst/O
                         net (fo=268, routed)         0.589     1.773    main_top_i/com_side_wrapper_0/U0/com_side_i/block_test_0/Sindri_QLink_top_0/U0/CLK_O
    SLICE_X32Y15         FDRE                                         r  main_top_i/com_side_wrapper_0/U0/com_side_i/block_test_0/Sindri_QLink_top_0/U0/data_r_reg[14]/C
  -------------------------------------------------------------------    -------------------
    SLICE_X32Y15         FDRE (Prop_fdre_C_Q)         0.141     1.914 r  main_top_i/com_side_wrapper_0/U0/com_side_i/block_test_0/Sindri_QLink_top_0/U0/data_r_reg[14]/Q
                         net (fo=1, routed)           0.053     1.967    main_top_i/com_side_wrapper_0/U0/com_side_i/block_test_0/Sindri_QLink_top_0/U0/QLINK1/U1/data32_reg[31][14]
    SLICE_X33Y15         LUT5 (Prop_lut5_I1_O)        0.045     2.012 r  main_top_i/com_side_wrapper_0/U0/com_side_i/block_test_0/Sindri_QLink_top_0/U0/QLINK1/U1/data32[14]_i_1/O
                         net (fo=1, routed)           0.000     2.012    main_top_i/com_side_wrapper_0/U0/com_side_i/block_test_0/Sindri_QLink_top_0/U0/QLINK1/U1_n_36
    SLICE_X33Y15         FDRE                                         r  main_top_i/com_side_wrapper_0/U0/com_side_i/block_test_0/Sindri_QLink_top_0/U0/QLINK1/data32_reg[14]/D
  -------------------------------------------------------------------    -------------------

                         (clock com_side_wrapper_0_qlink_clk_o rise edge)
                                                      0.000     0.000 r  
    H11                                               0.000     0.000 r  CLK12_I (IN)
                         net (fo=0)                   0.000     0.000    CLK12_I
    H11                  IBUF (Prop_ibuf_I_O)         0.393     0.393 r  CLK12_I_IBUF_inst/O
                         net (fo=13, routed)          0.480     0.874    main_top_i/com_side_wrapper_0/U0/com_side_i/block_test_0/Sindri_QLink_top_0/U0/QLINK1/MMCM48_INST/CLK12_I
    MMCME2_ADV_X0Y0      MMCME2_ADV (Prop_mmcme2_adv_CLKIN1_CLKOUT0)
                                                      0.053     0.927 r  main_top_i/com_side_wrapper_0/U0/com_side_i/block_test_0/Sindri_QLink_top_0/U0/QLINK1/MMCM48_INST/MMCME2_BASE_inst/CLKOUT0
                         net (fo=1, routed)           0.505     1.431    main_top_i/com_side_wrapper_0/U0/com_side_i/block_test_0/Sindri_QLink_top_0/U0/QLINK1/MMCM48_INST/CLK
    BUFGCTRL_X0Y2        BUFG (Prop_bufg_I_O)         0.029     1.460 r  main_top_i/com_side_wrapper_0/U0/com_side_i/block_test_0/Sindri_QLink_top_0/U0/QLINK1/MMCM48_INST/CLK_BUFG_inst/O
                         net (fo=268, routed)         0.857     2.317    main_top_i/com_side_wrapper_0/U0/com_side_i/block_test_0/Sindri_QLink_top_0/U0/QLINK1/CLK
    SLICE_X33Y15         FDRE                                         r  main_top_i/com_side_wrapper_0/U0/com_side_i/block_test_0/Sindri_QLink_top_0/U0/QLINK1/data32_reg[14]/C
                         clock pessimism             -0.531     1.786    
    SLICE_X33Y15         FDRE (Hold_fdre_C_D)         0.092     1.878    main_top_i/com_side_wrapper_0/U0/com_side_i/block_test_0/Sindri_QLink_top_0/U0/QLINK1/data32_reg[14]
  -------------------------------------------------------------------
                         required time                         -1.878    
                         arrival time                           2.012    
  -------------------------------------------------------------------
                         slack                                  0.134    

Slack (MET) :             0.134ns  (arrival time - required time)
  Source:                 main_top_i/com_side_wrapper_0/U0/com_side_i/block_test_0/Sindri_QLink_top_0/U0/QLINK1/buf_reset_reg/C
                            (rising edge-triggered cell FDRE clocked by com_side_wrapper_0_qlink_clk_o  {rise@0.000ns fall@10.417ns period=20.833ns})
  Destination:            main_top_i/com_side_wrapper_0/U0/com_side_i/block_test_0/Sindri_QLink_top_0/U0/QLINK1/sys_reset_reg/D
                            (rising edge-triggered cell FDRE clocked by com_side_wrapper_0_qlink_clk_o  {rise@0.000ns fall@10.417ns period=20.833ns})
  Path Group:             com_side_wrapper_0_qlink_clk_o
  Path Type:              Hold (Min at Fast Process Corner)
  Requirement:            0.000ns  (com_side_wrapper_0_qlink_clk_o rise@0.000ns - com_side_wrapper_0_qlink_clk_o rise@0.000ns)
  Data Path Delay:        0.209ns  (logic 0.141ns (67.453%)  route 0.068ns (32.546%))
  Logic Levels:           0  
  Clock Path Skew:        0.000ns (DCD - SCD - CPR)
    Destination Clock Delay (DCD):    2.323ns
    Source Clock Delay      (SCD):    1.777ns
    Clock Pessimism Removal (CPR):    0.546ns

    Location             Delay type                Incr(ns)  Path(ns)    Netlist Resource(s)
  -------------------------------------------------------------------    -------------------
                         (clock com_side_wrapper_0_qlink_clk_o rise edge)
                                                      0.000     0.000 r  
    H11                                               0.000     0.000 r  CLK12_I (IN)
                         net (fo=0)                   0.000     0.000    CLK12_I
    H11                  IBUF (Prop_ibuf_I_O)         0.206     0.206 r  CLK12_I_IBUF_inst/O
                         net (fo=13, routed)          0.440     0.646    main_top_i/com_side_wrapper_0/U0/com_side_i/block_test_0/Sindri_QLink_top_0/U0/QLINK1/MMCM48_INST/CLK12_I
    MMCME2_ADV_X0Y0      MMCME2_ADV (Prop_mmcme2_adv_CLKIN1_CLKOUT0)
                                                      0.050     0.696 r  main_top_i/com_side_wrapper_0/U0/com_side_i/block_test_0/Sindri_QLink_top_0/U0/QLINK1/MMCM48_INST/MMCME2_BASE_inst/CLKOUT0
                         net (fo=1, routed)           0.462     1.158    main_top_i/com_side_wrapper_0/U0/com_side_i/block_test_0/Sindri_QLink_top_0/U0/QLINK1/MMCM48_INST/CLK
    BUFGCTRL_X0Y2        BUFG (Prop_bufg_I_O)         0.026     1.184 r  main_top_i/com_side_wrapper_0/U0/com_side_i/block_test_0/Sindri_QLink_top_0/U0/QLINK1/MMCM48_INST/CLK_BUFG_inst/O
                         net (fo=268, routed)         0.593     1.777    main_top_i/com_side_wrapper_0/U0/com_side_i/block_test_0/Sindri_QLink_top_0/U0/QLINK1/CLK
    SLICE_X33Y6          FDRE                                         r  main_top_i/com_side_wrapper_0/U0/com_side_i/block_test_0/Sindri_QLink_top_0/U0/QLINK1/buf_reset_reg/C
  -------------------------------------------------------------------    -------------------
    SLICE_X33Y6          FDRE (Prop_fdre_C_Q)         0.141     1.918 r  main_top_i/com_side_wrapper_0/U0/com_side_i/block_test_0/Sindri_QLink_top_0/U0/QLINK1/buf_reset_reg/Q
                         net (fo=3, routed)           0.068     1.986    main_top_i/com_side_wrapper_0/U0/com_side_i/block_test_0/Sindri_QLink_top_0/U0/QLINK1/buf_reset
    SLICE_X33Y6          FDRE                                         r  main_top_i/com_side_wrapper_0/U0/com_side_i/block_test_0/Sindri_QLink_top_0/U0/QLINK1/sys_reset_reg/D
  -------------------------------------------------------------------    -------------------

                         (clock com_side_wrapper_0_qlink_clk_o rise edge)
                                                      0.000     0.000 r  
    H11                                               0.000     0.000 r  CLK12_I (IN)
                         net (fo=0)                   0.000     0.000    CLK12_I
    H11                  IBUF (Prop_ibuf_I_O)         0.393     0.393 r  CLK12_I_IBUF_inst/O
                         net (fo=13, routed)          0.480     0.874    main_top_i/com_side_wrapper_0/U0/com_side_i/block_test_0/Sindri_QLink_top_0/U0/QLINK1/MMCM48_INST/CLK12_I
    MMCME2_ADV_X0Y0      MMCME2_ADV (Prop_mmcme2_adv_CLKIN1_CLKOUT0)
                                                      0.053     0.927 r  main_top_i/com_side_wrapper_0/U0/com_side_i/block_test_0/Sindri_QLink_top_0/U0/QLINK1/MMCM48_INST/MMCME2_BASE_inst/CLKOUT0
                         net (fo=1, routed)           0.505     1.431    main_top_i/com_side_wrapper_0/U0/com_side_i/block_test_0/Sindri_QLink_top_0/U0/QLINK1/MMCM48_INST/CLK
    BUFGCTRL_X0Y2        BUFG (Prop_bufg_I_O)         0.029     1.460 r  main_top_i/com_side_wrapper_0/U0/com_side_i/block_test_0/Sindri_QLink_top_0/U0/QLINK1/MMCM48_INST/CLK_BUFG_inst/O
                         net (fo=268, routed)         0.863     2.323    main_top_i/com_side_wrapper_0/U0/com_side_i/block_test_0/Sindri_QLink_top_0/U0/QLINK1/CLK
    SLICE_X33Y6          FDRE                                         r  main_top_i/com_side_wrapper_0/U0/com_side_i/block_test_0/Sindri_QLink_top_0/U0/QLINK1/sys_reset_reg/C
                         clock pessimism             -0.546     1.777    
    SLICE_X33Y6          FDRE (Hold_fdre_C_D)         0.075     1.852    main_top_i/com_side_wrapper_0/U0/com_side_i/block_test_0/Sindri_QLink_top_0/U0/QLINK1/sys_reset_reg
  -------------------------------------------------------------------
                         required time                         -1.852    
                         arrival time                           1.986    
  -------------------------------------------------------------------
                         slack                                  0.134    

Slack (MET) :             0.164ns  (arrival time - required time)
  Source:                 main_top_i/com_side_wrapper_0/U0/com_side_i/block_test_0/blk_mem_gen_0/U0/inst_blk_mem_gen/gnbram.gnative_mem_map_bmg.native_mem_map_blk_mem_gen/valid.cstr/ramloop[1].ram.r/SAFETY_CKT_GEN.POR_B_reg/C
                            (rising edge-triggered cell FDRE clocked by com_side_wrapper_0_qlink_clk_o  {rise@0.000ns fall@10.417ns period=20.833ns})
  Destination:            main_top_i/com_side_wrapper_0/U0/com_side_i/block_test_0/blk_mem_gen_0/U0/inst_blk_mem_gen/gnbram.gnative_mem_map_bmg.native_mem_map_blk_mem_gen/valid.cstr/ramloop[1].ram.r/prim_noinit.ram/DEVICE_7SERIES.WITH_BMM_INFO.TRUE_DP.SIMPLE_PRIM36.TDP_SP36_NO_ECC_ATTR.ram/RSTRAMB
                            (rising edge-triggered cell RAMB36E1 clocked by com_side_wrapper_0_qlink_clk_o  {rise@0.000ns fall@10.417ns period=20.833ns})
  Path Group:             com_side_wrapper_0_qlink_clk_o
  Path Type:              Hold (Min at Fast Process Corner)
  Requirement:            0.000ns  (com_side_wrapper_0_qlink_clk_o rise@0.000ns - com_side_wrapper_0_qlink_clk_o rise@0.000ns)
  Data Path Delay:        0.403ns  (logic 0.141ns (34.966%)  route 0.262ns (65.034%))
  Logic Levels:           0  
  Clock Path Skew:        0.050ns (DCD - SCD - CPR)
    Destination Clock Delay (DCD):    2.337ns
    Source Clock Delay      (SCD):    1.777ns
    Clock Pessimism Removal (CPR):    0.510ns

    Location             Delay type                Incr(ns)  Path(ns)    Netlist Resource(s)
  -------------------------------------------------------------------    -------------------
                         (clock com_side_wrapper_0_qlink_clk_o rise edge)
                                                      0.000     0.000 r  
    H11                                               0.000     0.000 r  CLK12_I (IN)
                         net (fo=0)                   0.000     0.000    CLK12_I
    H11                  IBUF (Prop_ibuf_I_O)         0.206     0.206 r  CLK12_I_IBUF_inst/O
                         net (fo=13, routed)          0.440     0.646    main_top_i/com_side_wrapper_0/U0/com_side_i/block_test_0/Sindri_QLink_top_0/U0/QLINK1/MMCM48_INST/CLK12_I
    MMCME2_ADV_X0Y0      MMCME2_ADV (Prop_mmcme2_adv_CLKIN1_CLKOUT0)
                                                      0.050     0.696 r  main_top_i/com_side_wrapper_0/U0/com_side_i/block_test_0/Sindri_QLink_top_0/U0/QLINK1/MMCM48_INST/MMCME2_BASE_inst/CLKOUT0
                         net (fo=1, routed)           0.462     1.158    main_top_i/com_side_wrapper_0/U0/com_side_i/block_test_0/Sindri_QLink_top_0/U0/QLINK1/MMCM48_INST/CLK
    BUFGCTRL_X0Y2        BUFG (Prop_bufg_I_O)         0.026     1.184 r  main_top_i/com_side_wrapper_0/U0/com_side_i/block_test_0/Sindri_QLink_top_0/U0/QLINK1/MMCM48_INST/CLK_BUFG_inst/O
                         net (fo=268, routed)         0.593     1.777    main_top_i/com_side_wrapper_0/U0/com_side_i/block_test_0/blk_mem_gen_0/U0/inst_blk_mem_gen/gnbram.gnative_mem_map_bmg.native_mem_map_blk_mem_gen/valid.cstr/ramloop[1].ram.r/clkb
    SLICE_X33Y6          FDRE                                         r  main_top_i/com_side_wrapper_0/U0/com_side_i/block_test_0/blk_mem_gen_0/U0/inst_blk_mem_gen/gnbram.gnative_mem_map_bmg.native_mem_map_blk_mem_gen/valid.cstr/ramloop[1].ram.r/SAFETY_CKT_GEN.POR_B_reg/C
  -------------------------------------------------------------------    -------------------
    SLICE_X33Y6          FDRE (Prop_fdre_C_Q)         0.141     1.918 r  main_top_i/com_side_wrapper_0/U0/com_side_i/block_test_0/blk_mem_gen_0/U0/inst_blk_mem_gen/gnbram.gnative_mem_map_bmg.native_mem_map_blk_mem_gen/valid.cstr/ramloop[1].ram.r/SAFETY_CKT_GEN.POR_B_reg/Q
                         net (fo=2, routed)           0.262     2.180    main_top_i/com_side_wrapper_0/U0/com_side_i/block_test_0/blk_mem_gen_0/U0/inst_blk_mem_gen/gnbram.gnative_mem_map_bmg.native_mem_map_blk_mem_gen/valid.cstr/ramloop[1].ram.r/prim_noinit.ram/POR_B
    RAMB36_X0Y1          RAMB36E1                                     r  main_top_i/com_side_wrapper_0/U0/com_side_i/block_test_0/blk_mem_gen_0/U0/inst_blk_mem_gen/gnbram.gnative_mem_map_bmg.native_mem_map_blk_mem_gen/valid.cstr/ramloop[1].ram.r/prim_noinit.ram/DEVICE_7SERIES.WITH_BMM_INFO.TRUE_DP.SIMPLE_PRIM36.TDP_SP36_NO_ECC_ATTR.ram/RSTRAMB
  -------------------------------------------------------------------    -------------------

                         (clock com_side_wrapper_0_qlink_clk_o rise edge)
                                                      0.000     0.000 r  
    H11                                               0.000     0.000 r  CLK12_I (IN)
                         net (fo=0)                   0.000     0.000    CLK12_I
    H11                  IBUF (Prop_ibuf_I_O)         0.393     0.393 r  CLK12_I_IBUF_inst/O
                         net (fo=13, routed)          0.480     0.874    main_top_i/com_side_wrapper_0/U0/com_side_i/block_test_0/Sindri_QLink_top_0/U0/QLINK1/MMCM48_INST/CLK12_I
    MMCME2_ADV_X0Y0      MMCME2_ADV (Prop_mmcme2_adv_CLKIN1_CLKOUT0)
                                                      0.053     0.927 r  main_top_i/com_side_wrapper_0/U0/com_side_i/block_test_0/Sindri_QLink_top_0/U0/QLINK1/MMCM48_INST/MMCME2_BASE_inst/CLKOUT0
                         net (fo=1, routed)           0.505     1.431    main_top_i/com_side_wrapper_0/U0/com_side_i/block_test_0/Sindri_QLink_top_0/U0/QLINK1/MMCM48_INST/CLK
    BUFGCTRL_X0Y2        BUFG (Prop_bufg_I_O)         0.029     1.460 r  main_top_i/com_side_wrapper_0/U0/com_side_i/block_test_0/Sindri_QLink_top_0/U0/QLINK1/MMCM48_INST/CLK_BUFG_inst/O
                         net (fo=268, routed)         0.877     2.337    main_top_i/com_side_wrapper_0/U0/com_side_i/block_test_0/blk_mem_gen_0/U0/inst_blk_mem_gen/gnbram.gnative_mem_map_bmg.native_mem_map_blk_mem_gen/valid.cstr/ramloop[1].ram.r/prim_noinit.ram/clkb
    RAMB36_X0Y1          RAMB36E1                                     r  main_top_i/com_side_wrapper_0/U0/com_side_i/block_test_0/blk_mem_gen_0/U0/inst_blk_mem_gen/gnbram.gnative_mem_map_bmg.native_mem_map_blk_mem_gen/valid.cstr/ramloop[1].ram.r/prim_noinit.ram/DEVICE_7SERIES.WITH_BMM_INFO.TRUE_DP.SIMPLE_PRIM36.TDP_SP36_NO_ECC_ATTR.ram/CLKBWRCLK
                         clock pessimism             -0.510     1.827    
    RAMB36_X0Y1          RAMB36E1 (Hold_ramb36e1_CLKBWRCLK_RSTRAMB)
                                                      0.189     2.016    main_top_i/com_side_wrapper_0/U0/com_side_i/block_test_0/blk_mem_gen_0/U0/inst_blk_mem_gen/gnbram.gnative_mem_map_bmg.native_mem_map_blk_mem_gen/valid.cstr/ramloop[1].ram.r/prim_noinit.ram/DEVICE_7SERIES.WITH_BMM_INFO.TRUE_DP.SIMPLE_PRIM36.TDP_SP36_NO_ECC_ATTR.ram
  -------------------------------------------------------------------
                         required time                         -2.016    
                         arrival time                           2.180    
  -------------------------------------------------------------------
                         slack                                  0.164    

Slack (MET) :             0.165ns  (arrival time - required time)
  Source:                 main_top_i/top_level_0/U0/blk_mem_gen_0/U0/inst_blk_mem_gen/gnbram.gnative_mem_map_bmg.native_mem_map_blk_mem_gen/valid.cstr/ramloop[0].ram.r/SAFETY_CKT_GEN.POR_A_reg/C
                            (rising edge-triggered cell FDRE clocked by com_side_wrapper_0_qlink_clk_o  {rise@0.000ns fall@10.417ns period=20.833ns})
  Destination:            main_top_i/top_level_0/U0/blk_mem_gen_0/U0/inst_blk_mem_gen/gnbram.gnative_mem_map_bmg.native_mem_map_blk_mem_gen/valid.cstr/ramloop[0].ram.r/prim_noinit.ram/DEVICE_7SERIES.WITH_BMM_INFO.TRUE_DP.SIMPLE_PRIM36.TDP_SP36_NO_ECC_ATTR.ram/RSTRAMARSTRAM
                            (rising edge-triggered cell RAMB36E1 clocked by com_side_wrapper_0_qlink_clk_o  {rise@0.000ns fall@10.417ns period=20.833ns})
  Path Group:             com_side_wrapper_0_qlink_clk_o
  Path Type:              Hold (Min at Fast Process Corner)
  Requirement:            0.000ns  (com_side_wrapper_0_qlink_clk_o rise@0.000ns - com_side_wrapper_0_qlink_clk_o rise@0.000ns)
  Data Path Delay:        0.410ns  (logic 0.141ns (34.350%)  route 0.269ns (65.650%))
  Logic Levels:           0  
  Clock Path Skew:        0.056ns (DCD - SCD - CPR)
    Destination Clock Delay (DCD):    2.328ns
    Source Clock Delay      (SCD):    1.743ns
    Clock Pessimism Removal (CPR):    0.529ns

    Location             Delay type                Incr(ns)  Path(ns)    Netlist Resource(s)
  -------------------------------------------------------------------    -------------------
                         (clock com_side_wrapper_0_qlink_clk_o rise edge)
                                                      0.000     0.000 r  
    H11                                               0.000     0.000 r  CLK12_I (IN)
                         net (fo=0)                   0.000     0.000    CLK12_I
    H11                  IBUF (Prop_ibuf_I_O)         0.206     0.206 r  CLK12_I_IBUF_inst/O
                         net (fo=13, routed)          0.440     0.646    main_top_i/com_side_wrapper_0/U0/com_side_i/block_test_0/Sindri_QLink_top_0/U0/QLINK1/MMCM48_INST/CLK12_I
    MMCME2_ADV_X0Y0      MMCME2_ADV (Prop_mmcme2_adv_CLKIN1_CLKOUT0)
                                                      0.050     0.696 r  main_top_i/com_side_wrapper_0/U0/com_side_i/block_test_0/Sindri_QLink_top_0/U0/QLINK1/MMCM48_INST/MMCME2_BASE_inst/CLKOUT0
                         net (fo=1, routed)           0.462     1.158    main_top_i/com_side_wrapper_0/U0/com_side_i/block_test_0/Sindri_QLink_top_0/U0/QLINK1/MMCM48_INST/CLK
    BUFGCTRL_X0Y2        BUFG (Prop_bufg_I_O)         0.026     1.184 r  main_top_i/com_side_wrapper_0/U0/com_side_i/block_test_0/Sindri_QLink_top_0/U0/QLINK1/MMCM48_INST/CLK_BUFG_inst/O
                         net (fo=268, routed)         0.559     1.743    main_top_i/top_level_0/U0/blk_mem_gen_0/U0/inst_blk_mem_gen/gnbram.gnative_mem_map_bmg.native_mem_map_blk_mem_gen/valid.cstr/ramloop[0].ram.r/clka
    SLICE_X31Y18         FDRE                                         r  main_top_i/top_level_0/U0/blk_mem_gen_0/U0/inst_blk_mem_gen/gnbram.gnative_mem_map_bmg.native_mem_map_blk_mem_gen/valid.cstr/ramloop[0].ram.r/SAFETY_CKT_GEN.POR_A_reg/C
  -------------------------------------------------------------------    -------------------
    SLICE_X31Y18         FDRE (Prop_fdre_C_Q)         0.141     1.884 r  main_top_i/top_level_0/U0/blk_mem_gen_0/U0/inst_blk_mem_gen/gnbram.gnative_mem_map_bmg.native_mem_map_blk_mem_gen/valid.cstr/ramloop[0].ram.r/SAFETY_CKT_GEN.POR_A_reg/Q
                         net (fo=1, routed)           0.269     2.153    main_top_i/top_level_0/U0/blk_mem_gen_0/U0/inst_blk_mem_gen/gnbram.gnative_mem_map_bmg.native_mem_map_blk_mem_gen/valid.cstr/ramloop[0].ram.r/prim_noinit.ram/POR_A
    RAMB36_X0Y3          RAMB36E1                                     r  main_top_i/top_level_0/U0/blk_mem_gen_0/U0/inst_blk_mem_gen/gnbram.gnative_mem_map_bmg.native_mem_map_blk_mem_gen/valid.cstr/ramloop[0].ram.r/prim_noinit.ram/DEVICE_7SERIES.WITH_BMM_INFO.TRUE_DP.SIMPLE_PRIM36.TDP_SP36_NO_ECC_ATTR.ram/RSTRAMARSTRAM
  -------------------------------------------------------------------    -------------------

                         (clock com_side_wrapper_0_qlink_clk_o rise edge)
                                                      0.000     0.000 r  
    H11                                               0.000     0.000 r  CLK12_I (IN)
                         net (fo=0)                   0.000     0.000    CLK12_I
    H11                  IBUF (Prop_ibuf_I_O)         0.393     0.393 r  CLK12_I_IBUF_inst/O
                         net (fo=13, routed)          0.480     0.874    main_top_i/com_side_wrapper_0/U0/com_side_i/block_test_0/Sindri_QLink_top_0/U0/QLINK1/MMCM48_INST/CLK12_I
    MMCME2_ADV_X0Y0      MMCME2_ADV (Prop_mmcme2_adv_CLKIN1_CLKOUT0)
                                                      0.053     0.927 r  main_top_i/com_side_wrapper_0/U0/com_side_i/block_test_0/Sindri_QLink_top_0/U0/QLINK1/MMCM48_INST/MMCME2_BASE_inst/CLKOUT0
                         net (fo=1, routed)           0.505     1.431    main_top_i/com_side_wrapper_0/U0/com_side_i/block_test_0/Sindri_QLink_top_0/U0/QLINK1/MMCM48_INST/CLK
    BUFGCTRL_X0Y2        BUFG (Prop_bufg_I_O)         0.029     1.460 r  main_top_i/com_side_wrapper_0/U0/com_side_i/block_test_0/Sindri_QLink_top_0/U0/QLINK1/MMCM48_INST/CLK_BUFG_inst/O
                         net (fo=268, routed)         0.868     2.328    main_top_i/top_level_0/U0/blk_mem_gen_0/U0/inst_blk_mem_gen/gnbram.gnative_mem_map_bmg.native_mem_map_blk_mem_gen/valid.cstr/ramloop[0].ram.r/prim_noinit.ram/clka
    RAMB36_X0Y3          RAMB36E1                                     r  main_top_i/top_level_0/U0/blk_mem_gen_0/U0/inst_blk_mem_gen/gnbram.gnative_mem_map_bmg.native_mem_map_blk_mem_gen/valid.cstr/ramloop[0].ram.r/prim_noinit.ram/DEVICE_7SERIES.WITH_BMM_INFO.TRUE_DP.SIMPLE_PRIM36.TDP_SP36_NO_ECC_ATTR.ram/CLKARDCLK
                         clock pessimism             -0.529     1.799    
    RAMB36_X0Y3          RAMB36E1 (Hold_ramb36e1_CLKARDCLK_RSTRAMARSTRAM)
                                                      0.189     1.988    main_top_i/top_level_0/U0/blk_mem_gen_0/U0/inst_blk_mem_gen/gnbram.gnative_mem_map_bmg.native_mem_map_blk_mem_gen/valid.cstr/ramloop[0].ram.r/prim_noinit.ram/DEVICE_7SERIES.WITH_BMM_INFO.TRUE_DP.SIMPLE_PRIM36.TDP_SP36_NO_ECC_ATTR.ram
  -------------------------------------------------------------------
                         required time                         -1.988    
                         arrival time                           2.153    
  -------------------------------------------------------------------
                         slack                                  0.165    

Slack (MET) :             0.166ns  (arrival time - required time)
  Source:                 main_top_i/com_side_wrapper_0/U0/com_side_i/block_test_0/Sindri_QLink_top_0/U0/data_r_reg[15]/C
                            (rising edge-triggered cell FDSE clocked by com_side_wrapper_0_qlink_clk_o  {rise@0.000ns fall@10.417ns period=20.833ns})
  Destination:            main_top_i/com_side_wrapper_0/U0/com_side_i/block_test_0/Sindri_QLink_top_0/U0/QLINK1/data32_reg[15]/D
                            (rising edge-triggered cell FDRE clocked by com_side_wrapper_0_qlink_clk_o  {rise@0.000ns fall@10.417ns period=20.833ns})
  Path Group:             com_side_wrapper_0_qlink_clk_o
  Path Type:              Hold (Min at Fast Process Corner)
  Requirement:            0.000ns  (com_side_wrapper_0_qlink_clk_o rise@0.000ns - com_side_wrapper_0_qlink_clk_o rise@0.000ns)
  Data Path Delay:        0.271ns  (logic 0.186ns (68.652%)  route 0.085ns (31.348%))
  Logic Levels:           1  (LUT5=1)
  Clock Path Skew:        0.013ns (DCD - SCD - CPR)
    Destination Clock Delay (DCD):    2.317ns
    Source Clock Delay      (SCD):    1.773ns
    Clock Pessimism Removal (CPR):    0.531ns

    Location             Delay type                Incr(ns)  Path(ns)    Netlist Resource(s)
  -------------------------------------------------------------------    -------------------
                         (clock com_side_wrapper_0_qlink_clk_o rise edge)
                                                      0.000     0.000 r  
    H11                                               0.000     0.000 r  CLK12_I (IN)
                         net (fo=0)                   0.000     0.000    CLK12_I
    H11                  IBUF (Prop_ibuf_I_O)         0.206     0.206 r  CLK12_I_IBUF_inst/O
                         net (fo=13, routed)          0.440     0.646    main_top_i/com_side_wrapper_0/U0/com_side_i/block_test_0/Sindri_QLink_top_0/U0/QLINK1/MMCM48_INST/CLK12_I
    MMCME2_ADV_X0Y0      MMCME2_ADV (Prop_mmcme2_adv_CLKIN1_CLKOUT0)
                                                      0.050     0.696 r  main_top_i/com_side_wrapper_0/U0/com_side_i/block_test_0/Sindri_QLink_top_0/U0/QLINK1/MMCM48_INST/MMCME2_BASE_inst/CLKOUT0
                         net (fo=1, routed)           0.462     1.158    main_top_i/com_side_wrapper_0/U0/com_side_i/block_test_0/Sindri_QLink_top_0/U0/QLINK1/MMCM48_INST/CLK
    BUFGCTRL_X0Y2        BUFG (Prop_bufg_I_O)         0.026     1.184 r  main_top_i/com_side_wrapper_0/U0/com_side_i/block_test_0/Sindri_QLink_top_0/U0/QLINK1/MMCM48_INST/CLK_BUFG_inst/O
                         net (fo=268, routed)         0.589     1.773    main_top_i/com_side_wrapper_0/U0/com_side_i/block_test_0/Sindri_QLink_top_0/U0/CLK_O
    SLICE_X32Y15         FDSE                                         r  main_top_i/com_side_wrapper_0/U0/com_side_i/block_test_0/Sindri_QLink_top_0/U0/data_r_reg[15]/C
  -------------------------------------------------------------------    -------------------
    SLICE_X32Y15         FDSE (Prop_fdse_C_Q)         0.141     1.914 r  main_top_i/com_side_wrapper_0/U0/com_side_i/block_test_0/Sindri_QLink_top_0/U0/data_r_reg[15]/Q
                         net (fo=1, routed)           0.085     1.999    main_top_i/com_side_wrapper_0/U0/com_side_i/block_test_0/Sindri_QLink_top_0/U0/QLINK1/U1/data32_reg[31][15]
    SLICE_X33Y15         LUT5 (Prop_lut5_I1_O)        0.045     2.044 r  main_top_i/com_side_wrapper_0/U0/com_side_i/block_test_0/Sindri_QLink_top_0/U0/QLINK1/U1/data32[15]_i_2/O
                         net (fo=1, routed)           0.000     2.044    main_top_i/com_side_wrapper_0/U0/com_side_i/block_test_0/Sindri_QLink_top_0/U0/QLINK1/U1_n_35
    SLICE_X33Y15         FDRE                                         r  main_top_i/com_side_wrapper_0/U0/com_side_i/block_test_0/Sindri_QLink_top_0/U0/QLINK1/data32_reg[15]/D
  -------------------------------------------------------------------    -------------------

                         (clock com_side_wrapper_0_qlink_clk_o rise edge)
                                                      0.000     0.000 r  
    H11                                               0.000     0.000 r  CLK12_I (IN)
                         net (fo=0)                   0.000     0.000    CLK12_I
    H11                  IBUF (Prop_ibuf_I_O)         0.393     0.393 r  CLK12_I_IBUF_inst/O
                         net (fo=13, routed)          0.480     0.874    main_top_i/com_side_wrapper_0/U0/com_side_i/block_test_0/Sindri_QLink_top_0/U0/QLINK1/MMCM48_INST/CLK12_I
    MMCME2_ADV_X0Y0      MMCME2_ADV (Prop_mmcme2_adv_CLKIN1_CLKOUT0)
                                                      0.053     0.927 r  main_top_i/com_side_wrapper_0/U0/com_side_i/block_test_0/Sindri_QLink_top_0/U0/QLINK1/MMCM48_INST/MMCME2_BASE_inst/CLKOUT0
                         net (fo=1, routed)           0.505     1.431    main_top_i/com_side_wrapper_0/U0/com_side_i/block_test_0/Sindri_QLink_top_0/U0/QLINK1/MMCM48_INST/CLK
    BUFGCTRL_X0Y2        BUFG (Prop_bufg_I_O)         0.029     1.460 r  main_top_i/com_side_wrapper_0/U0/com_side_i/block_test_0/Sindri_QLink_top_0/U0/QLINK1/MMCM48_INST/CLK_BUFG_inst/O
                         net (fo=268, routed)         0.857     2.317    main_top_i/com_side_wrapper_0/U0/com_side_i/block_test_0/Sindri_QLink_top_0/U0/QLINK1/CLK
    SLICE_X33Y15         FDRE                                         r  main_top_i/com_side_wrapper_0/U0/com_side_i/block_test_0/Sindri_QLink_top_0/U0/QLINK1/data32_reg[15]/C
                         clock pessimism             -0.531     1.786    
    SLICE_X33Y15         FDRE (Hold_fdre_C_D)         0.092     1.878    main_top_i/com_side_wrapper_0/U0/com_side_i/block_test_0/Sindri_QLink_top_0/U0/QLINK1/data32_reg[15]
  -------------------------------------------------------------------
                         required time                         -1.878    
                         arrival time                           2.044    
  -------------------------------------------------------------------
                         slack                                  0.166    

Slack (MET) :             0.166ns  (arrival time - required time)
  Source:                 main_top_i/com_side_wrapper_0/U0/com_side_i/block_test_0/Sindri_QLink_top_0/U0/ADDR_O_reg[3]/C
                            (rising edge-triggered cell FDRE clocked by com_side_wrapper_0_qlink_clk_o  {rise@0.000ns fall@10.417ns period=20.833ns})
  Destination:            main_top_i/com_side_wrapper_0/U0/com_side_i/block_test_0/blk_mem_gen_0/U0/inst_blk_mem_gen/gnbram.gnative_mem_map_bmg.native_mem_map_blk_mem_gen/valid.cstr/ramloop[0].ram.r/prim_noinit.ram/DEVICE_7SERIES.WITH_BMM_INFO.TRUE_DP.SIMPLE_PRIM36.TDP_SP36_NO_ECC_ATTR.ram/ADDRARDADDR[5]
                            (rising edge-triggered cell RAMB36E1 clocked by com_side_wrapper_0_qlink_clk_o  {rise@0.000ns fall@10.417ns period=20.833ns})
  Path Group:             com_side_wrapper_0_qlink_clk_o
  Path Type:              Hold (Min at Fast Process Corner)
  Requirement:            0.000ns  (com_side_wrapper_0_qlink_clk_o rise@0.000ns - com_side_wrapper_0_qlink_clk_o rise@0.000ns)
  Data Path Delay:        0.399ns  (logic 0.141ns (35.369%)  route 0.258ns (64.631%))
  Logic Levels:           0  
  Clock Path Skew:        0.049ns (DCD - SCD - CPR)
    Destination Clock Delay (DCD):    2.332ns
    Source Clock Delay      (SCD):    1.773ns
    Clock Pessimism Removal (CPR):    0.510ns

    Location             Delay type                Incr(ns)  Path(ns)    Netlist Resource(s)
  -------------------------------------------------------------------    -------------------
                         (clock com_side_wrapper_0_qlink_clk_o rise edge)
                                                      0.000     0.000 r  
    H11                                               0.000     0.000 r  CLK12_I (IN)
                         net (fo=0)                   0.000     0.000    CLK12_I
    H11                  IBUF (Prop_ibuf_I_O)         0.206     0.206 r  CLK12_I_IBUF_inst/O
                         net (fo=13, routed)          0.440     0.646    main_top_i/com_side_wrapper_0/U0/com_side_i/block_test_0/Sindri_QLink_top_0/U0/QLINK1/MMCM48_INST/CLK12_I
    MMCME2_ADV_X0Y0      MMCME2_ADV (Prop_mmcme2_adv_CLKIN1_CLKOUT0)
                                                      0.050     0.696 r  main_top_i/com_side_wrapper_0/U0/com_side_i/block_test_0/Sindri_QLink_top_0/U0/QLINK1/MMCM48_INST/MMCME2_BASE_inst/CLKOUT0
                         net (fo=1, routed)           0.462     1.158    main_top_i/com_side_wrapper_0/U0/com_side_i/block_test_0/Sindri_QLink_top_0/U0/QLINK1/MMCM48_INST/CLK
    BUFGCTRL_X0Y2        BUFG (Prop_bufg_I_O)         0.026     1.184 r  main_top_i/com_side_wrapper_0/U0/com_side_i/block_test_0/Sindri_QLink_top_0/U0/QLINK1/MMCM48_INST/CLK_BUFG_inst/O
                         net (fo=268, routed)         0.589     1.773    main_top_i/com_side_wrapper_0/U0/com_side_i/block_test_0/Sindri_QLink_top_0/U0/CLK_O
    SLICE_X33Y13         FDRE                                         r  main_top_i/com_side_wrapper_0/U0/com_side_i/block_test_0/Sindri_QLink_top_0/U0/ADDR_O_reg[3]/C
  -------------------------------------------------------------------    -------------------
    SLICE_X33Y13         FDRE (Prop_fdre_C_Q)         0.141     1.914 r  main_top_i/com_side_wrapper_0/U0/com_side_i/block_test_0/Sindri_QLink_top_0/U0/ADDR_O_reg[3]/Q
                         net (fo=3, routed)           0.258     2.171    main_top_i/com_side_wrapper_0/U0/com_side_i/block_test_0/blk_mem_gen_0/U0/inst_blk_mem_gen/gnbram.gnative_mem_map_bmg.native_mem_map_blk_mem_gen/valid.cstr/ramloop[0].ram.r/prim_noinit.ram/addra[1]
    RAMB36_X0Y2          RAMB36E1                                     r  main_top_i/com_side_wrapper_0/U0/com_side_i/block_test_0/blk_mem_gen_0/U0/inst_blk_mem_gen/gnbram.gnative_mem_map_bmg.native_mem_map_blk_mem_gen/valid.cstr/ramloop[0].ram.r/prim_noinit.ram/DEVICE_7SERIES.WITH_BMM_INFO.TRUE_DP.SIMPLE_PRIM36.TDP_SP36_NO_ECC_ATTR.ram/ADDRARDADDR[5]
  -------------------------------------------------------------------    -------------------

                         (clock com_side_wrapper_0_qlink_clk_o rise edge)
                                                      0.000     0.000 r  
    H11                                               0.000     0.000 r  CLK12_I (IN)
                         net (fo=0)                   0.000     0.000    CLK12_I
    H11                  IBUF (Prop_ibuf_I_O)         0.393     0.393 r  CLK12_I_IBUF_inst/O
                         net (fo=13, routed)          0.480     0.874    main_top_i/com_side_wrapper_0/U0/com_side_i/block_test_0/Sindri_QLink_top_0/U0/QLINK1/MMCM48_INST/CLK12_I
    MMCME2_ADV_X0Y0      MMCME2_ADV (Prop_mmcme2_adv_CLKIN1_CLKOUT0)
                                                      0.053     0.927 r  main_top_i/com_side_wrapper_0/U0/com_side_i/block_test_0/Sindri_QLink_top_0/U0/QLINK1/MMCM48_INST/MMCME2_BASE_inst/CLKOUT0
                         net (fo=1, routed)           0.505     1.431    main_top_i/com_side_wrapper_0/U0/com_side_i/block_test_0/Sindri_QLink_top_0/U0/QLINK1/MMCM48_INST/CLK
    BUFGCTRL_X0Y2        BUFG (Prop_bufg_I_O)         0.029     1.460 r  main_top_i/com_side_wrapper_0/U0/com_side_i/block_test_0/Sindri_QLink_top_0/U0/QLINK1/MMCM48_INST/CLK_BUFG_inst/O
                         net (fo=268, routed)         0.872     2.332    main_top_i/com_side_wrapper_0/U0/com_side_i/block_test_0/blk_mem_gen_0/U0/inst_blk_mem_gen/gnbram.gnative_mem_map_bmg.native_mem_map_blk_mem_gen/valid.cstr/ramloop[0].ram.r/prim_noinit.ram/clka
    RAMB36_X0Y2          RAMB36E1                                     r  main_top_i/com_side_wrapper_0/U0/com_side_i/block_test_0/blk_mem_gen_0/U0/inst_blk_mem_gen/gnbram.gnative_mem_map_bmg.native_mem_map_blk_mem_gen/valid.cstr/ramloop[0].ram.r/prim_noinit.ram/DEVICE_7SERIES.WITH_BMM_INFO.TRUE_DP.SIMPLE_PRIM36.TDP_SP36_NO_ECC_ATTR.ram/CLKARDCLK
                         clock pessimism             -0.510     1.822    
    RAMB36_X0Y2          RAMB36E1 (Hold_ramb36e1_CLKARDCLK_ADDRARDADDR[5])
                                                      0.183     2.005    main_top_i/com_side_wrapper_0/U0/com_side_i/block_test_0/blk_mem_gen_0/U0/inst_blk_mem_gen/gnbram.gnative_mem_map_bmg.native_mem_map_blk_mem_gen/valid.cstr/ramloop[0].ram.r/prim_noinit.ram/DEVICE_7SERIES.WITH_BMM_INFO.TRUE_DP.SIMPLE_PRIM36.TDP_SP36_NO_ECC_ATTR.ram
  -------------------------------------------------------------------
                         required time                         -2.005    
                         arrival time                           2.171    
  -------------------------------------------------------------------
                         slack                                  0.166    

Slack (MET) :             0.166ns  (arrival time - required time)
  Source:                 main_top_i/com_side_wrapper_0/U0/com_side_i/block_test_0/Sindri_QLink_top_0/U0/QLINK1/clk_cnt_reg[27]/C
                            (rising edge-triggered cell FDRE clocked by com_side_wrapper_0_qlink_clk_o  {rise@0.000ns fall@10.417ns period=20.833ns})
  Destination:            main_top_i/com_side_wrapper_0/U0/com_side_i/block_test_0/Sindri_QLink_top_0/U0/QLINK1/timestamp_reg[27]/D
                            (rising edge-triggered cell FDRE clocked by com_side_wrapper_0_qlink_clk_o  {rise@0.000ns fall@10.417ns period=20.833ns})
  Path Group:             com_side_wrapper_0_qlink_clk_o
  Path Type:              Hold (Min at Fast Process Corner)
  Requirement:            0.000ns  (com_side_wrapper_0_qlink_clk_o rise@0.000ns - com_side_wrapper_0_qlink_clk_o rise@0.000ns)
  Data Path Delay:        0.272ns  (logic 0.141ns (51.763%)  route 0.131ns (48.237%))
  Logic Levels:           0  
  Clock Path Skew:        0.034ns (DCD - SCD - CPR)
    Destination Clock Delay (DCD):    2.317ns
    Source Clock Delay      (SCD):    1.773ns
    Clock Pessimism Removal (CPR):    0.510ns

    Location             Delay type                Incr(ns)  Path(ns)    Netlist Resource(s)
  -------------------------------------------------------------------    -------------------
                         (clock com_side_wrapper_0_qlink_clk_o rise edge)
                                                      0.000     0.000 r  
    H11                                               0.000     0.000 r  CLK12_I (IN)
                         net (fo=0)                   0.000     0.000    CLK12_I
    H11                  IBUF (Prop_ibuf_I_O)         0.206     0.206 r  CLK12_I_IBUF_inst/O
                         net (fo=13, routed)          0.440     0.646    main_top_i/com_side_wrapper_0/U0/com_side_i/block_test_0/Sindri_QLink_top_0/U0/QLINK1/MMCM48_INST/CLK12_I
    MMCME2_ADV_X0Y0      MMCME2_ADV (Prop_mmcme2_adv_CLKIN1_CLKOUT0)
                                                      0.050     0.696 r  main_top_i/com_side_wrapper_0/U0/com_side_i/block_test_0/Sindri_QLink_top_0/U0/QLINK1/MMCM48_INST/MMCME2_BASE_inst/CLKOUT0
                         net (fo=1, routed)           0.462     1.158    main_top_i/com_side_wrapper_0/U0/com_side_i/block_test_0/Sindri_QLink_top_0/U0/QLINK1/MMCM48_INST/CLK
    BUFGCTRL_X0Y2        BUFG (Prop_bufg_I_O)         0.026     1.184 r  main_top_i/com_side_wrapper_0/U0/com_side_i/block_test_0/Sindri_QLink_top_0/U0/QLINK1/MMCM48_INST/CLK_BUFG_inst/O
                         net (fo=268, routed)         0.589     1.773    main_top_i/com_side_wrapper_0/U0/com_side_i/block_test_0/Sindri_QLink_top_0/U0/QLINK1/CLK
    SLICE_X36Y15         FDRE                                         r  main_top_i/com_side_wrapper_0/U0/com_side_i/block_test_0/Sindri_QLink_top_0/U0/QLINK1/clk_cnt_reg[27]/C
  -------------------------------------------------------------------    -------------------
    SLICE_X36Y15         FDRE (Prop_fdre_C_Q)         0.141     1.914 r  main_top_i/com_side_wrapper_0/U0/com_side_i/block_test_0/Sindri_QLink_top_0/U0/QLINK1/clk_cnt_reg[27]/Q
                         net (fo=2, routed)           0.131     2.045    main_top_i/com_side_wrapper_0/U0/com_side_i/block_test_0/Sindri_QLink_top_0/U0/QLINK1/clk_cnt_reg[27]
    SLICE_X35Y15         FDRE                                         r  main_top_i/com_side_wrapper_0/U0/com_side_i/block_test_0/Sindri_QLink_top_0/U0/QLINK1/timestamp_reg[27]/D
  -------------------------------------------------------------------    -------------------

                         (clock com_side_wrapper_0_qlink_clk_o rise edge)
                                                      0.000     0.000 r  
    H11                                               0.000     0.000 r  CLK12_I (IN)
                         net (fo=0)                   0.000     0.000    CLK12_I
    H11                  IBUF (Prop_ibuf_I_O)         0.393     0.393 r  CLK12_I_IBUF_inst/O
                         net (fo=13, routed)          0.480     0.874    main_top_i/com_side_wrapper_0/U0/com_side_i/block_test_0/Sindri_QLink_top_0/U0/QLINK1/MMCM48_INST/CLK12_I
    MMCME2_ADV_X0Y0      MMCME2_ADV (Prop_mmcme2_adv_CLKIN1_CLKOUT0)
                                                      0.053     0.927 r  main_top_i/com_side_wrapper_0/U0/com_side_i/block_test_0/Sindri_QLink_top_0/U0/QLINK1/MMCM48_INST/MMCME2_BASE_inst/CLKOUT0
                         net (fo=1, routed)           0.505     1.431    main_top_i/com_side_wrapper_0/U0/com_side_i/block_test_0/Sindri_QLink_top_0/U0/QLINK1/MMCM48_INST/CLK
    BUFGCTRL_X0Y2        BUFG (Prop_bufg_I_O)         0.029     1.460 r  main_top_i/com_side_wrapper_0/U0/com_side_i/block_test_0/Sindri_QLink_top_0/U0/QLINK1/MMCM48_INST/CLK_BUFG_inst/O
                         net (fo=268, routed)         0.857     2.317    main_top_i/com_side_wrapper_0/U0/com_side_i/block_test_0/Sindri_QLink_top_0/U0/QLINK1/CLK
    SLICE_X35Y15         FDRE                                         r  main_top_i/com_side_wrapper_0/U0/com_side_i/block_test_0/Sindri_QLink_top_0/U0/QLINK1/timestamp_reg[27]/C
                         clock pessimism             -0.510     1.807    
    SLICE_X35Y15         FDRE (Hold_fdre_C_D)         0.072     1.879    main_top_i/com_side_wrapper_0/U0/com_side_i/block_test_0/Sindri_QLink_top_0/U0/QLINK1/timestamp_reg[27]
  -------------------------------------------------------------------
                         required time                         -1.879    
                         arrival time                           2.045    
  -------------------------------------------------------------------
                         slack                                  0.166    





Pulse Width Checks
--------------------------------------------------------------------------------------
Clock Name:         com_side_wrapper_0_qlink_clk_o
Waveform(ns):       { 0.000 10.417 }
Period(ns):         20.833
Sources:            { main_top_i/com_side_wrapper_0/U0/com_side_i/block_test_0/Sindri_QLink_top_0/U0/QLINK1/MMCM48_INST/MMCME2_BASE_inst/CLKOUT0 }

Check Type        Corner  Lib Pin             Reference Pin  Required(ns)  Actual(ns)  Slack(ns)  Location         Pin
Min Period        n/a     RAMB36E1/CLKARDCLK  n/a            2.576         20.833      18.257     RAMB36_X0Y2      main_top_i/com_side_wrapper_0/U0/com_side_i/block_test_0/blk_mem_gen_0/U0/inst_blk_mem_gen/gnbram.gnative_mem_map_bmg.native_mem_map_blk_mem_gen/valid.cstr/ramloop[0].ram.r/prim_noinit.ram/DEVICE_7SERIES.WITH_BMM_INFO.TRUE_DP.SIMPLE_PRIM36.TDP_SP36_NO_ECC_ATTR.ram/CLKARDCLK
Min Period        n/a     RAMB36E1/CLKBWRCLK  n/a            2.576         20.833      18.257     RAMB36_X0Y2      main_top_i/com_side_wrapper_0/U0/com_side_i/block_test_0/blk_mem_gen_0/U0/inst_blk_mem_gen/gnbram.gnative_mem_map_bmg.native_mem_map_blk_mem_gen/valid.cstr/ramloop[0].ram.r/prim_noinit.ram/DEVICE_7SERIES.WITH_BMM_INFO.TRUE_DP.SIMPLE_PRIM36.TDP_SP36_NO_ECC_ATTR.ram/CLKBWRCLK
Min Period        n/a     RAMB36E1/CLKARDCLK  n/a            2.576         20.833      18.257     RAMB36_X0Y1      main_top_i/com_side_wrapper_0/U0/com_side_i/block_test_0/blk_mem_gen_0/U0/inst_blk_mem_gen/gnbram.gnative_mem_map_bmg.native_mem_map_blk_mem_gen/valid.cstr/ramloop[1].ram.r/prim_noinit.ram/DEVICE_7SERIES.WITH_BMM_INFO.TRUE_DP.SIMPLE_PRIM36.TDP_SP36_NO_ECC_ATTR.ram/CLKARDCLK
Min Period        n/a     RAMB36E1/CLKBWRCLK  n/a            2.576         20.833      18.257     RAMB36_X0Y1      main_top_i/com_side_wrapper_0/U0/com_side_i/block_test_0/blk_mem_gen_0/U0/inst_blk_mem_gen/gnbram.gnative_mem_map_bmg.native_mem_map_blk_mem_gen/valid.cstr/ramloop[1].ram.r/prim_noinit.ram/DEVICE_7SERIES.WITH_BMM_INFO.TRUE_DP.SIMPLE_PRIM36.TDP_SP36_NO_ECC_ATTR.ram/CLKBWRCLK
Min Period        n/a     RAMB36E1/CLKARDCLK  n/a            2.576         20.833      18.257     RAMB36_X0Y3      main_top_i/top_level_0/U0/blk_mem_gen_0/U0/inst_blk_mem_gen/gnbram.gnative_mem_map_bmg.native_mem_map_blk_mem_gen/valid.cstr/ramloop[0].ram.r/prim_noinit.ram/DEVICE_7SERIES.WITH_BMM_INFO.TRUE_DP.SIMPLE_PRIM36.TDP_SP36_NO_ECC_ATTR.ram/CLKARDCLK
Min Period        n/a     BUFG/I              n/a            2.155         20.833      18.678     BUFGCTRL_X0Y2    main_top_i/com_side_wrapper_0/U0/com_side_i/block_test_0/Sindri_QLink_top_0/U0/QLINK1/MMCM48_INST/CLK_BUFG_inst/I
Min Period        n/a     MMCME2_ADV/CLKOUT0  n/a            1.249         20.833      19.584     MMCME2_ADV_X0Y0  main_top_i/com_side_wrapper_0/U0/com_side_i/block_test_0/Sindri_QLink_top_0/U0/QLINK1/MMCM48_INST/MMCME2_BASE_inst/CLKOUT0
Min Period        n/a     FDRE/C              n/a            1.000         20.833      19.833     SLICE_X33Y13     main_top_i/com_side_wrapper_0/U0/com_side_i/block_test_0/Sindri_QLink_top_0/U0/ADDR_O_reg[2]/C
Min Period        n/a     FDRE/C              n/a            1.000         20.833      19.833     SLICE_X33Y13     main_top_i/com_side_wrapper_0/U0/com_side_i/block_test_0/Sindri_QLink_top_0/U0/ADDR_O_reg[3]/C
Min Period        n/a     FDRE/C              n/a            1.000         20.833      19.833     SLICE_X38Y14     main_top_i/com_side_wrapper_0/U0/com_side_i/block_test_0/Sindri_QLink_top_0/U0/ADDR_O_reg[4]/C
Max Period        n/a     MMCME2_ADV/CLKOUT0  n/a            213.360       20.833      192.527    MMCME2_ADV_X0Y0  main_top_i/com_side_wrapper_0/U0/com_side_i/block_test_0/Sindri_QLink_top_0/U0/QLINK1/MMCM48_INST/MMCME2_BASE_inst/CLKOUT0
Low Pulse Width   Slow    SRL16E/CLK          n/a            0.980         10.417      9.437      SLICE_X30Y18     main_top_i/com_side_wrapper_0/U0/com_side_i/block_test_0/blk_mem_gen_0/U0/inst_blk_mem_gen/gnbram.gnative_mem_map_bmg.native_mem_map_blk_mem_gen/valid.cstr/ramloop[1].ram.r/SAFETY_CKT_GEN.RSTA_SHFT_REG_reg[3]_srl3/CLK
Low Pulse Width   Fast    SRL16E/CLK          n/a            0.980         10.417      9.437      SLICE_X30Y18     main_top_i/com_side_wrapper_0/U0/com_side_i/block_test_0/blk_mem_gen_0/U0/inst_blk_mem_gen/gnbram.gnative_mem_map_bmg.native_mem_map_blk_mem_gen/valid.cstr/ramloop[1].ram.r/SAFETY_CKT_GEN.RSTA_SHFT_REG_reg[3]_srl3/CLK
Low Pulse Width   Slow    SRL16E/CLK          n/a            0.980         10.417      9.437      SLICE_X34Y6      main_top_i/com_side_wrapper_0/U0/com_side_i/block_test_0/blk_mem_gen_0/U0/inst_blk_mem_gen/gnbram.gnative_mem_map_bmg.native_mem_map_blk_mem_gen/valid.cstr/ramloop[1].ram.r/SAFETY_CKT_GEN.RSTB_SHFT_REG_reg[3]_srl3/CLK
Low Pulse Width   Fast    SRL16E/CLK          n/a            0.980         10.417      9.437      SLICE_X34Y6      main_top_i/com_side_wrapper_0/U0/com_side_i/block_test_0/blk_mem_gen_0/U0/inst_blk_mem_gen/gnbram.gnative_mem_map_bmg.native_mem_map_blk_mem_gen/valid.cstr/ramloop[1].ram.r/SAFETY_CKT_GEN.RSTB_SHFT_REG_reg[3]_srl3/CLK
Low Pulse Width   Slow    SRL16E/CLK          n/a            0.980         10.417      9.437      SLICE_X30Y18     main_top_i/top_level_0/U0/blk_mem_gen_0/U0/inst_blk_mem_gen/gnbram.gnative_mem_map_bmg.native_mem_map_blk_mem_gen/valid.cstr/ramloop[0].ram.r/SAFETY_CKT_GEN.RSTA_SHFT_REG_reg[3]_srl3/CLK
Low Pulse Width   Fast    SRL16E/CLK          n/a            0.980         10.417      9.437      SLICE_X30Y18     main_top_i/top_level_0/U0/blk_mem_gen_0/U0/inst_blk_mem_gen/gnbram.gnative_mem_map_bmg.native_mem_map_blk_mem_gen/valid.cstr/ramloop[0].ram.r/SAFETY_CKT_GEN.RSTA_SHFT_REG_reg[3]_srl3/CLK
Low Pulse Width   Slow    FDRE/C              n/a            0.500         10.417      9.917      SLICE_X33Y13     main_top_i/com_side_wrapper_0/U0/com_side_i/block_test_0/Sindri_QLink_top_0/U0/ADDR_O_reg[2]/C
Low Pulse Width   Fast    FDRE/C              n/a            0.500         10.417      9.917      SLICE_X33Y13     main_top_i/com_side_wrapper_0/U0/com_side_i/block_test_0/Sindri_QLink_top_0/U0/ADDR_O_reg[2]/C
Low Pulse Width   Slow    FDRE/C              n/a            0.500         10.417      9.917      SLICE_X33Y13     main_top_i/com_side_wrapper_0/U0/com_side_i/block_test_0/Sindri_QLink_top_0/U0/ADDR_O_reg[3]/C
Low Pulse Width   Fast    FDRE/C              n/a            0.500         10.417      9.917      SLICE_X33Y13     main_top_i/com_side_wrapper_0/U0/com_side_i/block_test_0/Sindri_QLink_top_0/U0/ADDR_O_reg[3]/C
High Pulse Width  Slow    SRL16E/CLK          n/a            0.980         10.417      9.437      SLICE_X30Y18     main_top_i/com_side_wrapper_0/U0/com_side_i/block_test_0/blk_mem_gen_0/U0/inst_blk_mem_gen/gnbram.gnative_mem_map_bmg.native_mem_map_blk_mem_gen/valid.cstr/ramloop[1].ram.r/SAFETY_CKT_GEN.RSTA_SHFT_REG_reg[3]_srl3/CLK
High Pulse Width  Fast    SRL16E/CLK          n/a            0.980         10.417      9.437      SLICE_X30Y18     main_top_i/com_side_wrapper_0/U0/com_side_i/block_test_0/blk_mem_gen_0/U0/inst_blk_mem_gen/gnbram.gnative_mem_map_bmg.native_mem_map_blk_mem_gen/valid.cstr/ramloop[1].ram.r/SAFETY_CKT_GEN.RSTA_SHFT_REG_reg[3]_srl3/CLK
High Pulse Width  Slow    SRL16E/CLK          n/a            0.980         10.417      9.437      SLICE_X34Y6      main_top_i/com_side_wrapper_0/U0/com_side_i/block_test_0/blk_mem_gen_0/U0/inst_blk_mem_gen/gnbram.gnative_mem_map_bmg.native_mem_map_blk_mem_gen/valid.cstr/ramloop[1].ram.r/SAFETY_CKT_GEN.RSTB_SHFT_REG_reg[3]_srl3/CLK
High Pulse Width  Fast    SRL16E/CLK          n/a            0.980         10.417      9.437      SLICE_X34Y6      main_top_i/com_side_wrapper_0/U0/com_side_i/block_test_0/blk_mem_gen_0/U0/inst_blk_mem_gen/gnbram.gnative_mem_map_bmg.native_mem_map_blk_mem_gen/valid.cstr/ramloop[1].ram.r/SAFETY_CKT_GEN.RSTB_SHFT_REG_reg[3]_srl3/CLK
High Pulse Width  Slow    SRL16E/CLK          n/a            0.980         10.417      9.437      SLICE_X30Y18     main_top_i/top_level_0/U0/blk_mem_gen_0/U0/inst_blk_mem_gen/gnbram.gnative_mem_map_bmg.native_mem_map_blk_mem_gen/valid.cstr/ramloop[0].ram.r/SAFETY_CKT_GEN.RSTA_SHFT_REG_reg[3]_srl3/CLK
High Pulse Width  Fast    SRL16E/CLK          n/a            0.980         10.417      9.437      SLICE_X30Y18     main_top_i/top_level_0/U0/blk_mem_gen_0/U0/inst_blk_mem_gen/gnbram.gnative_mem_map_bmg.native_mem_map_blk_mem_gen/valid.cstr/ramloop[0].ram.r/SAFETY_CKT_GEN.RSTA_SHFT_REG_reg[3]_srl3/CLK
High Pulse Width  Slow    FDRE/C              n/a            0.500         10.417      9.917      SLICE_X33Y13     main_top_i/com_side_wrapper_0/U0/com_side_i/block_test_0/Sindri_QLink_top_0/U0/ADDR_O_reg[2]/C
High Pulse Width  Fast    FDRE/C              n/a            0.500         10.417      9.917      SLICE_X33Y13     main_top_i/com_side_wrapper_0/U0/com_side_i/block_test_0/Sindri_QLink_top_0/U0/ADDR_O_reg[2]/C
High Pulse Width  Slow    FDRE/C              n/a            0.500         10.417      9.917      SLICE_X33Y13     main_top_i/com_side_wrapper_0/U0/com_side_i/block_test_0/Sindri_QLink_top_0/U0/ADDR_O_reg[3]/C
High Pulse Width  Fast    FDRE/C              n/a            0.500         10.417      9.917      SLICE_X33Y13     main_top_i/com_side_wrapper_0/U0/com_side_i/block_test_0/Sindri_QLink_top_0/U0/ADDR_O_reg[3]/C



---------------------------------------------------------------------------------------------------
From Clock:  CLK25_I
  To Clock:  CLK25_I

Setup :            0  Failing Endpoints,  Worst Slack       31.527ns,  Total Violation        0.000ns
Hold  :            0  Failing Endpoints,  Worst Slack        0.146ns,  Total Violation        0.000ns
PW    :            0  Failing Endpoints,  Worst Slack       15.000ns,  Total Violation        0.000ns
---------------------------------------------------------------------------------------------------


Max Delay Paths
--------------------------------------------------------------------------------------
Slack (MET) :             31.527ns  (required time - arrival time)
  Source:                 main_top_i/top_level_0/U0/row_fetcher_0/U0/plusOp/CLK
                            (rising edge-triggered cell DSP48E1 clocked by CLK25_I  {rise@0.000ns fall@20.000ns period=40.000ns})
  Destination:            main_top_i/top_level_0/U0/row_fetcher_0/U0/FSM_sequential_state_reg[1]/D
                            (rising edge-triggered cell FDRE clocked by CLK25_I  {rise@0.000ns fall@20.000ns period=40.000ns})
  Path Group:             CLK25_I
  Path Type:              Setup (Max at Slow Process Corner)
  Requirement:            40.000ns  (CLK25_I rise@40.000ns - CLK25_I rise@0.000ns)
  Data Path Delay:        8.411ns  (logic 5.492ns (65.295%)  route 2.919ns (34.705%))
  Logic Levels:           5  (CARRY4=2 LUT4=1 LUT5=1 LUT6=1)
  Clock Path Skew:        -0.056ns (DCD - SCD + CPR)
    Destination Clock Delay (DCD):    4.842ns = ( 44.842 - 40.000 ) 
    Source Clock Delay      (SCD):    5.156ns
    Clock Pessimism Removal (CPR):    0.259ns
  Clock Uncertainty:      0.035ns  ((TSJ^2 + TIJ^2)^1/2 + DJ) / 2 + PE
    Total System Jitter     (TSJ):    0.071ns
    Total Input Jitter      (TIJ):    0.000ns
    Discrete Jitter          (DJ):    0.000ns
    Phase Error              (PE):    0.000ns

    Location             Delay type                Incr(ns)  Path(ns)    Netlist Resource(s)
  -------------------------------------------------------------------    -------------------
                         (clock CLK25_I rise edge)    0.000     0.000 r  
    G11                                               0.000     0.000 r  CLK25_I (IN)
                         net (fo=0)                   0.000     0.000    CLK25_I
    G11                  IBUF (Prop_ibuf_I_O)         1.432     1.432 r  CLK25_I_IBUF_inst/O
                         net (fo=1, routed)           1.927     3.360    main_top_i/top_level_0/U0/clocking_0/U0/CLK25_I
    BUFGCTRL_X0Y3        BUFG (Prop_bufg_I_O)         0.096     3.456 r  main_top_i/top_level_0/U0/clocking_0/U0/BUFG_clk/O
                         net (fo=149, routed)         1.700     5.156    main_top_i/top_level_0/U0/row_fetcher_0/U0/O_buff_clk
    DSP48_X0Y11          DSP48E1                                      r  main_top_i/top_level_0/U0/row_fetcher_0/U0/plusOp/CLK
  -------------------------------------------------------------------    -------------------
    DSP48_X0Y11          DSP48E1 (Prop_dsp48e1_CLK_P[2])
                                                      4.009     9.165 r  main_top_i/top_level_0/U0/row_fetcher_0/U0/plusOp/P[2]
                         net (fo=1, routed)           1.144    10.309    main_top_i/top_level_0/U0/row_fetcher_0/U0/plusOp_n_103
    SLICE_X28Y27         LUT6 (Prop_lut6_I2_O)        0.124    10.433 r  main_top_i/top_level_0/U0/row_fetcher_0/U0/FSM_sequential_state[2]_i_10/O
                         net (fo=1, routed)           0.000    10.433    main_top_i/top_level_0/U0/row_fetcher_0/U0/FSM_sequential_state[2]_i_10_n_0
    SLICE_X28Y27         CARRY4 (Prop_carry4_S[0]_CO[3])
                                                      0.513    10.946 r  main_top_i/top_level_0/U0/row_fetcher_0/U0/FSM_sequential_state_reg[2]_i_4/CO[3]
                         net (fo=1, routed)           0.000    10.946    main_top_i/top_level_0/U0/row_fetcher_0/U0/FSM_sequential_state_reg[2]_i_4_n_0
    SLICE_X28Y28         CARRY4 (Prop_carry4_CI_CO[1])
                                                      0.157    11.103 r  main_top_i/top_level_0/U0/row_fetcher_0/U0/FSM_sequential_state_reg[2]_i_3/CO[1]
                         net (fo=1, routed)           1.171    12.274    main_top_i/top_level_0/U0/row_fetcher_0/U0/FSM_sequential_state_reg[2]_i_3_n_2
    SLICE_X32Y25         LUT5 (Prop_lut5_I2_O)        0.362    12.636 r  main_top_i/top_level_0/U0/row_fetcher_0/U0/FSM_sequential_state[2]_i_2/O
                         net (fo=3, routed)           0.604    13.240    main_top_i/top_level_0/U0/row_fetcher_0/U0/FSM_sequential_state[2]_i_2_n_0
    SLICE_X33Y23         LUT4 (Prop_lut4_I2_O)        0.327    13.567 r  main_top_i/top_level_0/U0/row_fetcher_0/U0/FSM_sequential_state[1]_i_1/O
                         net (fo=1, routed)           0.000    13.567    main_top_i/top_level_0/U0/row_fetcher_0/U0/FSM_sequential_state[1]_i_1_n_0
    SLICE_X33Y23         FDRE                                         r  main_top_i/top_level_0/U0/row_fetcher_0/U0/FSM_sequential_state_reg[1]/D
  -------------------------------------------------------------------    -------------------

                         (clock CLK25_I rise edge)   40.000    40.000 r  
    G11                                               0.000    40.000 r  CLK25_I (IN)
                         net (fo=0)                   0.000    40.000    CLK25_I
    G11                  IBUF (Prop_ibuf_I_O)         1.362    41.362 r  CLK25_I_IBUF_inst/O
                         net (fo=1, routed)           1.824    43.186    main_top_i/top_level_0/U0/clocking_0/U0/CLK25_I
    BUFGCTRL_X0Y3        BUFG (Prop_bufg_I_O)         0.091    43.277 r  main_top_i/top_level_0/U0/clocking_0/U0/BUFG_clk/O
                         net (fo=149, routed)         1.564    44.842    main_top_i/top_level_0/U0/row_fetcher_0/U0/O_buff_clk
    SLICE_X33Y23         FDRE                                         r  main_top_i/top_level_0/U0/row_fetcher_0/U0/FSM_sequential_state_reg[1]/C
                         clock pessimism              0.259    45.100    
                         clock uncertainty           -0.035    45.065    
    SLICE_X33Y23         FDRE (Setup_fdre_C_D)        0.029    45.094    main_top_i/top_level_0/U0/row_fetcher_0/U0/FSM_sequential_state_reg[1]
  -------------------------------------------------------------------
                         required time                         45.094    
                         arrival time                         -13.567    
  -------------------------------------------------------------------
                         slack                                 31.527    

Slack (MET) :             31.579ns  (required time - arrival time)
  Source:                 main_top_i/top_level_0/U0/row_fetcher_0/U0/plusOp/CLK
                            (rising edge-triggered cell DSP48E1 clocked by CLK25_I  {rise@0.000ns fall@20.000ns period=40.000ns})
  Destination:            main_top_i/top_level_0/U0/row_fetcher_0/U0/FSM_sequential_state_reg[2]/D
                            (rising edge-triggered cell FDRE clocked by CLK25_I  {rise@0.000ns fall@20.000ns period=40.000ns})
  Path Group:             CLK25_I
  Path Type:              Setup (Max at Slow Process Corner)
  Requirement:            40.000ns  (CLK25_I rise@40.000ns - CLK25_I rise@0.000ns)
  Data Path Delay:        8.405ns  (logic 5.486ns (65.270%)  route 2.919ns (34.730%))
  Logic Levels:           5  (CARRY4=2 LUT4=1 LUT5=1 LUT6=1)
  Clock Path Skew:        -0.056ns (DCD - SCD + CPR)
    Destination Clock Delay (DCD):    4.842ns = ( 44.842 - 40.000 ) 
    Source Clock Delay      (SCD):    5.156ns
    Clock Pessimism Removal (CPR):    0.259ns
  Clock Uncertainty:      0.035ns  ((TSJ^2 + TIJ^2)^1/2 + DJ) / 2 + PE
    Total System Jitter     (TSJ):    0.071ns
    Total Input Jitter      (TIJ):    0.000ns
    Discrete Jitter          (DJ):    0.000ns
    Phase Error              (PE):    0.000ns

    Location             Delay type                Incr(ns)  Path(ns)    Netlist Resource(s)
  -------------------------------------------------------------------    -------------------
                         (clock CLK25_I rise edge)    0.000     0.000 r  
    G11                                               0.000     0.000 r  CLK25_I (IN)
                         net (fo=0)                   0.000     0.000    CLK25_I
    G11                  IBUF (Prop_ibuf_I_O)         1.432     1.432 r  CLK25_I_IBUF_inst/O
                         net (fo=1, routed)           1.927     3.360    main_top_i/top_level_0/U0/clocking_0/U0/CLK25_I
    BUFGCTRL_X0Y3        BUFG (Prop_bufg_I_O)         0.096     3.456 r  main_top_i/top_level_0/U0/clocking_0/U0/BUFG_clk/O
                         net (fo=149, routed)         1.700     5.156    main_top_i/top_level_0/U0/row_fetcher_0/U0/O_buff_clk
    DSP48_X0Y11          DSP48E1                                      r  main_top_i/top_level_0/U0/row_fetcher_0/U0/plusOp/CLK
  -------------------------------------------------------------------    -------------------
    DSP48_X0Y11          DSP48E1 (Prop_dsp48e1_CLK_P[2])
                                                      4.009     9.165 r  main_top_i/top_level_0/U0/row_fetcher_0/U0/plusOp/P[2]
                         net (fo=1, routed)           1.144    10.309    main_top_i/top_level_0/U0/row_fetcher_0/U0/plusOp_n_103
    SLICE_X28Y27         LUT6 (Prop_lut6_I2_O)        0.124    10.433 r  main_top_i/top_level_0/U0/row_fetcher_0/U0/FSM_sequential_state[2]_i_10/O
                         net (fo=1, routed)           0.000    10.433    main_top_i/top_level_0/U0/row_fetcher_0/U0/FSM_sequential_state[2]_i_10_n_0
    SLICE_X28Y27         CARRY4 (Prop_carry4_S[0]_CO[3])
                                                      0.513    10.946 r  main_top_i/top_level_0/U0/row_fetcher_0/U0/FSM_sequential_state_reg[2]_i_4/CO[3]
                         net (fo=1, routed)           0.000    10.946    main_top_i/top_level_0/U0/row_fetcher_0/U0/FSM_sequential_state_reg[2]_i_4_n_0
    SLICE_X28Y28         CARRY4 (Prop_carry4_CI_CO[1])
                                                      0.157    11.103 r  main_top_i/top_level_0/U0/row_fetcher_0/U0/FSM_sequential_state_reg[2]_i_3/CO[1]
                         net (fo=1, routed)           1.171    12.274    main_top_i/top_level_0/U0/row_fetcher_0/U0/FSM_sequential_state_reg[2]_i_3_n_2
    SLICE_X32Y25         LUT5 (Prop_lut5_I2_O)        0.362    12.636 r  main_top_i/top_level_0/U0/row_fetcher_0/U0/FSM_sequential_state[2]_i_2/O
                         net (fo=3, routed)           0.604    13.240    main_top_i/top_level_0/U0/row_fetcher_0/U0/FSM_sequential_state[2]_i_2_n_0
    SLICE_X33Y23         LUT4 (Prop_lut4_I2_O)        0.321    13.561 r  main_top_i/top_level_0/U0/row_fetcher_0/U0/FSM_sequential_state[2]_i_1/O
                         net (fo=1, routed)           0.000    13.561    main_top_i/top_level_0/U0/row_fetcher_0/U0/FSM_sequential_state[2]_i_1_n_0
    SLICE_X33Y23         FDRE                                         r  main_top_i/top_level_0/U0/row_fetcher_0/U0/FSM_sequential_state_reg[2]/D
  -------------------------------------------------------------------    -------------------

                         (clock CLK25_I rise edge)   40.000    40.000 r  
    G11                                               0.000    40.000 r  CLK25_I (IN)
                         net (fo=0)                   0.000    40.000    CLK25_I
    G11                  IBUF (Prop_ibuf_I_O)         1.362    41.362 r  CLK25_I_IBUF_inst/O
                         net (fo=1, routed)           1.824    43.186    main_top_i/top_level_0/U0/clocking_0/U0/CLK25_I
    BUFGCTRL_X0Y3        BUFG (Prop_bufg_I_O)         0.091    43.277 r  main_top_i/top_level_0/U0/clocking_0/U0/BUFG_clk/O
                         net (fo=149, routed)         1.564    44.842    main_top_i/top_level_0/U0/row_fetcher_0/U0/O_buff_clk
    SLICE_X33Y23         FDRE                                         r  main_top_i/top_level_0/U0/row_fetcher_0/U0/FSM_sequential_state_reg[2]/C
                         clock pessimism              0.259    45.100    
                         clock uncertainty           -0.035    45.065    
    SLICE_X33Y23         FDRE (Setup_fdre_C_D)        0.075    45.140    main_top_i/top_level_0/U0/row_fetcher_0/U0/FSM_sequential_state_reg[2]
  -------------------------------------------------------------------
                         required time                         45.140    
                         arrival time                         -13.561    
  -------------------------------------------------------------------
                         slack                                 31.579    

Slack (MET) :             31.834ns  (required time - arrival time)
  Source:                 main_top_i/top_level_0/U0/row_fetcher_0/U0/plusOp/CLK
                            (rising edge-triggered cell DSP48E1 clocked by CLK25_I  {rise@0.000ns fall@20.000ns period=40.000ns})
  Destination:            main_top_i/top_level_0/U0/row_fetcher_0/U0/FSM_sequential_state_reg[0]/D
                            (rising edge-triggered cell FDRE clocked by CLK25_I  {rise@0.000ns fall@20.000ns period=40.000ns})
  Path Group:             CLK25_I
  Path Type:              Setup (Max at Slow Process Corner)
  Requirement:            40.000ns  (CLK25_I rise@40.000ns - CLK25_I rise@0.000ns)
  Data Path Delay:        8.102ns  (logic 5.492ns (67.788%)  route 2.610ns (32.212%))
  Logic Levels:           5  (CARRY4=2 LUT5=2 LUT6=1)
  Clock Path Skew:        -0.058ns (DCD - SCD + CPR)
    Destination Clock Delay (DCD):    4.840ns = ( 44.840 - 40.000 ) 
    Source Clock Delay      (SCD):    5.156ns
    Clock Pessimism Removal (CPR):    0.259ns
  Clock Uncertainty:      0.035ns  ((TSJ^2 + TIJ^2)^1/2 + DJ) / 2 + PE
    Total System Jitter     (TSJ):    0.071ns
    Total Input Jitter      (TIJ):    0.000ns
    Discrete Jitter          (DJ):    0.000ns
    Phase Error              (PE):    0.000ns

    Location             Delay type                Incr(ns)  Path(ns)    Netlist Resource(s)
  -------------------------------------------------------------------    -------------------
                         (clock CLK25_I rise edge)    0.000     0.000 r  
    G11                                               0.000     0.000 r  CLK25_I (IN)
                         net (fo=0)                   0.000     0.000    CLK25_I
    G11                  IBUF (Prop_ibuf_I_O)         1.432     1.432 r  CLK25_I_IBUF_inst/O
                         net (fo=1, routed)           1.927     3.360    main_top_i/top_level_0/U0/clocking_0/U0/CLK25_I
    BUFGCTRL_X0Y3        BUFG (Prop_bufg_I_O)         0.096     3.456 r  main_top_i/top_level_0/U0/clocking_0/U0/BUFG_clk/O
                         net (fo=149, routed)         1.700     5.156    main_top_i/top_level_0/U0/row_fetcher_0/U0/O_buff_clk
    DSP48_X0Y11          DSP48E1                                      r  main_top_i/top_level_0/U0/row_fetcher_0/U0/plusOp/CLK
  -------------------------------------------------------------------    -------------------
    DSP48_X0Y11          DSP48E1 (Prop_dsp48e1_CLK_P[2])
                                                      4.009     9.165 r  main_top_i/top_level_0/U0/row_fetcher_0/U0/plusOp/P[2]
                         net (fo=1, routed)           1.144    10.309    main_top_i/top_level_0/U0/row_fetcher_0/U0/plusOp_n_103
    SLICE_X28Y27         LUT6 (Prop_lut6_I2_O)        0.124    10.433 r  main_top_i/top_level_0/U0/row_fetcher_0/U0/FSM_sequential_state[2]_i_10/O
                         net (fo=1, routed)           0.000    10.433    main_top_i/top_level_0/U0/row_fetcher_0/U0/FSM_sequential_state[2]_i_10_n_0
    SLICE_X28Y27         CARRY4 (Prop_carry4_S[0]_CO[3])
                                                      0.513    10.946 r  main_top_i/top_level_0/U0/row_fetcher_0/U0/FSM_sequential_state_reg[2]_i_4/CO[3]
                         net (fo=1, routed)           0.000    10.946    main_top_i/top_level_0/U0/row_fetcher_0/U0/FSM_sequential_state_reg[2]_i_4_n_0
    SLICE_X28Y28         CARRY4 (Prop_carry4_CI_CO[1])
                                                      0.157    11.103 r  main_top_i/top_level_0/U0/row_fetcher_0/U0/FSM_sequential_state_reg[2]_i_3/CO[1]
                         net (fo=1, routed)           1.171    12.274    main_top_i/top_level_0/U0/row_fetcher_0/U0/FSM_sequential_state_reg[2]_i_3_n_2
    SLICE_X32Y25         LUT5 (Prop_lut5_I2_O)        0.362    12.636 r  main_top_i/top_level_0/U0/row_fetcher_0/U0/FSM_sequential_state[2]_i_2/O
                         net (fo=3, routed)           0.295    12.930    main_top_i/top_level_0/U0/row_fetcher_0/U0/FSM_sequential_state[2]_i_2_n_0
    SLICE_X32Y25         LUT5 (Prop_lut5_I3_O)        0.327    13.257 r  main_top_i/top_level_0/U0/row_fetcher_0/U0/FSM_sequential_state[0]_i_1/O
                         net (fo=1, routed)           0.000    13.257    main_top_i/top_level_0/U0/row_fetcher_0/U0/FSM_sequential_state[0]_i_1_n_0
    SLICE_X32Y25         FDRE                                         r  main_top_i/top_level_0/U0/row_fetcher_0/U0/FSM_sequential_state_reg[0]/D
  -------------------------------------------------------------------    -------------------

                         (clock CLK25_I rise edge)   40.000    40.000 r  
    G11                                               0.000    40.000 r  CLK25_I (IN)
                         net (fo=0)                   0.000    40.000    CLK25_I
    G11                  IBUF (Prop_ibuf_I_O)         1.362    41.362 r  CLK25_I_IBUF_inst/O
                         net (fo=1, routed)           1.824    43.186    main_top_i/top_level_0/U0/clocking_0/U0/CLK25_I
    BUFGCTRL_X0Y3        BUFG (Prop_bufg_I_O)         0.091    43.277 r  main_top_i/top_level_0/U0/clocking_0/U0/BUFG_clk/O
                         net (fo=149, routed)         1.562    44.840    main_top_i/top_level_0/U0/row_fetcher_0/U0/O_buff_clk
    SLICE_X32Y25         FDRE                                         r  main_top_i/top_level_0/U0/row_fetcher_0/U0/FSM_sequential_state_reg[0]/C
                         clock pessimism              0.259    45.098    
                         clock uncertainty           -0.035    45.063    
    SLICE_X32Y25         FDRE (Setup_fdre_C_D)        0.029    45.092    main_top_i/top_level_0/U0/row_fetcher_0/U0/FSM_sequential_state_reg[0]
  -------------------------------------------------------------------
                         required time                         45.092    
                         arrival time                         -13.257    
  -------------------------------------------------------------------
                         slack                                 31.834    

Slack (MET) :             33.712ns  (required time - arrival time)
  Source:                 main_top_i/top_level_0/U0/row_fetcher_0/U0/FSM_sequential_state_reg[1]/C
                            (rising edge-triggered cell FDRE clocked by CLK25_I  {rise@0.000ns fall@20.000ns period=40.000ns})
  Destination:            main_top_i/top_level_0/U0/row_fetcher_0/U0/current_address_reg[1]/R
                            (rising edge-triggered cell FDRE clocked by CLK25_I  {rise@0.000ns fall@20.000ns period=40.000ns})
  Path Group:             CLK25_I
  Path Type:              Setup (Max at Slow Process Corner)
  Requirement:            40.000ns  (CLK25_I rise@40.000ns - CLK25_I rise@0.000ns)
  Data Path Delay:        5.605ns  (logic 0.968ns (17.269%)  route 4.637ns (82.731%))
  Logic Levels:           2  (LUT2=1 LUT3=1)
  Clock Path Skew:        -0.015ns (DCD - SCD + CPR)
    Destination Clock Delay (DCD):    4.849ns = ( 44.849 - 40.000 ) 
    Source Clock Delay      (SCD):    5.136ns
    Clock Pessimism Removal (CPR):    0.273ns
  Clock Uncertainty:      0.035ns  ((TSJ^2 + TIJ^2)^1/2 + DJ) / 2 + PE
    Total System Jitter     (TSJ):    0.071ns
    Total Input Jitter      (TIJ):    0.000ns
    Discrete Jitter          (DJ):    0.000ns
    Phase Error              (PE):    0.000ns

    Location             Delay type                Incr(ns)  Path(ns)    Netlist Resource(s)
  -------------------------------------------------------------------    -------------------
                         (clock CLK25_I rise edge)    0.000     0.000 r  
    G11                                               0.000     0.000 r  CLK25_I (IN)
                         net (fo=0)                   0.000     0.000    CLK25_I
    G11                  IBUF (Prop_ibuf_I_O)         1.432     1.432 r  CLK25_I_IBUF_inst/O
                         net (fo=1, routed)           1.927     3.360    main_top_i/top_level_0/U0/clocking_0/U0/CLK25_I
    BUFGCTRL_X0Y3        BUFG (Prop_bufg_I_O)         0.096     3.456 r  main_top_i/top_level_0/U0/clocking_0/U0/BUFG_clk/O
                         net (fo=149, routed)         1.680     5.136    main_top_i/top_level_0/U0/row_fetcher_0/U0/O_buff_clk
    SLICE_X33Y23         FDRE                                         r  main_top_i/top_level_0/U0/row_fetcher_0/U0/FSM_sequential_state_reg[1]/C
  -------------------------------------------------------------------    -------------------
    SLICE_X33Y23         FDRE (Prop_fdre_C_Q)         0.456     5.592 r  main_top_i/top_level_0/U0/row_fetcher_0/U0/FSM_sequential_state_reg[1]/Q
                         net (fo=14, routed)          1.646     7.238    main_top_i/top_level_0/U0/row_fetcher_0/U0/state[1]
    SLICE_X32Y26         LUT3 (Prop_lut3_I1_O)        0.150     7.388 r  main_top_i/top_level_0/U0/row_fetcher_0/U0/piece_counter[7]_i_2/O
                         net (fo=40, routed)          1.846     9.233    main_top_i/top_level_0/U0/row_fetcher_0/U0/piece_counter[7]_i_2_n_0
    SLICE_X33Y23         LUT2 (Prop_lut2_I0_O)        0.362     9.595 r  main_top_i/top_level_0/U0/row_fetcher_0/U0/piece_counter[7]_i_1/O
                         net (fo=34, routed)          1.146    10.742    main_top_i/top_level_0/U0/row_fetcher_0/U0/piece_counter[7]_i_1_n_0
    SLICE_X32Y17         FDRE                                         r  main_top_i/top_level_0/U0/row_fetcher_0/U0/current_address_reg[1]/R
  -------------------------------------------------------------------    -------------------

                         (clock CLK25_I rise edge)   40.000    40.000 r  
    G11                                               0.000    40.000 r  CLK25_I (IN)
                         net (fo=0)                   0.000    40.000    CLK25_I
    G11                  IBUF (Prop_ibuf_I_O)         1.362    41.362 r  CLK25_I_IBUF_inst/O
                         net (fo=1, routed)           1.824    43.186    main_top_i/top_level_0/U0/clocking_0/U0/CLK25_I
    BUFGCTRL_X0Y3        BUFG (Prop_bufg_I_O)         0.091    43.277 r  main_top_i/top_level_0/U0/clocking_0/U0/BUFG_clk/O
                         net (fo=149, routed)         1.571    44.849    main_top_i/top_level_0/U0/row_fetcher_0/U0/O_buff_clk
    SLICE_X32Y17         FDRE                                         r  main_top_i/top_level_0/U0/row_fetcher_0/U0/current_address_reg[1]/C
                         clock pessimism              0.273    45.121    
                         clock uncertainty           -0.035    45.086    
    SLICE_X32Y17         FDRE (Setup_fdre_C_R)       -0.632    44.454    main_top_i/top_level_0/U0/row_fetcher_0/U0/current_address_reg[1]
  -------------------------------------------------------------------
                         required time                         44.454    
                         arrival time                         -10.742    
  -------------------------------------------------------------------
                         slack                                 33.712    

Slack (MET) :             33.712ns  (required time - arrival time)
  Source:                 main_top_i/top_level_0/U0/row_fetcher_0/U0/FSM_sequential_state_reg[1]/C
                            (rising edge-triggered cell FDRE clocked by CLK25_I  {rise@0.000ns fall@20.000ns period=40.000ns})
  Destination:            main_top_i/top_level_0/U0/row_fetcher_0/U0/current_address_reg[2]/R
                            (rising edge-triggered cell FDRE clocked by CLK25_I  {rise@0.000ns fall@20.000ns period=40.000ns})
  Path Group:             CLK25_I
  Path Type:              Setup (Max at Slow Process Corner)
  Requirement:            40.000ns  (CLK25_I rise@40.000ns - CLK25_I rise@0.000ns)
  Data Path Delay:        5.605ns  (logic 0.968ns (17.269%)  route 4.637ns (82.731%))
  Logic Levels:           2  (LUT2=1 LUT3=1)
  Clock Path Skew:        -0.015ns (DCD - SCD + CPR)
    Destination Clock Delay (DCD):    4.849ns = ( 44.849 - 40.000 ) 
    Source Clock Delay      (SCD):    5.136ns
    Clock Pessimism Removal (CPR):    0.273ns
  Clock Uncertainty:      0.035ns  ((TSJ^2 + TIJ^2)^1/2 + DJ) / 2 + PE
    Total System Jitter     (TSJ):    0.071ns
    Total Input Jitter      (TIJ):    0.000ns
    Discrete Jitter          (DJ):    0.000ns
    Phase Error              (PE):    0.000ns

    Location             Delay type                Incr(ns)  Path(ns)    Netlist Resource(s)
  -------------------------------------------------------------------    -------------------
                         (clock CLK25_I rise edge)    0.000     0.000 r  
    G11                                               0.000     0.000 r  CLK25_I (IN)
                         net (fo=0)                   0.000     0.000    CLK25_I
    G11                  IBUF (Prop_ibuf_I_O)         1.432     1.432 r  CLK25_I_IBUF_inst/O
                         net (fo=1, routed)           1.927     3.360    main_top_i/top_level_0/U0/clocking_0/U0/CLK25_I
    BUFGCTRL_X0Y3        BUFG (Prop_bufg_I_O)         0.096     3.456 r  main_top_i/top_level_0/U0/clocking_0/U0/BUFG_clk/O
                         net (fo=149, routed)         1.680     5.136    main_top_i/top_level_0/U0/row_fetcher_0/U0/O_buff_clk
    SLICE_X33Y23         FDRE                                         r  main_top_i/top_level_0/U0/row_fetcher_0/U0/FSM_sequential_state_reg[1]/C
  -------------------------------------------------------------------    -------------------
    SLICE_X33Y23         FDRE (Prop_fdre_C_Q)         0.456     5.592 r  main_top_i/top_level_0/U0/row_fetcher_0/U0/FSM_sequential_state_reg[1]/Q
                         net (fo=14, routed)          1.646     7.238    main_top_i/top_level_0/U0/row_fetcher_0/U0/state[1]
    SLICE_X32Y26         LUT3 (Prop_lut3_I1_O)        0.150     7.388 r  main_top_i/top_level_0/U0/row_fetcher_0/U0/piece_counter[7]_i_2/O
                         net (fo=40, routed)          1.846     9.233    main_top_i/top_level_0/U0/row_fetcher_0/U0/piece_counter[7]_i_2_n_0
    SLICE_X33Y23         LUT2 (Prop_lut2_I0_O)        0.362     9.595 r  main_top_i/top_level_0/U0/row_fetcher_0/U0/piece_counter[7]_i_1/O
                         net (fo=34, routed)          1.146    10.742    main_top_i/top_level_0/U0/row_fetcher_0/U0/piece_counter[7]_i_1_n_0
    SLICE_X32Y17         FDRE                                         r  main_top_i/top_level_0/U0/row_fetcher_0/U0/current_address_reg[2]/R
  -------------------------------------------------------------------    -------------------

                         (clock CLK25_I rise edge)   40.000    40.000 r  
    G11                                               0.000    40.000 r  CLK25_I (IN)
                         net (fo=0)                   0.000    40.000    CLK25_I
    G11                  IBUF (Prop_ibuf_I_O)         1.362    41.362 r  CLK25_I_IBUF_inst/O
                         net (fo=1, routed)           1.824    43.186    main_top_i/top_level_0/U0/clocking_0/U0/CLK25_I
    BUFGCTRL_X0Y3        BUFG (Prop_bufg_I_O)         0.091    43.277 r  main_top_i/top_level_0/U0/clocking_0/U0/BUFG_clk/O
                         net (fo=149, routed)         1.571    44.849    main_top_i/top_level_0/U0/row_fetcher_0/U0/O_buff_clk
    SLICE_X32Y17         FDRE                                         r  main_top_i/top_level_0/U0/row_fetcher_0/U0/current_address_reg[2]/C
                         clock pessimism              0.273    45.121    
                         clock uncertainty           -0.035    45.086    
    SLICE_X32Y17         FDRE (Setup_fdre_C_R)       -0.632    44.454    main_top_i/top_level_0/U0/row_fetcher_0/U0/current_address_reg[2]
  -------------------------------------------------------------------
                         required time                         44.454    
                         arrival time                         -10.742    
  -------------------------------------------------------------------
                         slack                                 33.712    

Slack (MET) :             33.712ns  (required time - arrival time)
  Source:                 main_top_i/top_level_0/U0/row_fetcher_0/U0/FSM_sequential_state_reg[1]/C
                            (rising edge-triggered cell FDRE clocked by CLK25_I  {rise@0.000ns fall@20.000ns period=40.000ns})
  Destination:            main_top_i/top_level_0/U0/row_fetcher_0/U0/current_address_reg[3]/R
                            (rising edge-triggered cell FDRE clocked by CLK25_I  {rise@0.000ns fall@20.000ns period=40.000ns})
  Path Group:             CLK25_I
  Path Type:              Setup (Max at Slow Process Corner)
  Requirement:            40.000ns  (CLK25_I rise@40.000ns - CLK25_I rise@0.000ns)
  Data Path Delay:        5.605ns  (logic 0.968ns (17.269%)  route 4.637ns (82.731%))
  Logic Levels:           2  (LUT2=1 LUT3=1)
  Clock Path Skew:        -0.015ns (DCD - SCD + CPR)
    Destination Clock Delay (DCD):    4.849ns = ( 44.849 - 40.000 ) 
    Source Clock Delay      (SCD):    5.136ns
    Clock Pessimism Removal (CPR):    0.273ns
  Clock Uncertainty:      0.035ns  ((TSJ^2 + TIJ^2)^1/2 + DJ) / 2 + PE
    Total System Jitter     (TSJ):    0.071ns
    Total Input Jitter      (TIJ):    0.000ns
    Discrete Jitter          (DJ):    0.000ns
    Phase Error              (PE):    0.000ns

    Location             Delay type                Incr(ns)  Path(ns)    Netlist Resource(s)
  -------------------------------------------------------------------    -------------------
                         (clock CLK25_I rise edge)    0.000     0.000 r  
    G11                                               0.000     0.000 r  CLK25_I (IN)
                         net (fo=0)                   0.000     0.000    CLK25_I
    G11                  IBUF (Prop_ibuf_I_O)         1.432     1.432 r  CLK25_I_IBUF_inst/O
                         net (fo=1, routed)           1.927     3.360    main_top_i/top_level_0/U0/clocking_0/U0/CLK25_I
    BUFGCTRL_X0Y3        BUFG (Prop_bufg_I_O)         0.096     3.456 r  main_top_i/top_level_0/U0/clocking_0/U0/BUFG_clk/O
                         net (fo=149, routed)         1.680     5.136    main_top_i/top_level_0/U0/row_fetcher_0/U0/O_buff_clk
    SLICE_X33Y23         FDRE                                         r  main_top_i/top_level_0/U0/row_fetcher_0/U0/FSM_sequential_state_reg[1]/C
  -------------------------------------------------------------------    -------------------
    SLICE_X33Y23         FDRE (Prop_fdre_C_Q)         0.456     5.592 r  main_top_i/top_level_0/U0/row_fetcher_0/U0/FSM_sequential_state_reg[1]/Q
                         net (fo=14, routed)          1.646     7.238    main_top_i/top_level_0/U0/row_fetcher_0/U0/state[1]
    SLICE_X32Y26         LUT3 (Prop_lut3_I1_O)        0.150     7.388 r  main_top_i/top_level_0/U0/row_fetcher_0/U0/piece_counter[7]_i_2/O
                         net (fo=40, routed)          1.846     9.233    main_top_i/top_level_0/U0/row_fetcher_0/U0/piece_counter[7]_i_2_n_0
    SLICE_X33Y23         LUT2 (Prop_lut2_I0_O)        0.362     9.595 r  main_top_i/top_level_0/U0/row_fetcher_0/U0/piece_counter[7]_i_1/O
                         net (fo=34, routed)          1.146    10.742    main_top_i/top_level_0/U0/row_fetcher_0/U0/piece_counter[7]_i_1_n_0
    SLICE_X32Y17         FDRE                                         r  main_top_i/top_level_0/U0/row_fetcher_0/U0/current_address_reg[3]/R
  -------------------------------------------------------------------    -------------------

                         (clock CLK25_I rise edge)   40.000    40.000 r  
    G11                                               0.000    40.000 r  CLK25_I (IN)
                         net (fo=0)                   0.000    40.000    CLK25_I
    G11                  IBUF (Prop_ibuf_I_O)         1.362    41.362 r  CLK25_I_IBUF_inst/O
                         net (fo=1, routed)           1.824    43.186    main_top_i/top_level_0/U0/clocking_0/U0/CLK25_I
    BUFGCTRL_X0Y3        BUFG (Prop_bufg_I_O)         0.091    43.277 r  main_top_i/top_level_0/U0/clocking_0/U0/BUFG_clk/O
                         net (fo=149, routed)         1.571    44.849    main_top_i/top_level_0/U0/row_fetcher_0/U0/O_buff_clk
    SLICE_X32Y17         FDRE                                         r  main_top_i/top_level_0/U0/row_fetcher_0/U0/current_address_reg[3]/C
                         clock pessimism              0.273    45.121    
                         clock uncertainty           -0.035    45.086    
    SLICE_X32Y17         FDRE (Setup_fdre_C_R)       -0.632    44.454    main_top_i/top_level_0/U0/row_fetcher_0/U0/current_address_reg[3]
  -------------------------------------------------------------------
                         required time                         44.454    
                         arrival time                         -10.742    
  -------------------------------------------------------------------
                         slack                                 33.712    

Slack (MET) :             33.712ns  (required time - arrival time)
  Source:                 main_top_i/top_level_0/U0/row_fetcher_0/U0/FSM_sequential_state_reg[1]/C
                            (rising edge-triggered cell FDRE clocked by CLK25_I  {rise@0.000ns fall@20.000ns period=40.000ns})
  Destination:            main_top_i/top_level_0/U0/row_fetcher_0/U0/current_address_reg[4]/R
                            (rising edge-triggered cell FDRE clocked by CLK25_I  {rise@0.000ns fall@20.000ns period=40.000ns})
  Path Group:             CLK25_I
  Path Type:              Setup (Max at Slow Process Corner)
  Requirement:            40.000ns  (CLK25_I rise@40.000ns - CLK25_I rise@0.000ns)
  Data Path Delay:        5.605ns  (logic 0.968ns (17.269%)  route 4.637ns (82.731%))
  Logic Levels:           2  (LUT2=1 LUT3=1)
  Clock Path Skew:        -0.015ns (DCD - SCD + CPR)
    Destination Clock Delay (DCD):    4.849ns = ( 44.849 - 40.000 ) 
    Source Clock Delay      (SCD):    5.136ns
    Clock Pessimism Removal (CPR):    0.273ns
  Clock Uncertainty:      0.035ns  ((TSJ^2 + TIJ^2)^1/2 + DJ) / 2 + PE
    Total System Jitter     (TSJ):    0.071ns
    Total Input Jitter      (TIJ):    0.000ns
    Discrete Jitter          (DJ):    0.000ns
    Phase Error              (PE):    0.000ns

    Location             Delay type                Incr(ns)  Path(ns)    Netlist Resource(s)
  -------------------------------------------------------------------    -------------------
                         (clock CLK25_I rise edge)    0.000     0.000 r  
    G11                                               0.000     0.000 r  CLK25_I (IN)
                         net (fo=0)                   0.000     0.000    CLK25_I
    G11                  IBUF (Prop_ibuf_I_O)         1.432     1.432 r  CLK25_I_IBUF_inst/O
                         net (fo=1, routed)           1.927     3.360    main_top_i/top_level_0/U0/clocking_0/U0/CLK25_I
    BUFGCTRL_X0Y3        BUFG (Prop_bufg_I_O)         0.096     3.456 r  main_top_i/top_level_0/U0/clocking_0/U0/BUFG_clk/O
                         net (fo=149, routed)         1.680     5.136    main_top_i/top_level_0/U0/row_fetcher_0/U0/O_buff_clk
    SLICE_X33Y23         FDRE                                         r  main_top_i/top_level_0/U0/row_fetcher_0/U0/FSM_sequential_state_reg[1]/C
  -------------------------------------------------------------------    -------------------
    SLICE_X33Y23         FDRE (Prop_fdre_C_Q)         0.456     5.592 r  main_top_i/top_level_0/U0/row_fetcher_0/U0/FSM_sequential_state_reg[1]/Q
                         net (fo=14, routed)          1.646     7.238    main_top_i/top_level_0/U0/row_fetcher_0/U0/state[1]
    SLICE_X32Y26         LUT3 (Prop_lut3_I1_O)        0.150     7.388 r  main_top_i/top_level_0/U0/row_fetcher_0/U0/piece_counter[7]_i_2/O
                         net (fo=40, routed)          1.846     9.233    main_top_i/top_level_0/U0/row_fetcher_0/U0/piece_counter[7]_i_2_n_0
    SLICE_X33Y23         LUT2 (Prop_lut2_I0_O)        0.362     9.595 r  main_top_i/top_level_0/U0/row_fetcher_0/U0/piece_counter[7]_i_1/O
                         net (fo=34, routed)          1.146    10.742    main_top_i/top_level_0/U0/row_fetcher_0/U0/piece_counter[7]_i_1_n_0
    SLICE_X32Y17         FDRE                                         r  main_top_i/top_level_0/U0/row_fetcher_0/U0/current_address_reg[4]/R
  -------------------------------------------------------------------    -------------------

                         (clock CLK25_I rise edge)   40.000    40.000 r  
    G11                                               0.000    40.000 r  CLK25_I (IN)
                         net (fo=0)                   0.000    40.000    CLK25_I
    G11                  IBUF (Prop_ibuf_I_O)         1.362    41.362 r  CLK25_I_IBUF_inst/O
                         net (fo=1, routed)           1.824    43.186    main_top_i/top_level_0/U0/clocking_0/U0/CLK25_I
    BUFGCTRL_X0Y3        BUFG (Prop_bufg_I_O)         0.091    43.277 r  main_top_i/top_level_0/U0/clocking_0/U0/BUFG_clk/O
                         net (fo=149, routed)         1.571    44.849    main_top_i/top_level_0/U0/row_fetcher_0/U0/O_buff_clk
    SLICE_X32Y17         FDRE                                         r  main_top_i/top_level_0/U0/row_fetcher_0/U0/current_address_reg[4]/C
                         clock pessimism              0.273    45.121    
                         clock uncertainty           -0.035    45.086    
    SLICE_X32Y17         FDRE (Setup_fdre_C_R)       -0.632    44.454    main_top_i/top_level_0/U0/row_fetcher_0/U0/current_address_reg[4]
  -------------------------------------------------------------------
                         required time                         44.454    
                         arrival time                         -10.742    
  -------------------------------------------------------------------
                         slack                                 33.712    

Slack (MET) :             33.851ns  (required time - arrival time)
  Source:                 main_top_i/top_level_0/U0/row_fetcher_0/U0/FSM_sequential_state_reg[1]/C
                            (rising edge-triggered cell FDRE clocked by CLK25_I  {rise@0.000ns fall@20.000ns period=40.000ns})
  Destination:            main_top_i/top_level_0/U0/row_fetcher_0/U0/current_address_reg[5]/R
                            (rising edge-triggered cell FDRE clocked by CLK25_I  {rise@0.000ns fall@20.000ns period=40.000ns})
  Path Group:             CLK25_I
  Path Type:              Setup (Max at Slow Process Corner)
  Requirement:            40.000ns  (CLK25_I rise@40.000ns - CLK25_I rise@0.000ns)
  Data Path Delay:        5.465ns  (logic 0.968ns (17.714%)  route 4.497ns (82.286%))
  Logic Levels:           2  (LUT2=1 LUT3=1)
  Clock Path Skew:        -0.017ns (DCD - SCD + CPR)
    Destination Clock Delay (DCD):    4.847ns = ( 44.847 - 40.000 ) 
    Source Clock Delay      (SCD):    5.136ns
    Clock Pessimism Removal (CPR):    0.273ns
  Clock Uncertainty:      0.035ns  ((TSJ^2 + TIJ^2)^1/2 + DJ) / 2 + PE
    Total System Jitter     (TSJ):    0.071ns
    Total Input Jitter      (TIJ):    0.000ns
    Discrete Jitter          (DJ):    0.000ns
    Phase Error              (PE):    0.000ns

    Location             Delay type                Incr(ns)  Path(ns)    Netlist Resource(s)
  -------------------------------------------------------------------    -------------------
                         (clock CLK25_I rise edge)    0.000     0.000 r  
    G11                                               0.000     0.000 r  CLK25_I (IN)
                         net (fo=0)                   0.000     0.000    CLK25_I
    G11                  IBUF (Prop_ibuf_I_O)         1.432     1.432 r  CLK25_I_IBUF_inst/O
                         net (fo=1, routed)           1.927     3.360    main_top_i/top_level_0/U0/clocking_0/U0/CLK25_I
    BUFGCTRL_X0Y3        BUFG (Prop_bufg_I_O)         0.096     3.456 r  main_top_i/top_level_0/U0/clocking_0/U0/BUFG_clk/O
                         net (fo=149, routed)         1.680     5.136    main_top_i/top_level_0/U0/row_fetcher_0/U0/O_buff_clk
    SLICE_X33Y23         FDRE                                         r  main_top_i/top_level_0/U0/row_fetcher_0/U0/FSM_sequential_state_reg[1]/C
  -------------------------------------------------------------------    -------------------
    SLICE_X33Y23         FDRE (Prop_fdre_C_Q)         0.456     5.592 r  main_top_i/top_level_0/U0/row_fetcher_0/U0/FSM_sequential_state_reg[1]/Q
                         net (fo=14, routed)          1.646     7.238    main_top_i/top_level_0/U0/row_fetcher_0/U0/state[1]
    SLICE_X32Y26         LUT3 (Prop_lut3_I1_O)        0.150     7.388 r  main_top_i/top_level_0/U0/row_fetcher_0/U0/piece_counter[7]_i_2/O
                         net (fo=40, routed)          1.846     9.233    main_top_i/top_level_0/U0/row_fetcher_0/U0/piece_counter[7]_i_2_n_0
    SLICE_X33Y23         LUT2 (Prop_lut2_I0_O)        0.362     9.595 r  main_top_i/top_level_0/U0/row_fetcher_0/U0/piece_counter[7]_i_1/O
                         net (fo=34, routed)          1.005    10.601    main_top_i/top_level_0/U0/row_fetcher_0/U0/piece_counter[7]_i_1_n_0
    SLICE_X32Y18         FDRE                                         r  main_top_i/top_level_0/U0/row_fetcher_0/U0/current_address_reg[5]/R
  -------------------------------------------------------------------    -------------------

                         (clock CLK25_I rise edge)   40.000    40.000 r  
    G11                                               0.000    40.000 r  CLK25_I (IN)
                         net (fo=0)                   0.000    40.000    CLK25_I
    G11                  IBUF (Prop_ibuf_I_O)         1.362    41.362 r  CLK25_I_IBUF_inst/O
                         net (fo=1, routed)           1.824    43.186    main_top_i/top_level_0/U0/clocking_0/U0/CLK25_I
    BUFGCTRL_X0Y3        BUFG (Prop_bufg_I_O)         0.091    43.277 r  main_top_i/top_level_0/U0/clocking_0/U0/BUFG_clk/O
                         net (fo=149, routed)         1.569    44.847    main_top_i/top_level_0/U0/row_fetcher_0/U0/O_buff_clk
    SLICE_X32Y18         FDRE                                         r  main_top_i/top_level_0/U0/row_fetcher_0/U0/current_address_reg[5]/C
                         clock pessimism              0.273    45.119    
                         clock uncertainty           -0.035    45.084    
    SLICE_X32Y18         FDRE (Setup_fdre_C_R)       -0.632    44.452    main_top_i/top_level_0/U0/row_fetcher_0/U0/current_address_reg[5]
  -------------------------------------------------------------------
                         required time                         44.452    
                         arrival time                         -10.601    
  -------------------------------------------------------------------
                         slack                                 33.851    

Slack (MET) :             33.851ns  (required time - arrival time)
  Source:                 main_top_i/top_level_0/U0/row_fetcher_0/U0/FSM_sequential_state_reg[1]/C
                            (rising edge-triggered cell FDRE clocked by CLK25_I  {rise@0.000ns fall@20.000ns period=40.000ns})
  Destination:            main_top_i/top_level_0/U0/row_fetcher_0/U0/current_address_reg[6]/R
                            (rising edge-triggered cell FDRE clocked by CLK25_I  {rise@0.000ns fall@20.000ns period=40.000ns})
  Path Group:             CLK25_I
  Path Type:              Setup (Max at Slow Process Corner)
  Requirement:            40.000ns  (CLK25_I rise@40.000ns - CLK25_I rise@0.000ns)
  Data Path Delay:        5.465ns  (logic 0.968ns (17.714%)  route 4.497ns (82.286%))
  Logic Levels:           2  (LUT2=1 LUT3=1)
  Clock Path Skew:        -0.017ns (DCD - SCD + CPR)
    Destination Clock Delay (DCD):    4.847ns = ( 44.847 - 40.000 ) 
    Source Clock Delay      (SCD):    5.136ns
    Clock Pessimism Removal (CPR):    0.273ns
  Clock Uncertainty:      0.035ns  ((TSJ^2 + TIJ^2)^1/2 + DJ) / 2 + PE
    Total System Jitter     (TSJ):    0.071ns
    Total Input Jitter      (TIJ):    0.000ns
    Discrete Jitter          (DJ):    0.000ns
    Phase Error              (PE):    0.000ns

    Location             Delay type                Incr(ns)  Path(ns)    Netlist Resource(s)
  -------------------------------------------------------------------    -------------------
                         (clock CLK25_I rise edge)    0.000     0.000 r  
    G11                                               0.000     0.000 r  CLK25_I (IN)
                         net (fo=0)                   0.000     0.000    CLK25_I
    G11                  IBUF (Prop_ibuf_I_O)         1.432     1.432 r  CLK25_I_IBUF_inst/O
                         net (fo=1, routed)           1.927     3.360    main_top_i/top_level_0/U0/clocking_0/U0/CLK25_I
    BUFGCTRL_X0Y3        BUFG (Prop_bufg_I_O)         0.096     3.456 r  main_top_i/top_level_0/U0/clocking_0/U0/BUFG_clk/O
                         net (fo=149, routed)         1.680     5.136    main_top_i/top_level_0/U0/row_fetcher_0/U0/O_buff_clk
    SLICE_X33Y23         FDRE                                         r  main_top_i/top_level_0/U0/row_fetcher_0/U0/FSM_sequential_state_reg[1]/C
  -------------------------------------------------------------------    -------------------
    SLICE_X33Y23         FDRE (Prop_fdre_C_Q)         0.456     5.592 r  main_top_i/top_level_0/U0/row_fetcher_0/U0/FSM_sequential_state_reg[1]/Q
                         net (fo=14, routed)          1.646     7.238    main_top_i/top_level_0/U0/row_fetcher_0/U0/state[1]
    SLICE_X32Y26         LUT3 (Prop_lut3_I1_O)        0.150     7.388 r  main_top_i/top_level_0/U0/row_fetcher_0/U0/piece_counter[7]_i_2/O
                         net (fo=40, routed)          1.846     9.233    main_top_i/top_level_0/U0/row_fetcher_0/U0/piece_counter[7]_i_2_n_0
    SLICE_X33Y23         LUT2 (Prop_lut2_I0_O)        0.362     9.595 r  main_top_i/top_level_0/U0/row_fetcher_0/U0/piece_counter[7]_i_1/O
                         net (fo=34, routed)          1.005    10.601    main_top_i/top_level_0/U0/row_fetcher_0/U0/piece_counter[7]_i_1_n_0
    SLICE_X32Y18         FDRE                                         r  main_top_i/top_level_0/U0/row_fetcher_0/U0/current_address_reg[6]/R
  -------------------------------------------------------------------    -------------------

                         (clock CLK25_I rise edge)   40.000    40.000 r  
    G11                                               0.000    40.000 r  CLK25_I (IN)
                         net (fo=0)                   0.000    40.000    CLK25_I
    G11                  IBUF (Prop_ibuf_I_O)         1.362    41.362 r  CLK25_I_IBUF_inst/O
                         net (fo=1, routed)           1.824    43.186    main_top_i/top_level_0/U0/clocking_0/U0/CLK25_I
    BUFGCTRL_X0Y3        BUFG (Prop_bufg_I_O)         0.091    43.277 r  main_top_i/top_level_0/U0/clocking_0/U0/BUFG_clk/O
                         net (fo=149, routed)         1.569    44.847    main_top_i/top_level_0/U0/row_fetcher_0/U0/O_buff_clk
    SLICE_X32Y18         FDRE                                         r  main_top_i/top_level_0/U0/row_fetcher_0/U0/current_address_reg[6]/C
                         clock pessimism              0.273    45.119    
                         clock uncertainty           -0.035    45.084    
    SLICE_X32Y18         FDRE (Setup_fdre_C_R)       -0.632    44.452    main_top_i/top_level_0/U0/row_fetcher_0/U0/current_address_reg[6]
  -------------------------------------------------------------------
                         required time                         44.452    
                         arrival time                         -10.601    
  -------------------------------------------------------------------
                         slack                                 33.851    

Slack (MET) :             33.851ns  (required time - arrival time)
  Source:                 main_top_i/top_level_0/U0/row_fetcher_0/U0/FSM_sequential_state_reg[1]/C
                            (rising edge-triggered cell FDRE clocked by CLK25_I  {rise@0.000ns fall@20.000ns period=40.000ns})
  Destination:            main_top_i/top_level_0/U0/row_fetcher_0/U0/current_address_reg[7]/R
                            (rising edge-triggered cell FDRE clocked by CLK25_I  {rise@0.000ns fall@20.000ns period=40.000ns})
  Path Group:             CLK25_I
  Path Type:              Setup (Max at Slow Process Corner)
  Requirement:            40.000ns  (CLK25_I rise@40.000ns - CLK25_I rise@0.000ns)
  Data Path Delay:        5.465ns  (logic 0.968ns (17.714%)  route 4.497ns (82.286%))
  Logic Levels:           2  (LUT2=1 LUT3=1)
  Clock Path Skew:        -0.017ns (DCD - SCD + CPR)
    Destination Clock Delay (DCD):    4.847ns = ( 44.847 - 40.000 ) 
    Source Clock Delay      (SCD):    5.136ns
    Clock Pessimism Removal (CPR):    0.273ns
  Clock Uncertainty:      0.035ns  ((TSJ^2 + TIJ^2)^1/2 + DJ) / 2 + PE
    Total System Jitter     (TSJ):    0.071ns
    Total Input Jitter      (TIJ):    0.000ns
    Discrete Jitter          (DJ):    0.000ns
    Phase Error              (PE):    0.000ns

    Location             Delay type                Incr(ns)  Path(ns)    Netlist Resource(s)
  -------------------------------------------------------------------    -------------------
                         (clock CLK25_I rise edge)    0.000     0.000 r  
    G11                                               0.000     0.000 r  CLK25_I (IN)
                         net (fo=0)                   0.000     0.000    CLK25_I
    G11                  IBUF (Prop_ibuf_I_O)         1.432     1.432 r  CLK25_I_IBUF_inst/O
                         net (fo=1, routed)           1.927     3.360    main_top_i/top_level_0/U0/clocking_0/U0/CLK25_I
    BUFGCTRL_X0Y3        BUFG (Prop_bufg_I_O)         0.096     3.456 r  main_top_i/top_level_0/U0/clocking_0/U0/BUFG_clk/O
                         net (fo=149, routed)         1.680     5.136    main_top_i/top_level_0/U0/row_fetcher_0/U0/O_buff_clk
    SLICE_X33Y23         FDRE                                         r  main_top_i/top_level_0/U0/row_fetcher_0/U0/FSM_sequential_state_reg[1]/C
  -------------------------------------------------------------------    -------------------
    SLICE_X33Y23         FDRE (Prop_fdre_C_Q)         0.456     5.592 r  main_top_i/top_level_0/U0/row_fetcher_0/U0/FSM_sequential_state_reg[1]/Q
                         net (fo=14, routed)          1.646     7.238    main_top_i/top_level_0/U0/row_fetcher_0/U0/state[1]
    SLICE_X32Y26         LUT3 (Prop_lut3_I1_O)        0.150     7.388 r  main_top_i/top_level_0/U0/row_fetcher_0/U0/piece_counter[7]_i_2/O
                         net (fo=40, routed)          1.846     9.233    main_top_i/top_level_0/U0/row_fetcher_0/U0/piece_counter[7]_i_2_n_0
    SLICE_X33Y23         LUT2 (Prop_lut2_I0_O)        0.362     9.595 r  main_top_i/top_level_0/U0/row_fetcher_0/U0/piece_counter[7]_i_1/O
                         net (fo=34, routed)          1.005    10.601    main_top_i/top_level_0/U0/row_fetcher_0/U0/piece_counter[7]_i_1_n_0
    SLICE_X32Y18         FDRE                                         r  main_top_i/top_level_0/U0/row_fetcher_0/U0/current_address_reg[7]/R
  -------------------------------------------------------------------    -------------------

                         (clock CLK25_I rise edge)   40.000    40.000 r  
    G11                                               0.000    40.000 r  CLK25_I (IN)
                         net (fo=0)                   0.000    40.000    CLK25_I
    G11                  IBUF (Prop_ibuf_I_O)         1.362    41.362 r  CLK25_I_IBUF_inst/O
                         net (fo=1, routed)           1.824    43.186    main_top_i/top_level_0/U0/clocking_0/U0/CLK25_I
    BUFGCTRL_X0Y3        BUFG (Prop_bufg_I_O)         0.091    43.277 r  main_top_i/top_level_0/U0/clocking_0/U0/BUFG_clk/O
                         net (fo=149, routed)         1.569    44.847    main_top_i/top_level_0/U0/row_fetcher_0/U0/O_buff_clk
    SLICE_X32Y18         FDRE                                         r  main_top_i/top_level_0/U0/row_fetcher_0/U0/current_address_reg[7]/C
                         clock pessimism              0.273    45.119    
                         clock uncertainty           -0.035    45.084    
    SLICE_X32Y18         FDRE (Setup_fdre_C_R)       -0.632    44.452    main_top_i/top_level_0/U0/row_fetcher_0/U0/current_address_reg[7]
  -------------------------------------------------------------------
                         required time                         44.452    
                         arrival time                         -10.601    
  -------------------------------------------------------------------
                         slack                                 33.851    





Min Delay Paths
--------------------------------------------------------------------------------------
Slack (MET) :             0.146ns  (arrival time - required time)
  Source:                 main_top_i/top_level_0/U0/row_fetcher_0/U0/current_address_reg[3]/C
                            (rising edge-triggered cell FDRE clocked by CLK25_I  {rise@0.000ns fall@20.000ns period=40.000ns})
  Destination:            main_top_i/top_level_0/U0/row_fetcher_0/U0/read_addr_reg[3]/D
                            (rising edge-triggered cell FDRE clocked by CLK25_I  {rise@0.000ns fall@20.000ns period=40.000ns})
  Path Group:             CLK25_I
  Path Type:              Hold (Min at Fast Process Corner)
  Requirement:            0.000ns  (CLK25_I rise@0.000ns - CLK25_I rise@0.000ns)
  Data Path Delay:        0.206ns  (logic 0.141ns (68.396%)  route 0.065ns (31.604%))
  Logic Levels:           0  
  Clock Path Skew:        0.013ns (DCD - SCD - CPR)
    Destination Clock Delay (DCD):    1.931ns
    Source Clock Delay      (SCD):    1.420ns
    Clock Pessimism Removal (CPR):    0.498ns

    Location             Delay type                Incr(ns)  Path(ns)    Netlist Resource(s)
  -------------------------------------------------------------------    -------------------
                         (clock CLK25_I rise edge)    0.000     0.000 r  
    G11                                               0.000     0.000 r  CLK25_I (IN)
                         net (fo=0)                   0.000     0.000    CLK25_I
    G11                  IBUF (Prop_ibuf_I_O)         0.201     0.201 r  CLK25_I_IBUF_inst/O
                         net (fo=1, routed)           0.607     0.808    main_top_i/top_level_0/U0/clocking_0/U0/CLK25_I
    BUFGCTRL_X0Y3        BUFG (Prop_bufg_I_O)         0.026     0.834 r  main_top_i/top_level_0/U0/clocking_0/U0/BUFG_clk/O
                         net (fo=149, routed)         0.587     1.420    main_top_i/top_level_0/U0/row_fetcher_0/U0/O_buff_clk
    SLICE_X32Y17         FDRE                                         r  main_top_i/top_level_0/U0/row_fetcher_0/U0/current_address_reg[3]/C
  -------------------------------------------------------------------    -------------------
    SLICE_X32Y17         FDRE (Prop_fdre_C_Q)         0.141     1.561 r  main_top_i/top_level_0/U0/row_fetcher_0/U0/current_address_reg[3]/Q
                         net (fo=3, routed)           0.065     1.626    main_top_i/top_level_0/U0/row_fetcher_0/U0/current_address_reg_n_0_[3]
    SLICE_X33Y17         FDRE                                         r  main_top_i/top_level_0/U0/row_fetcher_0/U0/read_addr_reg[3]/D
  -------------------------------------------------------------------    -------------------

                         (clock CLK25_I rise edge)    0.000     0.000 r  
    G11                                               0.000     0.000 r  CLK25_I (IN)
                         net (fo=0)                   0.000     0.000    CLK25_I
    G11                  IBUF (Prop_ibuf_I_O)         0.388     0.388 r  CLK25_I_IBUF_inst/O
                         net (fo=1, routed)           0.660     1.048    main_top_i/top_level_0/U0/clocking_0/U0/CLK25_I
    BUFGCTRL_X0Y3        BUFG (Prop_bufg_I_O)         0.029     1.077 r  main_top_i/top_level_0/U0/clocking_0/U0/BUFG_clk/O
                         net (fo=149, routed)         0.855     1.931    main_top_i/top_level_0/U0/row_fetcher_0/U0/O_buff_clk
    SLICE_X33Y17         FDRE                                         r  main_top_i/top_level_0/U0/row_fetcher_0/U0/read_addr_reg[3]/C
                         clock pessimism             -0.498     1.433    
    SLICE_X33Y17         FDRE (Hold_fdre_C_D)         0.047     1.480    main_top_i/top_level_0/U0/row_fetcher_0/U0/read_addr_reg[3]
  -------------------------------------------------------------------
                         required time                         -1.480    
                         arrival time                           1.626    
  -------------------------------------------------------------------
                         slack                                  0.146    

Slack (MET) :             0.160ns  (arrival time - required time)
  Source:                 main_top_i/top_level_0/U0/blk_mem_gen_0/U0/inst_blk_mem_gen/gnbram.gnative_mem_map_bmg.native_mem_map_blk_mem_gen/valid.cstr/ramloop[0].ram.r/SAFETY_CKT_GEN.POR_B_reg/C
                            (rising edge-triggered cell FDRE clocked by CLK25_I  {rise@0.000ns fall@20.000ns period=40.000ns})
  Destination:            main_top_i/top_level_0/U0/blk_mem_gen_0/U0/inst_blk_mem_gen/gnbram.gnative_mem_map_bmg.native_mem_map_blk_mem_gen/valid.cstr/ramloop[0].ram.r/prim_noinit.ram/DEVICE_7SERIES.WITH_BMM_INFO.TRUE_DP.SIMPLE_PRIM36.TDP_SP36_NO_ECC_ATTR.ram/RSTRAMB
                            (rising edge-triggered cell RAMB36E1 clocked by CLK25_I  {rise@0.000ns fall@20.000ns period=40.000ns})
  Path Group:             CLK25_I
  Path Type:              Hold (Min at Fast Process Corner)
  Requirement:            0.000ns  (CLK25_I rise@0.000ns - CLK25_I rise@0.000ns)
  Data Path Delay:        0.409ns  (logic 0.141ns (34.479%)  route 0.268ns (65.521%))
  Logic Levels:           0  
  Clock Path Skew:        0.059ns (DCD - SCD - CPR)
    Destination Clock Delay (DCD):    1.947ns
    Source Clock Delay      (SCD):    1.391ns
    Clock Pessimism Removal (CPR):    0.496ns

    Location             Delay type                Incr(ns)  Path(ns)    Netlist Resource(s)
  -------------------------------------------------------------------    -------------------
                         (clock CLK25_I rise edge)    0.000     0.000 r  
    G11                                               0.000     0.000 r  CLK25_I (IN)
                         net (fo=0)                   0.000     0.000    CLK25_I
    G11                  IBUF (Prop_ibuf_I_O)         0.201     0.201 r  CLK25_I_IBUF_inst/O
                         net (fo=1, routed)           0.607     0.808    main_top_i/top_level_0/U0/clocking_0/U0/CLK25_I
    BUFGCTRL_X0Y3        BUFG (Prop_bufg_I_O)         0.026     0.834 r  main_top_i/top_level_0/U0/clocking_0/U0/BUFG_clk/O
                         net (fo=149, routed)         0.558     1.391    main_top_i/top_level_0/U0/blk_mem_gen_0/U0/inst_blk_mem_gen/gnbram.gnative_mem_map_bmg.native_mem_map_blk_mem_gen/valid.cstr/ramloop[0].ram.r/clkb
    SLICE_X31Y19         FDRE                                         r  main_top_i/top_level_0/U0/blk_mem_gen_0/U0/inst_blk_mem_gen/gnbram.gnative_mem_map_bmg.native_mem_map_blk_mem_gen/valid.cstr/ramloop[0].ram.r/SAFETY_CKT_GEN.POR_B_reg/C
  -------------------------------------------------------------------    -------------------
    SLICE_X31Y19         FDRE (Prop_fdre_C_Q)         0.141     1.532 r  main_top_i/top_level_0/U0/blk_mem_gen_0/U0/inst_blk_mem_gen/gnbram.gnative_mem_map_bmg.native_mem_map_blk_mem_gen/valid.cstr/ramloop[0].ram.r/SAFETY_CKT_GEN.POR_B_reg/Q
                         net (fo=1, routed)           0.268     1.800    main_top_i/top_level_0/U0/blk_mem_gen_0/U0/inst_blk_mem_gen/gnbram.gnative_mem_map_bmg.native_mem_map_blk_mem_gen/valid.cstr/ramloop[0].ram.r/prim_noinit.ram/POR_B
    RAMB36_X0Y3          RAMB36E1                                     r  main_top_i/top_level_0/U0/blk_mem_gen_0/U0/inst_blk_mem_gen/gnbram.gnative_mem_map_bmg.native_mem_map_blk_mem_gen/valid.cstr/ramloop[0].ram.r/prim_noinit.ram/DEVICE_7SERIES.WITH_BMM_INFO.TRUE_DP.SIMPLE_PRIM36.TDP_SP36_NO_ECC_ATTR.ram/RSTRAMB
  -------------------------------------------------------------------    -------------------

                         (clock CLK25_I rise edge)    0.000     0.000 r  
    G11                                               0.000     0.000 r  CLK25_I (IN)
                         net (fo=0)                   0.000     0.000    CLK25_I
    G11                  IBUF (Prop_ibuf_I_O)         0.388     0.388 r  CLK25_I_IBUF_inst/O
                         net (fo=1, routed)           0.660     1.048    main_top_i/top_level_0/U0/clocking_0/U0/CLK25_I
    BUFGCTRL_X0Y3        BUFG (Prop_bufg_I_O)         0.029     1.077 r  main_top_i/top_level_0/U0/clocking_0/U0/BUFG_clk/O
                         net (fo=149, routed)         0.870     1.947    main_top_i/top_level_0/U0/blk_mem_gen_0/U0/inst_blk_mem_gen/gnbram.gnative_mem_map_bmg.native_mem_map_blk_mem_gen/valid.cstr/ramloop[0].ram.r/prim_noinit.ram/clkb
    RAMB36_X0Y3          RAMB36E1                                     r  main_top_i/top_level_0/U0/blk_mem_gen_0/U0/inst_blk_mem_gen/gnbram.gnative_mem_map_bmg.native_mem_map_blk_mem_gen/valid.cstr/ramloop[0].ram.r/prim_noinit.ram/DEVICE_7SERIES.WITH_BMM_INFO.TRUE_DP.SIMPLE_PRIM36.TDP_SP36_NO_ECC_ATTR.ram/CLKBWRCLK
                         clock pessimism             -0.496     1.451    
    RAMB36_X0Y3          RAMB36E1 (Hold_ramb36e1_CLKBWRCLK_RSTRAMB)
                                                      0.189     1.640    main_top_i/top_level_0/U0/blk_mem_gen_0/U0/inst_blk_mem_gen/gnbram.gnative_mem_map_bmg.native_mem_map_blk_mem_gen/valid.cstr/ramloop[0].ram.r/prim_noinit.ram/DEVICE_7SERIES.WITH_BMM_INFO.TRUE_DP.SIMPLE_PRIM36.TDP_SP36_NO_ECC_ATTR.ram
  -------------------------------------------------------------------
                         required time                         -1.640    
                         arrival time                           1.800    
  -------------------------------------------------------------------
                         slack                                  0.160    

Slack (MET) :             0.165ns  (arrival time - required time)
  Source:                 main_top_i/top_level_0/U0/row_fetcher_0/U0/read_addr_reg[12]/C
                            (rising edge-triggered cell FDRE clocked by CLK25_I  {rise@0.000ns fall@20.000ns period=40.000ns})
  Destination:            main_top_i/top_level_0/U0/blk_mem_gen_0/U0/inst_blk_mem_gen/gnbram.gnative_mem_map_bmg.native_mem_map_blk_mem_gen/valid.cstr/ramloop[0].ram.r/prim_noinit.ram/DEVICE_7SERIES.WITH_BMM_INFO.TRUE_DP.SIMPLE_PRIM36.TDP_SP36_NO_ECC_ATTR.ram/ADDRBWRADDR[14]
                            (rising edge-triggered cell RAMB36E1 clocked by CLK25_I  {rise@0.000ns fall@20.000ns period=40.000ns})
  Path Group:             CLK25_I
  Path Type:              Hold (Min at Fast Process Corner)
  Requirement:            0.000ns  (CLK25_I rise@0.000ns - CLK25_I rise@0.000ns)
  Data Path Delay:        0.399ns  (logic 0.141ns (35.369%)  route 0.258ns (64.631%))
  Logic Levels:           0  
  Clock Path Skew:        0.050ns (DCD - SCD - CPR)
    Destination Clock Delay (DCD):    1.947ns
    Source Clock Delay      (SCD):    1.419ns
    Clock Pessimism Removal (CPR):    0.477ns

    Location             Delay type                Incr(ns)  Path(ns)    Netlist Resource(s)
  -------------------------------------------------------------------    -------------------
                         (clock CLK25_I rise edge)    0.000     0.000 r  
    G11                                               0.000     0.000 r  CLK25_I (IN)
                         net (fo=0)                   0.000     0.000    CLK25_I
    G11                  IBUF (Prop_ibuf_I_O)         0.201     0.201 r  CLK25_I_IBUF_inst/O
                         net (fo=1, routed)           0.607     0.808    main_top_i/top_level_0/U0/clocking_0/U0/CLK25_I
    BUFGCTRL_X0Y3        BUFG (Prop_bufg_I_O)         0.026     0.834 r  main_top_i/top_level_0/U0/clocking_0/U0/BUFG_clk/O
                         net (fo=149, routed)         0.586     1.419    main_top_i/top_level_0/U0/row_fetcher_0/U0/O_buff_clk
    SLICE_X33Y18         FDRE                                         r  main_top_i/top_level_0/U0/row_fetcher_0/U0/read_addr_reg[12]/C
  -------------------------------------------------------------------    -------------------
    SLICE_X33Y18         FDRE (Prop_fdre_C_Q)         0.141     1.560 r  main_top_i/top_level_0/U0/row_fetcher_0/U0/read_addr_reg[12]/Q
                         net (fo=1, routed)           0.258     1.818    main_top_i/top_level_0/U0/blk_mem_gen_0/U0/inst_blk_mem_gen/gnbram.gnative_mem_map_bmg.native_mem_map_blk_mem_gen/valid.cstr/ramloop[0].ram.r/prim_noinit.ram/addrb[10]
    RAMB36_X0Y3          RAMB36E1                                     r  main_top_i/top_level_0/U0/blk_mem_gen_0/U0/inst_blk_mem_gen/gnbram.gnative_mem_map_bmg.native_mem_map_blk_mem_gen/valid.cstr/ramloop[0].ram.r/prim_noinit.ram/DEVICE_7SERIES.WITH_BMM_INFO.TRUE_DP.SIMPLE_PRIM36.TDP_SP36_NO_ECC_ATTR.ram/ADDRBWRADDR[14]
  -------------------------------------------------------------------    -------------------

                         (clock CLK25_I rise edge)    0.000     0.000 r  
    G11                                               0.000     0.000 r  CLK25_I (IN)
                         net (fo=0)                   0.000     0.000    CLK25_I
    G11                  IBUF (Prop_ibuf_I_O)         0.388     0.388 r  CLK25_I_IBUF_inst/O
                         net (fo=1, routed)           0.660     1.048    main_top_i/top_level_0/U0/clocking_0/U0/CLK25_I
    BUFGCTRL_X0Y3        BUFG (Prop_bufg_I_O)         0.029     1.077 r  main_top_i/top_level_0/U0/clocking_0/U0/BUFG_clk/O
                         net (fo=149, routed)         0.870     1.947    main_top_i/top_level_0/U0/blk_mem_gen_0/U0/inst_blk_mem_gen/gnbram.gnative_mem_map_bmg.native_mem_map_blk_mem_gen/valid.cstr/ramloop[0].ram.r/prim_noinit.ram/clkb
    RAMB36_X0Y3          RAMB36E1                                     r  main_top_i/top_level_0/U0/blk_mem_gen_0/U0/inst_blk_mem_gen/gnbram.gnative_mem_map_bmg.native_mem_map_blk_mem_gen/valid.cstr/ramloop[0].ram.r/prim_noinit.ram/DEVICE_7SERIES.WITH_BMM_INFO.TRUE_DP.SIMPLE_PRIM36.TDP_SP36_NO_ECC_ATTR.ram/CLKBWRCLK
                         clock pessimism             -0.477     1.470    
    RAMB36_X0Y3          RAMB36E1 (Hold_ramb36e1_CLKBWRCLK_ADDRBWRADDR[14])
                                                      0.183     1.653    main_top_i/top_level_0/U0/blk_mem_gen_0/U0/inst_blk_mem_gen/gnbram.gnative_mem_map_bmg.native_mem_map_blk_mem_gen/valid.cstr/ramloop[0].ram.r/prim_noinit.ram/DEVICE_7SERIES.WITH_BMM_INFO.TRUE_DP.SIMPLE_PRIM36.TDP_SP36_NO_ECC_ATTR.ram
  -------------------------------------------------------------------
                         required time                         -1.653    
                         arrival time                           1.818    
  -------------------------------------------------------------------
                         slack                                  0.165    

Slack (MET) :             0.169ns  (arrival time - required time)
  Source:                 main_top_i/top_level_0/U0/row_fetcher_0/U0/row_color_codes_reg[13]/C
                            (rising edge-triggered cell FDRE clocked by CLK25_I  {rise@0.000ns fall@20.000ns period=40.000ns})
  Destination:            main_top_i/top_level_0/U0/row_fetcher_0/U0/row_data_reg[13]/D
                            (rising edge-triggered cell FDRE clocked by CLK25_I  {rise@0.000ns fall@20.000ns period=40.000ns})
  Path Group:             CLK25_I
  Path Type:              Hold (Min at Fast Process Corner)
  Requirement:            0.000ns  (CLK25_I rise@0.000ns - CLK25_I rise@0.000ns)
  Data Path Delay:        0.253ns  (logic 0.141ns (55.769%)  route 0.112ns (44.231%))
  Logic Levels:           0  
  Clock Path Skew:        0.014ns (DCD - SCD - CPR)
    Destination Clock Delay (DCD):    1.928ns
    Source Clock Delay      (SCD):    1.416ns
    Clock Pessimism Removal (CPR):    0.498ns

    Location             Delay type                Incr(ns)  Path(ns)    Netlist Resource(s)
  -------------------------------------------------------------------    -------------------
                         (clock CLK25_I rise edge)    0.000     0.000 r  
    G11                                               0.000     0.000 r  CLK25_I (IN)
                         net (fo=0)                   0.000     0.000    CLK25_I
    G11                  IBUF (Prop_ibuf_I_O)         0.201     0.201 r  CLK25_I_IBUF_inst/O
                         net (fo=1, routed)           0.607     0.808    main_top_i/top_level_0/U0/clocking_0/U0/CLK25_I
    BUFGCTRL_X0Y3        BUFG (Prop_bufg_I_O)         0.026     0.834 r  main_top_i/top_level_0/U0/clocking_0/U0/BUFG_clk/O
                         net (fo=149, routed)         0.583     1.416    main_top_i/top_level_0/U0/row_fetcher_0/U0/O_buff_clk
    SLICE_X36Y27         FDRE                                         r  main_top_i/top_level_0/U0/row_fetcher_0/U0/row_color_codes_reg[13]/C
  -------------------------------------------------------------------    -------------------
    SLICE_X36Y27         FDRE (Prop_fdre_C_Q)         0.141     1.557 r  main_top_i/top_level_0/U0/row_fetcher_0/U0/row_color_codes_reg[13]/Q
                         net (fo=1, routed)           0.112     1.669    main_top_i/top_level_0/U0/row_fetcher_0/U0/row_color_codes_reg_n_0_[13]
    SLICE_X37Y28         FDRE                                         r  main_top_i/top_level_0/U0/row_fetcher_0/U0/row_data_reg[13]/D
  -------------------------------------------------------------------    -------------------

                         (clock CLK25_I rise edge)    0.000     0.000 r  
    G11                                               0.000     0.000 r  CLK25_I (IN)
                         net (fo=0)                   0.000     0.000    CLK25_I
    G11                  IBUF (Prop_ibuf_I_O)         0.388     0.388 r  CLK25_I_IBUF_inst/O
                         net (fo=1, routed)           0.660     1.048    main_top_i/top_level_0/U0/clocking_0/U0/CLK25_I
    BUFGCTRL_X0Y3        BUFG (Prop_bufg_I_O)         0.029     1.077 r  main_top_i/top_level_0/U0/clocking_0/U0/BUFG_clk/O
                         net (fo=149, routed)         0.852     1.928    main_top_i/top_level_0/U0/row_fetcher_0/U0/O_buff_clk
    SLICE_X37Y28         FDRE                                         r  main_top_i/top_level_0/U0/row_fetcher_0/U0/row_data_reg[13]/C
                         clock pessimism             -0.498     1.430    
    SLICE_X37Y28         FDRE (Hold_fdre_C_D)         0.070     1.500    main_top_i/top_level_0/U0/row_fetcher_0/U0/row_data_reg[13]
  -------------------------------------------------------------------
                         required time                         -1.500    
                         arrival time                           1.669    
  -------------------------------------------------------------------
                         slack                                  0.169    

Slack (MET) :             0.175ns  (arrival time - required time)
  Source:                 main_top_i/top_level_0/U0/row_fetcher_0/U0/row_color_codes_reg[2]/C
                            (rising edge-triggered cell FDRE clocked by CLK25_I  {rise@0.000ns fall@20.000ns period=40.000ns})
  Destination:            main_top_i/top_level_0/U0/row_fetcher_0/U0/row_data_reg[2]/D
                            (rising edge-triggered cell FDRE clocked by CLK25_I  {rise@0.000ns fall@20.000ns period=40.000ns})
  Path Group:             CLK25_I
  Path Type:              Hold (Min at Fast Process Corner)
  Requirement:            0.000ns  (CLK25_I rise@0.000ns - CLK25_I rise@0.000ns)
  Data Path Delay:        0.257ns  (logic 0.141ns (54.812%)  route 0.116ns (45.188%))
  Logic Levels:           0  
  Clock Path Skew:        0.011ns (DCD - SCD - CPR)
    Destination Clock Delay (DCD):    1.924ns
    Source Clock Delay      (SCD):    1.416ns
    Clock Pessimism Removal (CPR):    0.497ns

    Location             Delay type                Incr(ns)  Path(ns)    Netlist Resource(s)
  -------------------------------------------------------------------    -------------------
                         (clock CLK25_I rise edge)    0.000     0.000 r  
    G11                                               0.000     0.000 r  CLK25_I (IN)
                         net (fo=0)                   0.000     0.000    CLK25_I
    G11                  IBUF (Prop_ibuf_I_O)         0.201     0.201 r  CLK25_I_IBUF_inst/O
                         net (fo=1, routed)           0.607     0.808    main_top_i/top_level_0/U0/clocking_0/U0/CLK25_I
    BUFGCTRL_X0Y3        BUFG (Prop_bufg_I_O)         0.026     0.834 r  main_top_i/top_level_0/U0/clocking_0/U0/BUFG_clk/O
                         net (fo=149, routed)         0.583     1.416    main_top_i/top_level_0/U0/row_fetcher_0/U0/O_buff_clk
    SLICE_X33Y28         FDRE                                         r  main_top_i/top_level_0/U0/row_fetcher_0/U0/row_color_codes_reg[2]/C
  -------------------------------------------------------------------    -------------------
    SLICE_X33Y28         FDRE (Prop_fdre_C_Q)         0.141     1.557 r  main_top_i/top_level_0/U0/row_fetcher_0/U0/row_color_codes_reg[2]/Q
                         net (fo=1, routed)           0.116     1.673    main_top_i/top_level_0/U0/row_fetcher_0/U0/row_color_codes_reg_n_0_[2]
    SLICE_X33Y26         FDRE                                         r  main_top_i/top_level_0/U0/row_fetcher_0/U0/row_data_reg[2]/D
  -------------------------------------------------------------------    -------------------

                         (clock CLK25_I rise edge)    0.000     0.000 r  
    G11                                               0.000     0.000 r  CLK25_I (IN)
                         net (fo=0)                   0.000     0.000    CLK25_I
    G11                  IBUF (Prop_ibuf_I_O)         0.388     0.388 r  CLK25_I_IBUF_inst/O
                         net (fo=1, routed)           0.660     1.048    main_top_i/top_level_0/U0/clocking_0/U0/CLK25_I
    BUFGCTRL_X0Y3        BUFG (Prop_bufg_I_O)         0.029     1.077 r  main_top_i/top_level_0/U0/clocking_0/U0/BUFG_clk/O
                         net (fo=149, routed)         0.848     1.924    main_top_i/top_level_0/U0/row_fetcher_0/U0/O_buff_clk
    SLICE_X33Y26         FDRE                                         r  main_top_i/top_level_0/U0/row_fetcher_0/U0/row_data_reg[2]/C
                         clock pessimism             -0.497     1.427    
    SLICE_X33Y26         FDRE (Hold_fdre_C_D)         0.071     1.498    main_top_i/top_level_0/U0/row_fetcher_0/U0/row_data_reg[2]
  -------------------------------------------------------------------
                         required time                         -1.498    
                         arrival time                           1.673    
  -------------------------------------------------------------------
                         slack                                  0.175    

Slack (MET) :             0.176ns  (arrival time - required time)
  Source:                 main_top_i/top_level_0/U0/row_fetcher_0/U0/row_color_codes_reg[23]/C
                            (rising edge-triggered cell FDRE clocked by CLK25_I  {rise@0.000ns fall@20.000ns period=40.000ns})
  Destination:            main_top_i/top_level_0/U0/row_fetcher_0/U0/row_data_reg[23]/D
                            (rising edge-triggered cell FDRE clocked by CLK25_I  {rise@0.000ns fall@20.000ns period=40.000ns})
  Path Group:             CLK25_I
  Path Type:              Hold (Min at Fast Process Corner)
  Requirement:            0.000ns  (CLK25_I rise@0.000ns - CLK25_I rise@0.000ns)
  Data Path Delay:        0.242ns  (logic 0.141ns (58.263%)  route 0.101ns (41.737%))
  Logic Levels:           0  
  Clock Path Skew:        0.014ns (DCD - SCD - CPR)
    Destination Clock Delay (DCD):    1.928ns
    Source Clock Delay      (SCD):    1.417ns
    Clock Pessimism Removal (CPR):    0.497ns

    Location             Delay type                Incr(ns)  Path(ns)    Netlist Resource(s)
  -------------------------------------------------------------------    -------------------
                         (clock CLK25_I rise edge)    0.000     0.000 r  
    G11                                               0.000     0.000 r  CLK25_I (IN)
                         net (fo=0)                   0.000     0.000    CLK25_I
    G11                  IBUF (Prop_ibuf_I_O)         0.201     0.201 r  CLK25_I_IBUF_inst/O
                         net (fo=1, routed)           0.607     0.808    main_top_i/top_level_0/U0/clocking_0/U0/CLK25_I
    BUFGCTRL_X0Y3        BUFG (Prop_bufg_I_O)         0.026     0.834 r  main_top_i/top_level_0/U0/clocking_0/U0/BUFG_clk/O
                         net (fo=149, routed)         0.584     1.417    main_top_i/top_level_0/U0/row_fetcher_0/U0/O_buff_clk
    SLICE_X33Y29         FDRE                                         r  main_top_i/top_level_0/U0/row_fetcher_0/U0/row_color_codes_reg[23]/C
  -------------------------------------------------------------------    -------------------
    SLICE_X33Y29         FDRE (Prop_fdre_C_Q)         0.141     1.558 r  main_top_i/top_level_0/U0/row_fetcher_0/U0/row_color_codes_reg[23]/Q
                         net (fo=1, routed)           0.101     1.659    main_top_i/top_level_0/U0/row_fetcher_0/U0/row_color_codes_reg_n_0_[23]
    SLICE_X34Y29         FDRE                                         r  main_top_i/top_level_0/U0/row_fetcher_0/U0/row_data_reg[23]/D
  -------------------------------------------------------------------    -------------------

                         (clock CLK25_I rise edge)    0.000     0.000 r  
    G11                                               0.000     0.000 r  CLK25_I (IN)
                         net (fo=0)                   0.000     0.000    CLK25_I
    G11                  IBUF (Prop_ibuf_I_O)         0.388     0.388 r  CLK25_I_IBUF_inst/O
                         net (fo=1, routed)           0.660     1.048    main_top_i/top_level_0/U0/clocking_0/U0/CLK25_I
    BUFGCTRL_X0Y3        BUFG (Prop_bufg_I_O)         0.029     1.077 r  main_top_i/top_level_0/U0/clocking_0/U0/BUFG_clk/O
                         net (fo=149, routed)         0.852     1.928    main_top_i/top_level_0/U0/row_fetcher_0/U0/O_buff_clk
    SLICE_X34Y29         FDRE                                         r  main_top_i/top_level_0/U0/row_fetcher_0/U0/row_data_reg[23]/C
                         clock pessimism             -0.497     1.431    
    SLICE_X34Y29         FDRE (Hold_fdre_C_D)         0.052     1.483    main_top_i/top_level_0/U0/row_fetcher_0/U0/row_data_reg[23]
  -------------------------------------------------------------------
                         required time                         -1.483    
                         arrival time                           1.659    
  -------------------------------------------------------------------
                         slack                                  0.176    

Slack (MET) :             0.176ns  (arrival time - required time)
  Source:                 main_top_i/top_level_0/U0/row_fetcher_0/U0/row_color_codes_reg[14]/C
                            (rising edge-triggered cell FDRE clocked by CLK25_I  {rise@0.000ns fall@20.000ns period=40.000ns})
  Destination:            main_top_i/top_level_0/U0/row_fetcher_0/U0/row_data_reg[14]/D
                            (rising edge-triggered cell FDRE clocked by CLK25_I  {rise@0.000ns fall@20.000ns period=40.000ns})
  Path Group:             CLK25_I
  Path Type:              Hold (Min at Fast Process Corner)
  Requirement:            0.000ns  (CLK25_I rise@0.000ns - CLK25_I rise@0.000ns)
  Data Path Delay:        0.256ns  (logic 0.141ns (55.021%)  route 0.115ns (44.979%))
  Logic Levels:           0  
  Clock Path Skew:        0.033ns (DCD - SCD - CPR)
    Destination Clock Delay (DCD):    1.926ns
    Source Clock Delay      (SCD):    1.416ns
    Clock Pessimism Removal (CPR):    0.477ns

    Location             Delay type                Incr(ns)  Path(ns)    Netlist Resource(s)
  -------------------------------------------------------------------    -------------------
                         (clock CLK25_I rise edge)    0.000     0.000 r  
    G11                                               0.000     0.000 r  CLK25_I (IN)
                         net (fo=0)                   0.000     0.000    CLK25_I
    G11                  IBUF (Prop_ibuf_I_O)         0.201     0.201 r  CLK25_I_IBUF_inst/O
                         net (fo=1, routed)           0.607     0.808    main_top_i/top_level_0/U0/clocking_0/U0/CLK25_I
    BUFGCTRL_X0Y3        BUFG (Prop_bufg_I_O)         0.026     0.834 r  main_top_i/top_level_0/U0/clocking_0/U0/BUFG_clk/O
                         net (fo=149, routed)         0.583     1.416    main_top_i/top_level_0/U0/row_fetcher_0/U0/O_buff_clk
    SLICE_X36Y27         FDRE                                         r  main_top_i/top_level_0/U0/row_fetcher_0/U0/row_color_codes_reg[14]/C
  -------------------------------------------------------------------    -------------------
    SLICE_X36Y27         FDRE (Prop_fdre_C_Q)         0.141     1.557 r  main_top_i/top_level_0/U0/row_fetcher_0/U0/row_color_codes_reg[14]/Q
                         net (fo=1, routed)           0.115     1.672    main_top_i/top_level_0/U0/row_fetcher_0/U0/row_color_codes_reg_n_0_[14]
    SLICE_X33Y27         FDRE                                         r  main_top_i/top_level_0/U0/row_fetcher_0/U0/row_data_reg[14]/D
  -------------------------------------------------------------------    -------------------

                         (clock CLK25_I rise edge)    0.000     0.000 r  
    G11                                               0.000     0.000 r  CLK25_I (IN)
                         net (fo=0)                   0.000     0.000    CLK25_I
    G11                  IBUF (Prop_ibuf_I_O)         0.388     0.388 r  CLK25_I_IBUF_inst/O
                         net (fo=1, routed)           0.660     1.048    main_top_i/top_level_0/U0/clocking_0/U0/CLK25_I
    BUFGCTRL_X0Y3        BUFG (Prop_bufg_I_O)         0.029     1.077 r  main_top_i/top_level_0/U0/clocking_0/U0/BUFG_clk/O
                         net (fo=149, routed)         0.850     1.926    main_top_i/top_level_0/U0/row_fetcher_0/U0/O_buff_clk
    SLICE_X33Y27         FDRE                                         r  main_top_i/top_level_0/U0/row_fetcher_0/U0/row_data_reg[14]/C
                         clock pessimism             -0.477     1.449    
    SLICE_X33Y27         FDRE (Hold_fdre_C_D)         0.047     1.496    main_top_i/top_level_0/U0/row_fetcher_0/U0/row_data_reg[14]
  -------------------------------------------------------------------
                         required time                         -1.496    
                         arrival time                           1.672    
  -------------------------------------------------------------------
                         slack                                  0.176    

Slack (MET) :             0.176ns  (arrival time - required time)
  Source:                 main_top_i/top_level_0/U0/row_fetcher_0/U0/row_color_codes_reg[26]/C
                            (rising edge-triggered cell FDRE clocked by CLK25_I  {rise@0.000ns fall@20.000ns period=40.000ns})
  Destination:            main_top_i/top_level_0/U0/row_fetcher_0/U0/row_data_reg[26]/D
                            (rising edge-triggered cell FDRE clocked by CLK25_I  {rise@0.000ns fall@20.000ns period=40.000ns})
  Path Group:             CLK25_I
  Path Type:              Hold (Min at Fast Process Corner)
  Requirement:            0.000ns  (CLK25_I rise@0.000ns - CLK25_I rise@0.000ns)
  Data Path Delay:        0.256ns  (logic 0.141ns (55.021%)  route 0.115ns (44.979%))
  Logic Levels:           0  
  Clock Path Skew:        0.033ns (DCD - SCD - CPR)
    Destination Clock Delay (DCD):    1.924ns
    Source Clock Delay      (SCD):    1.414ns
    Clock Pessimism Removal (CPR):    0.477ns

    Location             Delay type                Incr(ns)  Path(ns)    Netlist Resource(s)
  -------------------------------------------------------------------    -------------------
                         (clock CLK25_I rise edge)    0.000     0.000 r  
    G11                                               0.000     0.000 r  CLK25_I (IN)
                         net (fo=0)                   0.000     0.000    CLK25_I
    G11                  IBUF (Prop_ibuf_I_O)         0.201     0.201 r  CLK25_I_IBUF_inst/O
                         net (fo=1, routed)           0.607     0.808    main_top_i/top_level_0/U0/clocking_0/U0/CLK25_I
    BUFGCTRL_X0Y3        BUFG (Prop_bufg_I_O)         0.026     0.834 r  main_top_i/top_level_0/U0/clocking_0/U0/BUFG_clk/O
                         net (fo=149, routed)         0.581     1.414    main_top_i/top_level_0/U0/row_fetcher_0/U0/O_buff_clk
    SLICE_X36Y26         FDRE                                         r  main_top_i/top_level_0/U0/row_fetcher_0/U0/row_color_codes_reg[26]/C
  -------------------------------------------------------------------    -------------------
    SLICE_X36Y26         FDRE (Prop_fdre_C_Q)         0.141     1.555 r  main_top_i/top_level_0/U0/row_fetcher_0/U0/row_color_codes_reg[26]/Q
                         net (fo=1, routed)           0.115     1.670    main_top_i/top_level_0/U0/row_fetcher_0/U0/row_color_codes_reg_n_0_[26]
    SLICE_X33Y26         FDRE                                         r  main_top_i/top_level_0/U0/row_fetcher_0/U0/row_data_reg[26]/D
  -------------------------------------------------------------------    -------------------

                         (clock CLK25_I rise edge)    0.000     0.000 r  
    G11                                               0.000     0.000 r  CLK25_I (IN)
                         net (fo=0)                   0.000     0.000    CLK25_I
    G11                  IBUF (Prop_ibuf_I_O)         0.388     0.388 r  CLK25_I_IBUF_inst/O
                         net (fo=1, routed)           0.660     1.048    main_top_i/top_level_0/U0/clocking_0/U0/CLK25_I
    BUFGCTRL_X0Y3        BUFG (Prop_bufg_I_O)         0.029     1.077 r  main_top_i/top_level_0/U0/clocking_0/U0/BUFG_clk/O
                         net (fo=149, routed)         0.848     1.924    main_top_i/top_level_0/U0/row_fetcher_0/U0/O_buff_clk
    SLICE_X33Y26         FDRE                                         r  main_top_i/top_level_0/U0/row_fetcher_0/U0/row_data_reg[26]/C
                         clock pessimism             -0.477     1.447    
    SLICE_X33Y26         FDRE (Hold_fdre_C_D)         0.047     1.494    main_top_i/top_level_0/U0/row_fetcher_0/U0/row_data_reg[26]
  -------------------------------------------------------------------
                         required time                         -1.494    
                         arrival time                           1.670    
  -------------------------------------------------------------------
                         slack                                  0.176    

Slack (MET) :             0.183ns  (arrival time - required time)
  Source:                 main_top_i/top_level_0/U0/blk_mem_gen_0/U0/inst_blk_mem_gen/gnbram.gnative_mem_map_bmg.native_mem_map_blk_mem_gen/valid.cstr/ramloop[0].ram.r/SAFETY_CKT_GEN.RSTB_SHFT_REG_reg[0]/C
                            (rising edge-triggered cell FDRE clocked by CLK25_I  {rise@0.000ns fall@20.000ns period=40.000ns})
  Destination:            main_top_i/top_level_0/U0/blk_mem_gen_0/U0/inst_blk_mem_gen/gnbram.gnative_mem_map_bmg.native_mem_map_blk_mem_gen/valid.cstr/ramloop[0].ram.r/SAFETY_CKT_GEN.RSTB_SHFT_REG_reg[3]_srl3/D
                            (rising edge-triggered cell SRL16E clocked by CLK25_I  {rise@0.000ns fall@20.000ns period=40.000ns})
  Path Group:             CLK25_I
  Path Type:              Hold (Min at Fast Process Corner)
  Requirement:            0.000ns  (CLK25_I rise@0.000ns - CLK25_I rise@0.000ns)
  Data Path Delay:        0.259ns  (logic 0.128ns (49.416%)  route 0.131ns (50.584%))
  Logic Levels:           0  
  Clock Path Skew:        0.013ns (DCD - SCD - CPR)
    Destination Clock Delay (DCD):    1.901ns
    Source Clock Delay      (SCD):    1.391ns
    Clock Pessimism Removal (CPR):    0.497ns

    Location             Delay type                Incr(ns)  Path(ns)    Netlist Resource(s)
  -------------------------------------------------------------------    -------------------
                         (clock CLK25_I rise edge)    0.000     0.000 r  
    G11                                               0.000     0.000 r  CLK25_I (IN)
                         net (fo=0)                   0.000     0.000    CLK25_I
    G11                  IBUF (Prop_ibuf_I_O)         0.201     0.201 r  CLK25_I_IBUF_inst/O
                         net (fo=1, routed)           0.607     0.808    main_top_i/top_level_0/U0/clocking_0/U0/CLK25_I
    BUFGCTRL_X0Y3        BUFG (Prop_bufg_I_O)         0.026     0.834 r  main_top_i/top_level_0/U0/clocking_0/U0/BUFG_clk/O
                         net (fo=149, routed)         0.558     1.391    main_top_i/top_level_0/U0/blk_mem_gen_0/U0/inst_blk_mem_gen/gnbram.gnative_mem_map_bmg.native_mem_map_blk_mem_gen/valid.cstr/ramloop[0].ram.r/clkb
    SLICE_X31Y19         FDRE                                         r  main_top_i/top_level_0/U0/blk_mem_gen_0/U0/inst_blk_mem_gen/gnbram.gnative_mem_map_bmg.native_mem_map_blk_mem_gen/valid.cstr/ramloop[0].ram.r/SAFETY_CKT_GEN.RSTB_SHFT_REG_reg[0]/C
  -------------------------------------------------------------------    -------------------
    SLICE_X31Y19         FDRE (Prop_fdre_C_Q)         0.128     1.519 r  main_top_i/top_level_0/U0/blk_mem_gen_0/U0/inst_blk_mem_gen/gnbram.gnative_mem_map_bmg.native_mem_map_blk_mem_gen/valid.cstr/ramloop[0].ram.r/SAFETY_CKT_GEN.RSTB_SHFT_REG_reg[0]/Q
                         net (fo=2, routed)           0.131     1.650    main_top_i/top_level_0/U0/blk_mem_gen_0/U0/inst_blk_mem_gen/gnbram.gnative_mem_map_bmg.native_mem_map_blk_mem_gen/valid.cstr/ramloop[0].ram.r/RSTB_SHFT_REG[0]
    SLICE_X30Y19         SRL16E                                       r  main_top_i/top_level_0/U0/blk_mem_gen_0/U0/inst_blk_mem_gen/gnbram.gnative_mem_map_bmg.native_mem_map_blk_mem_gen/valid.cstr/ramloop[0].ram.r/SAFETY_CKT_GEN.RSTB_SHFT_REG_reg[3]_srl3/D
  -------------------------------------------------------------------    -------------------

                         (clock CLK25_I rise edge)    0.000     0.000 r  
    G11                                               0.000     0.000 r  CLK25_I (IN)
                         net (fo=0)                   0.000     0.000    CLK25_I
    G11                  IBUF (Prop_ibuf_I_O)         0.388     0.388 r  CLK25_I_IBUF_inst/O
                         net (fo=1, routed)           0.660     1.048    main_top_i/top_level_0/U0/clocking_0/U0/CLK25_I
    BUFGCTRL_X0Y3        BUFG (Prop_bufg_I_O)         0.029     1.077 r  main_top_i/top_level_0/U0/clocking_0/U0/BUFG_clk/O
                         net (fo=149, routed)         0.825     1.901    main_top_i/top_level_0/U0/blk_mem_gen_0/U0/inst_blk_mem_gen/gnbram.gnative_mem_map_bmg.native_mem_map_blk_mem_gen/valid.cstr/ramloop[0].ram.r/clkb
    SLICE_X30Y19         SRL16E                                       r  main_top_i/top_level_0/U0/blk_mem_gen_0/U0/inst_blk_mem_gen/gnbram.gnative_mem_map_bmg.native_mem_map_blk_mem_gen/valid.cstr/ramloop[0].ram.r/SAFETY_CKT_GEN.RSTB_SHFT_REG_reg[3]_srl3/CLK
                         clock pessimism             -0.497     1.404    
    SLICE_X30Y19         SRL16E (Hold_srl16e_CLK_D)
                                                      0.063     1.467    main_top_i/top_level_0/U0/blk_mem_gen_0/U0/inst_blk_mem_gen/gnbram.gnative_mem_map_bmg.native_mem_map_blk_mem_gen/valid.cstr/ramloop[0].ram.r/SAFETY_CKT_GEN.RSTB_SHFT_REG_reg[3]_srl3
  -------------------------------------------------------------------
                         required time                         -1.467    
                         arrival time                           1.650    
  -------------------------------------------------------------------
                         slack                                  0.183    

Slack (MET) :             0.205ns  (arrival time - required time)
  Source:                 main_top_i/top_level_0/U0/row_fetcher_0/U0/read_addr_reg[6]/C
                            (rising edge-triggered cell FDRE clocked by CLK25_I  {rise@0.000ns fall@20.000ns period=40.000ns})
  Destination:            main_top_i/top_level_0/U0/blk_mem_gen_0/U0/inst_blk_mem_gen/gnbram.gnative_mem_map_bmg.native_mem_map_blk_mem_gen/valid.cstr/ramloop[0].ram.r/prim_noinit.ram/DEVICE_7SERIES.WITH_BMM_INFO.TRUE_DP.SIMPLE_PRIM36.TDP_SP36_NO_ECC_ATTR.ram/ADDRBWRADDR[8]
                            (rising edge-triggered cell RAMB36E1 clocked by CLK25_I  {rise@0.000ns fall@20.000ns period=40.000ns})
  Path Group:             CLK25_I
  Path Type:              Hold (Min at Fast Process Corner)
  Requirement:            0.000ns  (CLK25_I rise@0.000ns - CLK25_I rise@0.000ns)
  Data Path Delay:        0.384ns  (logic 0.128ns (33.336%)  route 0.256ns (66.664%))
  Logic Levels:           0  
  Clock Path Skew:        0.049ns (DCD - SCD - CPR)
    Destination Clock Delay (DCD):    1.947ns
    Source Clock Delay      (SCD):    1.420ns
    Clock Pessimism Removal (CPR):    0.477ns

    Location             Delay type                Incr(ns)  Path(ns)    Netlist Resource(s)
  -------------------------------------------------------------------    -------------------
                         (clock CLK25_I rise edge)    0.000     0.000 r  
    G11                                               0.000     0.000 r  CLK25_I (IN)
                         net (fo=0)                   0.000     0.000    CLK25_I
    G11                  IBUF (Prop_ibuf_I_O)         0.201     0.201 r  CLK25_I_IBUF_inst/O
                         net (fo=1, routed)           0.607     0.808    main_top_i/top_level_0/U0/clocking_0/U0/CLK25_I
    BUFGCTRL_X0Y3        BUFG (Prop_bufg_I_O)         0.026     0.834 r  main_top_i/top_level_0/U0/clocking_0/U0/BUFG_clk/O
                         net (fo=149, routed)         0.587     1.420    main_top_i/top_level_0/U0/row_fetcher_0/U0/O_buff_clk
    SLICE_X33Y17         FDRE                                         r  main_top_i/top_level_0/U0/row_fetcher_0/U0/read_addr_reg[6]/C
  -------------------------------------------------------------------    -------------------
    SLICE_X33Y17         FDRE (Prop_fdre_C_Q)         0.128     1.548 r  main_top_i/top_level_0/U0/row_fetcher_0/U0/read_addr_reg[6]/Q
                         net (fo=1, routed)           0.256     1.804    main_top_i/top_level_0/U0/blk_mem_gen_0/U0/inst_blk_mem_gen/gnbram.gnative_mem_map_bmg.native_mem_map_blk_mem_gen/valid.cstr/ramloop[0].ram.r/prim_noinit.ram/addrb[4]
    RAMB36_X0Y3          RAMB36E1                                     r  main_top_i/top_level_0/U0/blk_mem_gen_0/U0/inst_blk_mem_gen/gnbram.gnative_mem_map_bmg.native_mem_map_blk_mem_gen/valid.cstr/ramloop[0].ram.r/prim_noinit.ram/DEVICE_7SERIES.WITH_BMM_INFO.TRUE_DP.SIMPLE_PRIM36.TDP_SP36_NO_ECC_ATTR.ram/ADDRBWRADDR[8]
  -------------------------------------------------------------------    -------------------

                         (clock CLK25_I rise edge)    0.000     0.000 r  
    G11                                               0.000     0.000 r  CLK25_I (IN)
                         net (fo=0)                   0.000     0.000    CLK25_I
    G11                  IBUF (Prop_ibuf_I_O)         0.388     0.388 r  CLK25_I_IBUF_inst/O
                         net (fo=1, routed)           0.660     1.048    main_top_i/top_level_0/U0/clocking_0/U0/CLK25_I
    BUFGCTRL_X0Y3        BUFG (Prop_bufg_I_O)         0.029     1.077 r  main_top_i/top_level_0/U0/clocking_0/U0/BUFG_clk/O
                         net (fo=149, routed)         0.870     1.947    main_top_i/top_level_0/U0/blk_mem_gen_0/U0/inst_blk_mem_gen/gnbram.gnative_mem_map_bmg.native_mem_map_blk_mem_gen/valid.cstr/ramloop[0].ram.r/prim_noinit.ram/clkb
    RAMB36_X0Y3          RAMB36E1                                     r  main_top_i/top_level_0/U0/blk_mem_gen_0/U0/inst_blk_mem_gen/gnbram.gnative_mem_map_bmg.native_mem_map_blk_mem_gen/valid.cstr/ramloop[0].ram.r/prim_noinit.ram/DEVICE_7SERIES.WITH_BMM_INFO.TRUE_DP.SIMPLE_PRIM36.TDP_SP36_NO_ECC_ATTR.ram/CLKBWRCLK
                         clock pessimism             -0.477     1.470    
    RAMB36_X0Y3          RAMB36E1 (Hold_ramb36e1_CLKBWRCLK_ADDRBWRADDR[8])
                                                      0.129     1.599    main_top_i/top_level_0/U0/blk_mem_gen_0/U0/inst_blk_mem_gen/gnbram.gnative_mem_map_bmg.native_mem_map_blk_mem_gen/valid.cstr/ramloop[0].ram.r/prim_noinit.ram/DEVICE_7SERIES.WITH_BMM_INFO.TRUE_DP.SIMPLE_PRIM36.TDP_SP36_NO_ECC_ATTR.ram
  -------------------------------------------------------------------
                         required time                         -1.599    
                         arrival time                           1.804    
  -------------------------------------------------------------------
                         slack                                  0.205    





Pulse Width Checks
--------------------------------------------------------------------------------------
Clock Name:         CLK25_I
Waveform(ns):       { 0.000 20.000 }
Period(ns):         40.000
Sources:            { CLK25_I }

Check Type        Corner  Lib Pin             Reference Pin  Required(ns)  Actual(ns)  Slack(ns)  Location         Pin
Min Period        n/a     RAMB36E1/CLKBWRCLK  n/a            2.576         40.000      37.424     RAMB36_X0Y3      main_top_i/top_level_0/U0/blk_mem_gen_0/U0/inst_blk_mem_gen/gnbram.gnative_mem_map_bmg.native_mem_map_blk_mem_gen/valid.cstr/ramloop[0].ram.r/prim_noinit.ram/DEVICE_7SERIES.WITH_BMM_INFO.TRUE_DP.SIMPLE_PRIM36.TDP_SP36_NO_ECC_ATTR.ram/CLKBWRCLK
Min Period        n/a     BUFG/I              n/a            2.155         40.000      37.845     BUFGCTRL_X0Y3    main_top_i/top_level_0/U0/clocking_0/U0/BUFG_clk/I
Min Period        n/a     MMCME2_ADV/CLKIN1   n/a            1.249         40.000      38.751     MMCME2_ADV_X1Y0  main_top_i/top_level_0/U0/clocking_0/U0/PLL_BASE_inst/CLKIN1
Min Period        n/a     FDRE/C              n/a            1.000         40.000      39.000     SLICE_X31Y19     main_top_i/top_level_0/U0/blk_mem_gen_0/U0/inst_blk_mem_gen/gnbram.gnative_mem_map_bmg.native_mem_map_blk_mem_gen/valid.cstr/ramloop[0].ram.r/SAFETY_CKT_GEN.POR_B_reg/C
Min Period        n/a     FDRE/C              n/a            1.000         40.000      39.000     SLICE_X31Y19     main_top_i/top_level_0/U0/blk_mem_gen_0/U0/inst_blk_mem_gen/gnbram.gnative_mem_map_bmg.native_mem_map_blk_mem_gen/valid.cstr/ramloop[0].ram.r/SAFETY_CKT_GEN.RSTB_SHFT_REG_reg[0]/C
Min Period        n/a     FDRE/C              n/a            1.000         40.000      39.000     SLICE_X30Y19     main_top_i/top_level_0/U0/blk_mem_gen_0/U0/inst_blk_mem_gen/gnbram.gnative_mem_map_bmg.native_mem_map_blk_mem_gen/valid.cstr/ramloop[0].ram.r/SAFETY_CKT_GEN.RSTB_SHFT_REG_reg[4]/C
Min Period        n/a     FDRE/C              n/a            1.000         40.000      39.000     SLICE_X32Y25     main_top_i/top_level_0/U0/row_fetcher_0/U0/FSM_sequential_state_reg[0]/C
Min Period        n/a     FDRE/C              n/a            1.000         40.000      39.000     SLICE_X33Y23     main_top_i/top_level_0/U0/row_fetcher_0/U0/FSM_sequential_state_reg[1]/C
Min Period        n/a     FDRE/C              n/a            1.000         40.000      39.000     SLICE_X33Y23     main_top_i/top_level_0/U0/row_fetcher_0/U0/FSM_sequential_state_reg[2]/C
Min Period        n/a     FDRE/C              n/a            1.000         40.000      39.000     SLICE_X32Y16     main_top_i/top_level_0/U0/row_fetcher_0/U0/LED_reg[0]/C
Max Period        n/a     MMCME2_ADV/CLKIN1   n/a            100.000       40.000      60.000     MMCME2_ADV_X1Y0  main_top_i/top_level_0/U0/clocking_0/U0/PLL_BASE_inst/CLKIN1
Low Pulse Width   Slow    MMCME2_ADV/CLKIN1   n/a            5.000         20.000      15.000     MMCME2_ADV_X1Y0  main_top_i/top_level_0/U0/clocking_0/U0/PLL_BASE_inst/CLKIN1
Low Pulse Width   Fast    MMCME2_ADV/CLKIN1   n/a            5.000         20.000      15.000     MMCME2_ADV_X1Y0  main_top_i/top_level_0/U0/clocking_0/U0/PLL_BASE_inst/CLKIN1
Low Pulse Width   Slow    SRL16E/CLK          n/a            0.980         20.000      19.020     SLICE_X30Y19     main_top_i/top_level_0/U0/blk_mem_gen_0/U0/inst_blk_mem_gen/gnbram.gnative_mem_map_bmg.native_mem_map_blk_mem_gen/valid.cstr/ramloop[0].ram.r/SAFETY_CKT_GEN.RSTB_SHFT_REG_reg[3]_srl3/CLK
Low Pulse Width   Fast    SRL16E/CLK          n/a            0.980         20.000      19.020     SLICE_X30Y19     main_top_i/top_level_0/U0/blk_mem_gen_0/U0/inst_blk_mem_gen/gnbram.gnative_mem_map_bmg.native_mem_map_blk_mem_gen/valid.cstr/ramloop[0].ram.r/SAFETY_CKT_GEN.RSTB_SHFT_REG_reg[3]_srl3/CLK
Low Pulse Width   Slow    FDRE/C              n/a            0.500         20.000      19.500     SLICE_X31Y19     main_top_i/top_level_0/U0/blk_mem_gen_0/U0/inst_blk_mem_gen/gnbram.gnative_mem_map_bmg.native_mem_map_blk_mem_gen/valid.cstr/ramloop[0].ram.r/SAFETY_CKT_GEN.POR_B_reg/C
Low Pulse Width   Fast    FDRE/C              n/a            0.500         20.000      19.500     SLICE_X31Y19     main_top_i/top_level_0/U0/blk_mem_gen_0/U0/inst_blk_mem_gen/gnbram.gnative_mem_map_bmg.native_mem_map_blk_mem_gen/valid.cstr/ramloop[0].ram.r/SAFETY_CKT_GEN.POR_B_reg/C
Low Pulse Width   Slow    FDRE/C              n/a            0.500         20.000      19.500     SLICE_X31Y19     main_top_i/top_level_0/U0/blk_mem_gen_0/U0/inst_blk_mem_gen/gnbram.gnative_mem_map_bmg.native_mem_map_blk_mem_gen/valid.cstr/ramloop[0].ram.r/SAFETY_CKT_GEN.RSTB_SHFT_REG_reg[0]/C
Low Pulse Width   Fast    FDRE/C              n/a            0.500         20.000      19.500     SLICE_X31Y19     main_top_i/top_level_0/U0/blk_mem_gen_0/U0/inst_blk_mem_gen/gnbram.gnative_mem_map_bmg.native_mem_map_blk_mem_gen/valid.cstr/ramloop[0].ram.r/SAFETY_CKT_GEN.RSTB_SHFT_REG_reg[0]/C
Low Pulse Width   Slow    FDRE/C              n/a            0.500         20.000      19.500     SLICE_X30Y19     main_top_i/top_level_0/U0/blk_mem_gen_0/U0/inst_blk_mem_gen/gnbram.gnative_mem_map_bmg.native_mem_map_blk_mem_gen/valid.cstr/ramloop[0].ram.r/SAFETY_CKT_GEN.RSTB_SHFT_REG_reg[4]/C
Low Pulse Width   Fast    FDRE/C              n/a            0.500         20.000      19.500     SLICE_X30Y19     main_top_i/top_level_0/U0/blk_mem_gen_0/U0/inst_blk_mem_gen/gnbram.gnative_mem_map_bmg.native_mem_map_blk_mem_gen/valid.cstr/ramloop[0].ram.r/SAFETY_CKT_GEN.RSTB_SHFT_REG_reg[4]/C
High Pulse Width  Slow    MMCME2_ADV/CLKIN1   n/a            5.000         20.000      15.000     MMCME2_ADV_X1Y0  main_top_i/top_level_0/U0/clocking_0/U0/PLL_BASE_inst/CLKIN1
High Pulse Width  Fast    MMCME2_ADV/CLKIN1   n/a            5.000         20.000      15.000     MMCME2_ADV_X1Y0  main_top_i/top_level_0/U0/clocking_0/U0/PLL_BASE_inst/CLKIN1
High Pulse Width  Slow    SRL16E/CLK          n/a            0.980         20.000      19.020     SLICE_X30Y19     main_top_i/top_level_0/U0/blk_mem_gen_0/U0/inst_blk_mem_gen/gnbram.gnative_mem_map_bmg.native_mem_map_blk_mem_gen/valid.cstr/ramloop[0].ram.r/SAFETY_CKT_GEN.RSTB_SHFT_REG_reg[3]_srl3/CLK
High Pulse Width  Fast    SRL16E/CLK          n/a            0.980         20.000      19.020     SLICE_X30Y19     main_top_i/top_level_0/U0/blk_mem_gen_0/U0/inst_blk_mem_gen/gnbram.gnative_mem_map_bmg.native_mem_map_blk_mem_gen/valid.cstr/ramloop[0].ram.r/SAFETY_CKT_GEN.RSTB_SHFT_REG_reg[3]_srl3/CLK
High Pulse Width  Slow    FDRE/C              n/a            0.500         20.000      19.500     SLICE_X31Y19     main_top_i/top_level_0/U0/blk_mem_gen_0/U0/inst_blk_mem_gen/gnbram.gnative_mem_map_bmg.native_mem_map_blk_mem_gen/valid.cstr/ramloop[0].ram.r/SAFETY_CKT_GEN.POR_B_reg/C
High Pulse Width  Fast    FDRE/C              n/a            0.500         20.000      19.500     SLICE_X31Y19     main_top_i/top_level_0/U0/blk_mem_gen_0/U0/inst_blk_mem_gen/gnbram.gnative_mem_map_bmg.native_mem_map_blk_mem_gen/valid.cstr/ramloop[0].ram.r/SAFETY_CKT_GEN.POR_B_reg/C
High Pulse Width  Slow    FDRE/C              n/a            0.500         20.000      19.500     SLICE_X31Y19     main_top_i/top_level_0/U0/blk_mem_gen_0/U0/inst_blk_mem_gen/gnbram.gnative_mem_map_bmg.native_mem_map_blk_mem_gen/valid.cstr/ramloop[0].ram.r/SAFETY_CKT_GEN.RSTB_SHFT_REG_reg[0]/C
High Pulse Width  Fast    FDRE/C              n/a            0.500         20.000      19.500     SLICE_X31Y19     main_top_i/top_level_0/U0/blk_mem_gen_0/U0/inst_blk_mem_gen/gnbram.gnative_mem_map_bmg.native_mem_map_blk_mem_gen/valid.cstr/ramloop[0].ram.r/SAFETY_CKT_GEN.RSTB_SHFT_REG_reg[0]/C
High Pulse Width  Slow    FDRE/C              n/a            0.500         20.000      19.500     SLICE_X30Y19     main_top_i/top_level_0/U0/blk_mem_gen_0/U0/inst_blk_mem_gen/gnbram.gnative_mem_map_bmg.native_mem_map_blk_mem_gen/valid.cstr/ramloop[0].ram.r/SAFETY_CKT_GEN.RSTB_SHFT_REG_reg[4]/C
High Pulse Width  Fast    FDRE/C              n/a            0.500         20.000      19.500     SLICE_X30Y19     main_top_i/top_level_0/U0/blk_mem_gen_0/U0/inst_blk_mem_gen/gnbram.gnative_mem_map_bmg.native_mem_map_blk_mem_gen/valid.cstr/ramloop[0].ram.r/SAFETY_CKT_GEN.RSTB_SHFT_REG_reg[4]/C



---------------------------------------------------------------------------------------------------
From Clock:  clk_feedback_1
  To Clock:  clk_feedback_1

Setup :           NA  Failing Endpoints,  Worst Slack           NA  ,  Total Violation           NA
Hold  :           NA  Failing Endpoints,  Worst Slack           NA  ,  Total Violation           NA
PW    :            0  Failing Endpoints,  Worst Slack       38.751ns,  Total Violation        0.000ns
---------------------------------------------------------------------------------------------------


Pulse Width Checks
--------------------------------------------------------------------------------------
Clock Name:         clk_feedback_1
Waveform(ns):       { 0.000 20.000 }
Period(ns):         40.000
Sources:            { main_top_i/top_level_0/U0/clocking_0/U0/PLL_BASE_inst/CLKFBOUT }

Check Type  Corner  Lib Pin              Reference Pin  Required(ns)  Actual(ns)  Slack(ns)  Location         Pin
Min Period  n/a     MMCME2_ADV/CLKFBOUT  n/a            1.249         40.000      38.751     MMCME2_ADV_X1Y0  main_top_i/top_level_0/U0/clocking_0/U0/PLL_BASE_inst/CLKFBOUT
Min Period  n/a     MMCME2_ADV/CLKFBIN   n/a            1.249         40.000      38.751     MMCME2_ADV_X1Y0  main_top_i/top_level_0/U0/clocking_0/U0/PLL_BASE_inst/CLKFBIN
Max Period  n/a     MMCME2_ADV/CLKFBIN   n/a            100.000       40.000      60.000     MMCME2_ADV_X1Y0  main_top_i/top_level_0/U0/clocking_0/U0/PLL_BASE_inst/CLKFBIN
Max Period  n/a     MMCME2_ADV/CLKFBOUT  n/a            213.360       40.000      173.360    MMCME2_ADV_X1Y0  main_top_i/top_level_0/U0/clocking_0/U0/PLL_BASE_inst/CLKFBOUT



---------------------------------------------------------------------------------------------------
From Clock:  clock_pixel_unbuffered
  To Clock:  clock_pixel_unbuffered

Setup :           27  Failing Endpoints,  Worst Slack       -1.084ns,  Total Violation      -17.560ns
Hold  :            0  Failing Endpoints,  Worst Slack        0.088ns,  Total Violation        0.000ns
PW    :            0  Failing Endpoints,  Worst Slack        2.353ns,  Total Violation        0.000ns
---------------------------------------------------------------------------------------------------


Max Delay Paths
--------------------------------------------------------------------------------------
Slack (VIOLATED) :        -1.084ns  (required time - arrival time)
  Source:                 main_top_i/top_level_0/U0/color_fetcher_0/U0/plusOp/CLK
                            (rising edge-triggered cell DSP48E1 clocked by clock_pixel_unbuffered  {rise@0.000ns fall@3.333ns period=6.667ns})
  Destination:            main_top_i/top_level_0/U0/color_fetcher_0/U0/square_counter_reg[1]/R
                            (rising edge-triggered cell FDRE clocked by clock_pixel_unbuffered  {rise@0.000ns fall@3.333ns period=6.667ns})
  Path Group:             clock_pixel_unbuffered
  Path Type:              Setup (Max at Slow Process Corner)
  Requirement:            6.667ns  (clock_pixel_unbuffered rise@6.667ns - clock_pixel_unbuffered rise@0.000ns)
  Data Path Delay:        7.059ns  (logic 5.151ns (72.972%)  route 1.908ns (27.028%))
  Logic Levels:           4  (CARRY4=2 LUT2=1 LUT6=1)
  Clock Path Skew:        -0.130ns (DCD - SCD + CPR)
    Destination Clock Delay (DCD):    8.041ns = ( 14.708 - 6.667 ) 
    Source Clock Delay      (SCD):    8.638ns
    Clock Pessimism Removal (CPR):    0.468ns
  Clock Uncertainty:      0.039ns  ((TSJ^2 + DJ^2)^1/2) / 2 + PE
    Total System Jitter     (TSJ):    0.071ns
    Discrete Jitter          (DJ):    0.032ns
    Phase Error              (PE):    0.000ns

    Location             Delay type                Incr(ns)  Path(ns)    Netlist Resource(s)
  -------------------------------------------------------------------    -------------------
                         (clock clock_pixel_unbuffered rise edge)
                                                      0.000     0.000 r  
    G11                                               0.000     0.000 r  CLK25_I (IN)
                         net (fo=0)                   0.000     0.000    CLK25_I
    G11                  IBUF (Prop_ibuf_I_O)         1.432     1.432 r  CLK25_I_IBUF_inst/O
                         net (fo=1, routed)           1.927     3.360    main_top_i/top_level_0/U0/clocking_0/U0/CLK25_I
    BUFGCTRL_X0Y3        BUFG (Prop_bufg_I_O)         0.096     3.456 r  main_top_i/top_level_0/U0/clocking_0/U0/BUFG_clk/O
                         net (fo=149, routed)         1.611     5.067    main_top_i/top_level_0/U0/clocking_0/U0/O_buff_clk
    MMCME2_ADV_X1Y0      MMCME2_ADV (Prop_mmcme2_adv_CLKIN1_CLKOUT0)
                                                      0.088     5.155 r  main_top_i/top_level_0/U0/clocking_0/U0/PLL_BASE_inst/CLKOUT0
                         net (fo=1, routed)           1.684     6.839    main_top_i/top_level_0/U0/clocking_0/U0/clock_pixel_unbuffered
    BUFGCTRL_X0Y0        BUFG (Prop_bufg_I_O)         0.096     6.935 r  main_top_i/top_level_0/U0/clocking_0/U0/BUFG_pclock/O
                         net (fo=128, routed)         1.703     8.638    main_top_i/top_level_0/U0/color_fetcher_0/U0/O_buff_clkpixel
    DSP48_X0Y12          DSP48E1                                      r  main_top_i/top_level_0/U0/color_fetcher_0/U0/plusOp/CLK
  -------------------------------------------------------------------    -------------------
    DSP48_X0Y12          DSP48E1 (Prop_dsp48e1_CLK_P[0])
                                                      4.009    12.647 r  main_top_i/top_level_0/U0/color_fetcher_0/U0/plusOp/P[0]
                         net (fo=1, routed)           0.989    13.636    main_top_i/top_level_0/U0/color_fetcher_0/U0/plusOp_n_105
    SLICE_X27Y33         LUT6 (Prop_lut6_I1_O)        0.124    13.760 r  main_top_i/top_level_0/U0/color_fetcher_0/U0/square_counter[11]_i_12/O
                         net (fo=1, routed)           0.000    13.760    main_top_i/top_level_0/U0/color_fetcher_0/U0/square_counter[11]_i_12_n_0
    SLICE_X27Y33         CARRY4 (Prop_carry4_S[0]_CO[3])
                                                      0.532    14.292 r  main_top_i/top_level_0/U0/color_fetcher_0/U0/square_counter_reg[11]_i_4/CO[3]
                         net (fo=1, routed)           0.000    14.292    main_top_i/top_level_0/U0/color_fetcher_0/U0/square_counter_reg[11]_i_4_n_0
    SLICE_X27Y34         CARRY4 (Prop_carry4_CI_CO[1])
                                                      0.157    14.449 r  main_top_i/top_level_0/U0/color_fetcher_0/U0/square_counter_reg[11]_i_2/CO[1]
                         net (fo=18, routed)          0.402    14.852    main_top_i/top_level_0/U0/color_fetcher_0/U0/square_counter_reg[11]_i_2_n_2
    SLICE_X26Y34         LUT2 (Prop_lut2_I0_O)        0.329    15.181 r  main_top_i/top_level_0/U0/color_fetcher_0/U0/square_counter[11]_i_1/O
                         net (fo=11, routed)          0.516    15.697    main_top_i/top_level_0/U0/color_fetcher_0/U0/square_counter[11]_i_1_n_0
    SLICE_X26Y31         FDRE                                         r  main_top_i/top_level_0/U0/color_fetcher_0/U0/square_counter_reg[1]/R
  -------------------------------------------------------------------    -------------------

                         (clock clock_pixel_unbuffered rise edge)
                                                      6.667     6.667 r  
    G11                                               0.000     6.667 r  CLK25_I (IN)
                         net (fo=0)                   0.000     6.667    CLK25_I
    G11                  IBUF (Prop_ibuf_I_O)         1.362     8.029 r  CLK25_I_IBUF_inst/O
                         net (fo=1, routed)           1.824     9.853    main_top_i/top_level_0/U0/clocking_0/U0/CLK25_I
    BUFGCTRL_X0Y3        BUFG (Prop_bufg_I_O)         0.091     9.944 r  main_top_i/top_level_0/U0/clocking_0/U0/BUFG_clk/O
                         net (fo=149, routed)         1.491    11.435    main_top_i/top_level_0/U0/clocking_0/U0/O_buff_clk
    MMCME2_ADV_X1Y0      MMCME2_ADV (Prop_mmcme2_adv_CLKIN1_CLKOUT0)
                                                      0.083    11.518 r  main_top_i/top_level_0/U0/clocking_0/U0/PLL_BASE_inst/CLKOUT0
                         net (fo=1, routed)           1.605    13.123    main_top_i/top_level_0/U0/clocking_0/U0/clock_pixel_unbuffered
    BUFGCTRL_X0Y0        BUFG (Prop_bufg_I_O)         0.091    13.214 r  main_top_i/top_level_0/U0/clocking_0/U0/BUFG_pclock/O
                         net (fo=128, routed)         1.493    14.708    main_top_i/top_level_0/U0/color_fetcher_0/U0/O_buff_clkpixel
    SLICE_X26Y31         FDRE                                         r  main_top_i/top_level_0/U0/color_fetcher_0/U0/square_counter_reg[1]/C
                         clock pessimism              0.468    15.176    
                         clock uncertainty           -0.039    15.137    
    SLICE_X26Y31         FDRE (Setup_fdre_C_R)       -0.524    14.613    main_top_i/top_level_0/U0/color_fetcher_0/U0/square_counter_reg[1]
  -------------------------------------------------------------------
                         required time                         14.613    
                         arrival time                         -15.697    
  -------------------------------------------------------------------
                         slack                                 -1.084    

Slack (VIOLATED) :        -1.084ns  (required time - arrival time)
  Source:                 main_top_i/top_level_0/U0/color_fetcher_0/U0/plusOp/CLK
                            (rising edge-triggered cell DSP48E1 clocked by clock_pixel_unbuffered  {rise@0.000ns fall@3.333ns period=6.667ns})
  Destination:            main_top_i/top_level_0/U0/color_fetcher_0/U0/square_counter_reg[2]/R
                            (rising edge-triggered cell FDRE clocked by clock_pixel_unbuffered  {rise@0.000ns fall@3.333ns period=6.667ns})
  Path Group:             clock_pixel_unbuffered
  Path Type:              Setup (Max at Slow Process Corner)
  Requirement:            6.667ns  (clock_pixel_unbuffered rise@6.667ns - clock_pixel_unbuffered rise@0.000ns)
  Data Path Delay:        7.059ns  (logic 5.151ns (72.972%)  route 1.908ns (27.028%))
  Logic Levels:           4  (CARRY4=2 LUT2=1 LUT6=1)
  Clock Path Skew:        -0.130ns (DCD - SCD + CPR)
    Destination Clock Delay (DCD):    8.041ns = ( 14.708 - 6.667 ) 
    Source Clock Delay      (SCD):    8.638ns
    Clock Pessimism Removal (CPR):    0.468ns
  Clock Uncertainty:      0.039ns  ((TSJ^2 + DJ^2)^1/2) / 2 + PE
    Total System Jitter     (TSJ):    0.071ns
    Discrete Jitter          (DJ):    0.032ns
    Phase Error              (PE):    0.000ns

    Location             Delay type                Incr(ns)  Path(ns)    Netlist Resource(s)
  -------------------------------------------------------------------    -------------------
                         (clock clock_pixel_unbuffered rise edge)
                                                      0.000     0.000 r  
    G11                                               0.000     0.000 r  CLK25_I (IN)
                         net (fo=0)                   0.000     0.000    CLK25_I
    G11                  IBUF (Prop_ibuf_I_O)         1.432     1.432 r  CLK25_I_IBUF_inst/O
                         net (fo=1, routed)           1.927     3.360    main_top_i/top_level_0/U0/clocking_0/U0/CLK25_I
    BUFGCTRL_X0Y3        BUFG (Prop_bufg_I_O)         0.096     3.456 r  main_top_i/top_level_0/U0/clocking_0/U0/BUFG_clk/O
                         net (fo=149, routed)         1.611     5.067    main_top_i/top_level_0/U0/clocking_0/U0/O_buff_clk
    MMCME2_ADV_X1Y0      MMCME2_ADV (Prop_mmcme2_adv_CLKIN1_CLKOUT0)
                                                      0.088     5.155 r  main_top_i/top_level_0/U0/clocking_0/U0/PLL_BASE_inst/CLKOUT0
                         net (fo=1, routed)           1.684     6.839    main_top_i/top_level_0/U0/clocking_0/U0/clock_pixel_unbuffered
    BUFGCTRL_X0Y0        BUFG (Prop_bufg_I_O)         0.096     6.935 r  main_top_i/top_level_0/U0/clocking_0/U0/BUFG_pclock/O
                         net (fo=128, routed)         1.703     8.638    main_top_i/top_level_0/U0/color_fetcher_0/U0/O_buff_clkpixel
    DSP48_X0Y12          DSP48E1                                      r  main_top_i/top_level_0/U0/color_fetcher_0/U0/plusOp/CLK
  -------------------------------------------------------------------    -------------------
    DSP48_X0Y12          DSP48E1 (Prop_dsp48e1_CLK_P[0])
                                                      4.009    12.647 r  main_top_i/top_level_0/U0/color_fetcher_0/U0/plusOp/P[0]
                         net (fo=1, routed)           0.989    13.636    main_top_i/top_level_0/U0/color_fetcher_0/U0/plusOp_n_105
    SLICE_X27Y33         LUT6 (Prop_lut6_I1_O)        0.124    13.760 r  main_top_i/top_level_0/U0/color_fetcher_0/U0/square_counter[11]_i_12/O
                         net (fo=1, routed)           0.000    13.760    main_top_i/top_level_0/U0/color_fetcher_0/U0/square_counter[11]_i_12_n_0
    SLICE_X27Y33         CARRY4 (Prop_carry4_S[0]_CO[3])
                                                      0.532    14.292 r  main_top_i/top_level_0/U0/color_fetcher_0/U0/square_counter_reg[11]_i_4/CO[3]
                         net (fo=1, routed)           0.000    14.292    main_top_i/top_level_0/U0/color_fetcher_0/U0/square_counter_reg[11]_i_4_n_0
    SLICE_X27Y34         CARRY4 (Prop_carry4_CI_CO[1])
                                                      0.157    14.449 r  main_top_i/top_level_0/U0/color_fetcher_0/U0/square_counter_reg[11]_i_2/CO[1]
                         net (fo=18, routed)          0.402    14.852    main_top_i/top_level_0/U0/color_fetcher_0/U0/square_counter_reg[11]_i_2_n_2
    SLICE_X26Y34         LUT2 (Prop_lut2_I0_O)        0.329    15.181 r  main_top_i/top_level_0/U0/color_fetcher_0/U0/square_counter[11]_i_1/O
                         net (fo=11, routed)          0.516    15.697    main_top_i/top_level_0/U0/color_fetcher_0/U0/square_counter[11]_i_1_n_0
    SLICE_X26Y31         FDRE                                         r  main_top_i/top_level_0/U0/color_fetcher_0/U0/square_counter_reg[2]/R
  -------------------------------------------------------------------    -------------------

                         (clock clock_pixel_unbuffered rise edge)
                                                      6.667     6.667 r  
    G11                                               0.000     6.667 r  CLK25_I (IN)
                         net (fo=0)                   0.000     6.667    CLK25_I
    G11                  IBUF (Prop_ibuf_I_O)         1.362     8.029 r  CLK25_I_IBUF_inst/O
                         net (fo=1, routed)           1.824     9.853    main_top_i/top_level_0/U0/clocking_0/U0/CLK25_I
    BUFGCTRL_X0Y3        BUFG (Prop_bufg_I_O)         0.091     9.944 r  main_top_i/top_level_0/U0/clocking_0/U0/BUFG_clk/O
                         net (fo=149, routed)         1.491    11.435    main_top_i/top_level_0/U0/clocking_0/U0/O_buff_clk
    MMCME2_ADV_X1Y0      MMCME2_ADV (Prop_mmcme2_adv_CLKIN1_CLKOUT0)
                                                      0.083    11.518 r  main_top_i/top_level_0/U0/clocking_0/U0/PLL_BASE_inst/CLKOUT0
                         net (fo=1, routed)           1.605    13.123    main_top_i/top_level_0/U0/clocking_0/U0/clock_pixel_unbuffered
    BUFGCTRL_X0Y0        BUFG (Prop_bufg_I_O)         0.091    13.214 r  main_top_i/top_level_0/U0/clocking_0/U0/BUFG_pclock/O
                         net (fo=128, routed)         1.493    14.708    main_top_i/top_level_0/U0/color_fetcher_0/U0/O_buff_clkpixel
    SLICE_X26Y31         FDRE                                         r  main_top_i/top_level_0/U0/color_fetcher_0/U0/square_counter_reg[2]/C
                         clock pessimism              0.468    15.176    
                         clock uncertainty           -0.039    15.137    
    SLICE_X26Y31         FDRE (Setup_fdre_C_R)       -0.524    14.613    main_top_i/top_level_0/U0/color_fetcher_0/U0/square_counter_reg[2]
  -------------------------------------------------------------------
                         required time                         14.613    
                         arrival time                         -15.697    
  -------------------------------------------------------------------
                         slack                                 -1.084    

Slack (VIOLATED) :        -1.084ns  (required time - arrival time)
  Source:                 main_top_i/top_level_0/U0/color_fetcher_0/U0/plusOp/CLK
                            (rising edge-triggered cell DSP48E1 clocked by clock_pixel_unbuffered  {rise@0.000ns fall@3.333ns period=6.667ns})
  Destination:            main_top_i/top_level_0/U0/color_fetcher_0/U0/square_counter_reg[3]/R
                            (rising edge-triggered cell FDRE clocked by clock_pixel_unbuffered  {rise@0.000ns fall@3.333ns period=6.667ns})
  Path Group:             clock_pixel_unbuffered
  Path Type:              Setup (Max at Slow Process Corner)
  Requirement:            6.667ns  (clock_pixel_unbuffered rise@6.667ns - clock_pixel_unbuffered rise@0.000ns)
  Data Path Delay:        7.059ns  (logic 5.151ns (72.972%)  route 1.908ns (27.028%))
  Logic Levels:           4  (CARRY4=2 LUT2=1 LUT6=1)
  Clock Path Skew:        -0.130ns (DCD - SCD + CPR)
    Destination Clock Delay (DCD):    8.041ns = ( 14.708 - 6.667 ) 
    Source Clock Delay      (SCD):    8.638ns
    Clock Pessimism Removal (CPR):    0.468ns
  Clock Uncertainty:      0.039ns  ((TSJ^2 + DJ^2)^1/2) / 2 + PE
    Total System Jitter     (TSJ):    0.071ns
    Discrete Jitter          (DJ):    0.032ns
    Phase Error              (PE):    0.000ns

    Location             Delay type                Incr(ns)  Path(ns)    Netlist Resource(s)
  -------------------------------------------------------------------    -------------------
                         (clock clock_pixel_unbuffered rise edge)
                                                      0.000     0.000 r  
    G11                                               0.000     0.000 r  CLK25_I (IN)
                         net (fo=0)                   0.000     0.000    CLK25_I
    G11                  IBUF (Prop_ibuf_I_O)         1.432     1.432 r  CLK25_I_IBUF_inst/O
                         net (fo=1, routed)           1.927     3.360    main_top_i/top_level_0/U0/clocking_0/U0/CLK25_I
    BUFGCTRL_X0Y3        BUFG (Prop_bufg_I_O)         0.096     3.456 r  main_top_i/top_level_0/U0/clocking_0/U0/BUFG_clk/O
                         net (fo=149, routed)         1.611     5.067    main_top_i/top_level_0/U0/clocking_0/U0/O_buff_clk
    MMCME2_ADV_X1Y0      MMCME2_ADV (Prop_mmcme2_adv_CLKIN1_CLKOUT0)
                                                      0.088     5.155 r  main_top_i/top_level_0/U0/clocking_0/U0/PLL_BASE_inst/CLKOUT0
                         net (fo=1, routed)           1.684     6.839    main_top_i/top_level_0/U0/clocking_0/U0/clock_pixel_unbuffered
    BUFGCTRL_X0Y0        BUFG (Prop_bufg_I_O)         0.096     6.935 r  main_top_i/top_level_0/U0/clocking_0/U0/BUFG_pclock/O
                         net (fo=128, routed)         1.703     8.638    main_top_i/top_level_0/U0/color_fetcher_0/U0/O_buff_clkpixel
    DSP48_X0Y12          DSP48E1                                      r  main_top_i/top_level_0/U0/color_fetcher_0/U0/plusOp/CLK
  -------------------------------------------------------------------    -------------------
    DSP48_X0Y12          DSP48E1 (Prop_dsp48e1_CLK_P[0])
                                                      4.009    12.647 r  main_top_i/top_level_0/U0/color_fetcher_0/U0/plusOp/P[0]
                         net (fo=1, routed)           0.989    13.636    main_top_i/top_level_0/U0/color_fetcher_0/U0/plusOp_n_105
    SLICE_X27Y33         LUT6 (Prop_lut6_I1_O)        0.124    13.760 r  main_top_i/top_level_0/U0/color_fetcher_0/U0/square_counter[11]_i_12/O
                         net (fo=1, routed)           0.000    13.760    main_top_i/top_level_0/U0/color_fetcher_0/U0/square_counter[11]_i_12_n_0
    SLICE_X27Y33         CARRY4 (Prop_carry4_S[0]_CO[3])
                                                      0.532    14.292 r  main_top_i/top_level_0/U0/color_fetcher_0/U0/square_counter_reg[11]_i_4/CO[3]
                         net (fo=1, routed)           0.000    14.292    main_top_i/top_level_0/U0/color_fetcher_0/U0/square_counter_reg[11]_i_4_n_0
    SLICE_X27Y34         CARRY4 (Prop_carry4_CI_CO[1])
                                                      0.157    14.449 r  main_top_i/top_level_0/U0/color_fetcher_0/U0/square_counter_reg[11]_i_2/CO[1]
                         net (fo=18, routed)          0.402    14.852    main_top_i/top_level_0/U0/color_fetcher_0/U0/square_counter_reg[11]_i_2_n_2
    SLICE_X26Y34         LUT2 (Prop_lut2_I0_O)        0.329    15.181 r  main_top_i/top_level_0/U0/color_fetcher_0/U0/square_counter[11]_i_1/O
                         net (fo=11, routed)          0.516    15.697    main_top_i/top_level_0/U0/color_fetcher_0/U0/square_counter[11]_i_1_n_0
    SLICE_X26Y31         FDRE                                         r  main_top_i/top_level_0/U0/color_fetcher_0/U0/square_counter_reg[3]/R
  -------------------------------------------------------------------    -------------------

                         (clock clock_pixel_unbuffered rise edge)
                                                      6.667     6.667 r  
    G11                                               0.000     6.667 r  CLK25_I (IN)
                         net (fo=0)                   0.000     6.667    CLK25_I
    G11                  IBUF (Prop_ibuf_I_O)         1.362     8.029 r  CLK25_I_IBUF_inst/O
                         net (fo=1, routed)           1.824     9.853    main_top_i/top_level_0/U0/clocking_0/U0/CLK25_I
    BUFGCTRL_X0Y3        BUFG (Prop_bufg_I_O)         0.091     9.944 r  main_top_i/top_level_0/U0/clocking_0/U0/BUFG_clk/O
                         net (fo=149, routed)         1.491    11.435    main_top_i/top_level_0/U0/clocking_0/U0/O_buff_clk
    MMCME2_ADV_X1Y0      MMCME2_ADV (Prop_mmcme2_adv_CLKIN1_CLKOUT0)
                                                      0.083    11.518 r  main_top_i/top_level_0/U0/clocking_0/U0/PLL_BASE_inst/CLKOUT0
                         net (fo=1, routed)           1.605    13.123    main_top_i/top_level_0/U0/clocking_0/U0/clock_pixel_unbuffered
    BUFGCTRL_X0Y0        BUFG (Prop_bufg_I_O)         0.091    13.214 r  main_top_i/top_level_0/U0/clocking_0/U0/BUFG_pclock/O
                         net (fo=128, routed)         1.493    14.708    main_top_i/top_level_0/U0/color_fetcher_0/U0/O_buff_clkpixel
    SLICE_X26Y31         FDRE                                         r  main_top_i/top_level_0/U0/color_fetcher_0/U0/square_counter_reg[3]/C
                         clock pessimism              0.468    15.176    
                         clock uncertainty           -0.039    15.137    
    SLICE_X26Y31         FDRE (Setup_fdre_C_R)       -0.524    14.613    main_top_i/top_level_0/U0/color_fetcher_0/U0/square_counter_reg[3]
  -------------------------------------------------------------------
                         required time                         14.613    
                         arrival time                         -15.697    
  -------------------------------------------------------------------
                         slack                                 -1.084    

Slack (VIOLATED) :        -1.084ns  (required time - arrival time)
  Source:                 main_top_i/top_level_0/U0/color_fetcher_0/U0/plusOp/CLK
                            (rising edge-triggered cell DSP48E1 clocked by clock_pixel_unbuffered  {rise@0.000ns fall@3.333ns period=6.667ns})
  Destination:            main_top_i/top_level_0/U0/color_fetcher_0/U0/square_counter_reg[4]/R
                            (rising edge-triggered cell FDRE clocked by clock_pixel_unbuffered  {rise@0.000ns fall@3.333ns period=6.667ns})
  Path Group:             clock_pixel_unbuffered
  Path Type:              Setup (Max at Slow Process Corner)
  Requirement:            6.667ns  (clock_pixel_unbuffered rise@6.667ns - clock_pixel_unbuffered rise@0.000ns)
  Data Path Delay:        7.059ns  (logic 5.151ns (72.972%)  route 1.908ns (27.028%))
  Logic Levels:           4  (CARRY4=2 LUT2=1 LUT6=1)
  Clock Path Skew:        -0.130ns (DCD - SCD + CPR)
    Destination Clock Delay (DCD):    8.041ns = ( 14.708 - 6.667 ) 
    Source Clock Delay      (SCD):    8.638ns
    Clock Pessimism Removal (CPR):    0.468ns
  Clock Uncertainty:      0.039ns  ((TSJ^2 + DJ^2)^1/2) / 2 + PE
    Total System Jitter     (TSJ):    0.071ns
    Discrete Jitter          (DJ):    0.032ns
    Phase Error              (PE):    0.000ns

    Location             Delay type                Incr(ns)  Path(ns)    Netlist Resource(s)
  -------------------------------------------------------------------    -------------------
                         (clock clock_pixel_unbuffered rise edge)
                                                      0.000     0.000 r  
    G11                                               0.000     0.000 r  CLK25_I (IN)
                         net (fo=0)                   0.000     0.000    CLK25_I
    G11                  IBUF (Prop_ibuf_I_O)         1.432     1.432 r  CLK25_I_IBUF_inst/O
                         net (fo=1, routed)           1.927     3.360    main_top_i/top_level_0/U0/clocking_0/U0/CLK25_I
    BUFGCTRL_X0Y3        BUFG (Prop_bufg_I_O)         0.096     3.456 r  main_top_i/top_level_0/U0/clocking_0/U0/BUFG_clk/O
                         net (fo=149, routed)         1.611     5.067    main_top_i/top_level_0/U0/clocking_0/U0/O_buff_clk
    MMCME2_ADV_X1Y0      MMCME2_ADV (Prop_mmcme2_adv_CLKIN1_CLKOUT0)
                                                      0.088     5.155 r  main_top_i/top_level_0/U0/clocking_0/U0/PLL_BASE_inst/CLKOUT0
                         net (fo=1, routed)           1.684     6.839    main_top_i/top_level_0/U0/clocking_0/U0/clock_pixel_unbuffered
    BUFGCTRL_X0Y0        BUFG (Prop_bufg_I_O)         0.096     6.935 r  main_top_i/top_level_0/U0/clocking_0/U0/BUFG_pclock/O
                         net (fo=128, routed)         1.703     8.638    main_top_i/top_level_0/U0/color_fetcher_0/U0/O_buff_clkpixel
    DSP48_X0Y12          DSP48E1                                      r  main_top_i/top_level_0/U0/color_fetcher_0/U0/plusOp/CLK
  -------------------------------------------------------------------    -------------------
    DSP48_X0Y12          DSP48E1 (Prop_dsp48e1_CLK_P[0])
                                                      4.009    12.647 r  main_top_i/top_level_0/U0/color_fetcher_0/U0/plusOp/P[0]
                         net (fo=1, routed)           0.989    13.636    main_top_i/top_level_0/U0/color_fetcher_0/U0/plusOp_n_105
    SLICE_X27Y33         LUT6 (Prop_lut6_I1_O)        0.124    13.760 r  main_top_i/top_level_0/U0/color_fetcher_0/U0/square_counter[11]_i_12/O
                         net (fo=1, routed)           0.000    13.760    main_top_i/top_level_0/U0/color_fetcher_0/U0/square_counter[11]_i_12_n_0
    SLICE_X27Y33         CARRY4 (Prop_carry4_S[0]_CO[3])
                                                      0.532    14.292 r  main_top_i/top_level_0/U0/color_fetcher_0/U0/square_counter_reg[11]_i_4/CO[3]
                         net (fo=1, routed)           0.000    14.292    main_top_i/top_level_0/U0/color_fetcher_0/U0/square_counter_reg[11]_i_4_n_0
    SLICE_X27Y34         CARRY4 (Prop_carry4_CI_CO[1])
                                                      0.157    14.449 r  main_top_i/top_level_0/U0/color_fetcher_0/U0/square_counter_reg[11]_i_2/CO[1]
                         net (fo=18, routed)          0.402    14.852    main_top_i/top_level_0/U0/color_fetcher_0/U0/square_counter_reg[11]_i_2_n_2
    SLICE_X26Y34         LUT2 (Prop_lut2_I0_O)        0.329    15.181 r  main_top_i/top_level_0/U0/color_fetcher_0/U0/square_counter[11]_i_1/O
                         net (fo=11, routed)          0.516    15.697    main_top_i/top_level_0/U0/color_fetcher_0/U0/square_counter[11]_i_1_n_0
    SLICE_X26Y31         FDRE                                         r  main_top_i/top_level_0/U0/color_fetcher_0/U0/square_counter_reg[4]/R
  -------------------------------------------------------------------    -------------------

                         (clock clock_pixel_unbuffered rise edge)
                                                      6.667     6.667 r  
    G11                                               0.000     6.667 r  CLK25_I (IN)
                         net (fo=0)                   0.000     6.667    CLK25_I
    G11                  IBUF (Prop_ibuf_I_O)         1.362     8.029 r  CLK25_I_IBUF_inst/O
                         net (fo=1, routed)           1.824     9.853    main_top_i/top_level_0/U0/clocking_0/U0/CLK25_I
    BUFGCTRL_X0Y3        BUFG (Prop_bufg_I_O)         0.091     9.944 r  main_top_i/top_level_0/U0/clocking_0/U0/BUFG_clk/O
                         net (fo=149, routed)         1.491    11.435    main_top_i/top_level_0/U0/clocking_0/U0/O_buff_clk
    MMCME2_ADV_X1Y0      MMCME2_ADV (Prop_mmcme2_adv_CLKIN1_CLKOUT0)
                                                      0.083    11.518 r  main_top_i/top_level_0/U0/clocking_0/U0/PLL_BASE_inst/CLKOUT0
                         net (fo=1, routed)           1.605    13.123    main_top_i/top_level_0/U0/clocking_0/U0/clock_pixel_unbuffered
    BUFGCTRL_X0Y0        BUFG (Prop_bufg_I_O)         0.091    13.214 r  main_top_i/top_level_0/U0/clocking_0/U0/BUFG_pclock/O
                         net (fo=128, routed)         1.493    14.708    main_top_i/top_level_0/U0/color_fetcher_0/U0/O_buff_clkpixel
    SLICE_X26Y31         FDRE                                         r  main_top_i/top_level_0/U0/color_fetcher_0/U0/square_counter_reg[4]/C
                         clock pessimism              0.468    15.176    
                         clock uncertainty           -0.039    15.137    
    SLICE_X26Y31         FDRE (Setup_fdre_C_R)       -0.524    14.613    main_top_i/top_level_0/U0/color_fetcher_0/U0/square_counter_reg[4]
  -------------------------------------------------------------------
                         required time                         14.613    
                         arrival time                         -15.697    
  -------------------------------------------------------------------
                         slack                                 -1.084    

Slack (VIOLATED) :        -1.079ns  (required time - arrival time)
  Source:                 main_top_i/top_level_0/U0/color_fetcher_0/U0/plusOp/CLK
                            (rising edge-triggered cell DSP48E1 clocked by clock_pixel_unbuffered  {rise@0.000ns fall@3.333ns period=6.667ns})
  Destination:            main_top_i/top_level_0/U0/color_fetcher_0/U0/square_counter_reg[5]/R
                            (rising edge-triggered cell FDRE clocked by clock_pixel_unbuffered  {rise@0.000ns fall@3.333ns period=6.667ns})
  Path Group:             clock_pixel_unbuffered
  Path Type:              Setup (Max at Slow Process Corner)
  Requirement:            6.667ns  (clock_pixel_unbuffered rise@6.667ns - clock_pixel_unbuffered rise@0.000ns)
  Data Path Delay:        7.056ns  (logic 5.151ns (73.005%)  route 1.905ns (26.995%))
  Logic Levels:           4  (CARRY4=2 LUT2=1 LUT6=1)
  Clock Path Skew:        -0.128ns (DCD - SCD + CPR)
    Destination Clock Delay (DCD):    8.043ns = ( 14.710 - 6.667 ) 
    Source Clock Delay      (SCD):    8.638ns
    Clock Pessimism Removal (CPR):    0.468ns
  Clock Uncertainty:      0.039ns  ((TSJ^2 + DJ^2)^1/2) / 2 + PE
    Total System Jitter     (TSJ):    0.071ns
    Discrete Jitter          (DJ):    0.032ns
    Phase Error              (PE):    0.000ns

    Location             Delay type                Incr(ns)  Path(ns)    Netlist Resource(s)
  -------------------------------------------------------------------    -------------------
                         (clock clock_pixel_unbuffered rise edge)
                                                      0.000     0.000 r  
    G11                                               0.000     0.000 r  CLK25_I (IN)
                         net (fo=0)                   0.000     0.000    CLK25_I
    G11                  IBUF (Prop_ibuf_I_O)         1.432     1.432 r  CLK25_I_IBUF_inst/O
                         net (fo=1, routed)           1.927     3.360    main_top_i/top_level_0/U0/clocking_0/U0/CLK25_I
    BUFGCTRL_X0Y3        BUFG (Prop_bufg_I_O)         0.096     3.456 r  main_top_i/top_level_0/U0/clocking_0/U0/BUFG_clk/O
                         net (fo=149, routed)         1.611     5.067    main_top_i/top_level_0/U0/clocking_0/U0/O_buff_clk
    MMCME2_ADV_X1Y0      MMCME2_ADV (Prop_mmcme2_adv_CLKIN1_CLKOUT0)
                                                      0.088     5.155 r  main_top_i/top_level_0/U0/clocking_0/U0/PLL_BASE_inst/CLKOUT0
                         net (fo=1, routed)           1.684     6.839    main_top_i/top_level_0/U0/clocking_0/U0/clock_pixel_unbuffered
    BUFGCTRL_X0Y0        BUFG (Prop_bufg_I_O)         0.096     6.935 r  main_top_i/top_level_0/U0/clocking_0/U0/BUFG_pclock/O
                         net (fo=128, routed)         1.703     8.638    main_top_i/top_level_0/U0/color_fetcher_0/U0/O_buff_clkpixel
    DSP48_X0Y12          DSP48E1                                      r  main_top_i/top_level_0/U0/color_fetcher_0/U0/plusOp/CLK
  -------------------------------------------------------------------    -------------------
    DSP48_X0Y12          DSP48E1 (Prop_dsp48e1_CLK_P[0])
                                                      4.009    12.647 r  main_top_i/top_level_0/U0/color_fetcher_0/U0/plusOp/P[0]
                         net (fo=1, routed)           0.989    13.636    main_top_i/top_level_0/U0/color_fetcher_0/U0/plusOp_n_105
    SLICE_X27Y33         LUT6 (Prop_lut6_I1_O)        0.124    13.760 r  main_top_i/top_level_0/U0/color_fetcher_0/U0/square_counter[11]_i_12/O
                         net (fo=1, routed)           0.000    13.760    main_top_i/top_level_0/U0/color_fetcher_0/U0/square_counter[11]_i_12_n_0
    SLICE_X27Y33         CARRY4 (Prop_carry4_S[0]_CO[3])
                                                      0.532    14.292 r  main_top_i/top_level_0/U0/color_fetcher_0/U0/square_counter_reg[11]_i_4/CO[3]
                         net (fo=1, routed)           0.000    14.292    main_top_i/top_level_0/U0/color_fetcher_0/U0/square_counter_reg[11]_i_4_n_0
    SLICE_X27Y34         CARRY4 (Prop_carry4_CI_CO[1])
                                                      0.157    14.449 r  main_top_i/top_level_0/U0/color_fetcher_0/U0/square_counter_reg[11]_i_2/CO[1]
                         net (fo=18, routed)          0.402    14.852    main_top_i/top_level_0/U0/color_fetcher_0/U0/square_counter_reg[11]_i_2_n_2
    SLICE_X26Y34         LUT2 (Prop_lut2_I0_O)        0.329    15.181 r  main_top_i/top_level_0/U0/color_fetcher_0/U0/square_counter[11]_i_1/O
                         net (fo=11, routed)          0.513    15.694    main_top_i/top_level_0/U0/color_fetcher_0/U0/square_counter[11]_i_1_n_0
    SLICE_X26Y32         FDRE                                         r  main_top_i/top_level_0/U0/color_fetcher_0/U0/square_counter_reg[5]/R
  -------------------------------------------------------------------    -------------------

                         (clock clock_pixel_unbuffered rise edge)
                                                      6.667     6.667 r  
    G11                                               0.000     6.667 r  CLK25_I (IN)
                         net (fo=0)                   0.000     6.667    CLK25_I
    G11                  IBUF (Prop_ibuf_I_O)         1.362     8.029 r  CLK25_I_IBUF_inst/O
                         net (fo=1, routed)           1.824     9.853    main_top_i/top_level_0/U0/clocking_0/U0/CLK25_I
    BUFGCTRL_X0Y3        BUFG (Prop_bufg_I_O)         0.091     9.944 r  main_top_i/top_level_0/U0/clocking_0/U0/BUFG_clk/O
                         net (fo=149, routed)         1.491    11.435    main_top_i/top_level_0/U0/clocking_0/U0/O_buff_clk
    MMCME2_ADV_X1Y0      MMCME2_ADV (Prop_mmcme2_adv_CLKIN1_CLKOUT0)
                                                      0.083    11.518 r  main_top_i/top_level_0/U0/clocking_0/U0/PLL_BASE_inst/CLKOUT0
                         net (fo=1, routed)           1.605    13.123    main_top_i/top_level_0/U0/clocking_0/U0/clock_pixel_unbuffered
    BUFGCTRL_X0Y0        BUFG (Prop_bufg_I_O)         0.091    13.214 r  main_top_i/top_level_0/U0/clocking_0/U0/BUFG_pclock/O
                         net (fo=128, routed)         1.495    14.710    main_top_i/top_level_0/U0/color_fetcher_0/U0/O_buff_clkpixel
    SLICE_X26Y32         FDRE                                         r  main_top_i/top_level_0/U0/color_fetcher_0/U0/square_counter_reg[5]/C
                         clock pessimism              0.468    15.178    
                         clock uncertainty           -0.039    15.139    
    SLICE_X26Y32         FDRE (Setup_fdre_C_R)       -0.524    14.615    main_top_i/top_level_0/U0/color_fetcher_0/U0/square_counter_reg[5]
  -------------------------------------------------------------------
                         required time                         14.615    
                         arrival time                         -15.694    
  -------------------------------------------------------------------
                         slack                                 -1.079    

Slack (VIOLATED) :        -1.079ns  (required time - arrival time)
  Source:                 main_top_i/top_level_0/U0/color_fetcher_0/U0/plusOp/CLK
                            (rising edge-triggered cell DSP48E1 clocked by clock_pixel_unbuffered  {rise@0.000ns fall@3.333ns period=6.667ns})
  Destination:            main_top_i/top_level_0/U0/color_fetcher_0/U0/square_counter_reg[6]/R
                            (rising edge-triggered cell FDRE clocked by clock_pixel_unbuffered  {rise@0.000ns fall@3.333ns period=6.667ns})
  Path Group:             clock_pixel_unbuffered
  Path Type:              Setup (Max at Slow Process Corner)
  Requirement:            6.667ns  (clock_pixel_unbuffered rise@6.667ns - clock_pixel_unbuffered rise@0.000ns)
  Data Path Delay:        7.056ns  (logic 5.151ns (73.005%)  route 1.905ns (26.995%))
  Logic Levels:           4  (CARRY4=2 LUT2=1 LUT6=1)
  Clock Path Skew:        -0.128ns (DCD - SCD + CPR)
    Destination Clock Delay (DCD):    8.043ns = ( 14.710 - 6.667 ) 
    Source Clock Delay      (SCD):    8.638ns
    Clock Pessimism Removal (CPR):    0.468ns
  Clock Uncertainty:      0.039ns  ((TSJ^2 + DJ^2)^1/2) / 2 + PE
    Total System Jitter     (TSJ):    0.071ns
    Discrete Jitter          (DJ):    0.032ns
    Phase Error              (PE):    0.000ns

    Location             Delay type                Incr(ns)  Path(ns)    Netlist Resource(s)
  -------------------------------------------------------------------    -------------------
                         (clock clock_pixel_unbuffered rise edge)
                                                      0.000     0.000 r  
    G11                                               0.000     0.000 r  CLK25_I (IN)
                         net (fo=0)                   0.000     0.000    CLK25_I
    G11                  IBUF (Prop_ibuf_I_O)         1.432     1.432 r  CLK25_I_IBUF_inst/O
                         net (fo=1, routed)           1.927     3.360    main_top_i/top_level_0/U0/clocking_0/U0/CLK25_I
    BUFGCTRL_X0Y3        BUFG (Prop_bufg_I_O)         0.096     3.456 r  main_top_i/top_level_0/U0/clocking_0/U0/BUFG_clk/O
                         net (fo=149, routed)         1.611     5.067    main_top_i/top_level_0/U0/clocking_0/U0/O_buff_clk
    MMCME2_ADV_X1Y0      MMCME2_ADV (Prop_mmcme2_adv_CLKIN1_CLKOUT0)
                                                      0.088     5.155 r  main_top_i/top_level_0/U0/clocking_0/U0/PLL_BASE_inst/CLKOUT0
                         net (fo=1, routed)           1.684     6.839    main_top_i/top_level_0/U0/clocking_0/U0/clock_pixel_unbuffered
    BUFGCTRL_X0Y0        BUFG (Prop_bufg_I_O)         0.096     6.935 r  main_top_i/top_level_0/U0/clocking_0/U0/BUFG_pclock/O
                         net (fo=128, routed)         1.703     8.638    main_top_i/top_level_0/U0/color_fetcher_0/U0/O_buff_clkpixel
    DSP48_X0Y12          DSP48E1                                      r  main_top_i/top_level_0/U0/color_fetcher_0/U0/plusOp/CLK
  -------------------------------------------------------------------    -------------------
    DSP48_X0Y12          DSP48E1 (Prop_dsp48e1_CLK_P[0])
                                                      4.009    12.647 r  main_top_i/top_level_0/U0/color_fetcher_0/U0/plusOp/P[0]
                         net (fo=1, routed)           0.989    13.636    main_top_i/top_level_0/U0/color_fetcher_0/U0/plusOp_n_105
    SLICE_X27Y33         LUT6 (Prop_lut6_I1_O)        0.124    13.760 r  main_top_i/top_level_0/U0/color_fetcher_0/U0/square_counter[11]_i_12/O
                         net (fo=1, routed)           0.000    13.760    main_top_i/top_level_0/U0/color_fetcher_0/U0/square_counter[11]_i_12_n_0
    SLICE_X27Y33         CARRY4 (Prop_carry4_S[0]_CO[3])
                                                      0.532    14.292 r  main_top_i/top_level_0/U0/color_fetcher_0/U0/square_counter_reg[11]_i_4/CO[3]
                         net (fo=1, routed)           0.000    14.292    main_top_i/top_level_0/U0/color_fetcher_0/U0/square_counter_reg[11]_i_4_n_0
    SLICE_X27Y34         CARRY4 (Prop_carry4_CI_CO[1])
                                                      0.157    14.449 r  main_top_i/top_level_0/U0/color_fetcher_0/U0/square_counter_reg[11]_i_2/CO[1]
                         net (fo=18, routed)          0.402    14.852    main_top_i/top_level_0/U0/color_fetcher_0/U0/square_counter_reg[11]_i_2_n_2
    SLICE_X26Y34         LUT2 (Prop_lut2_I0_O)        0.329    15.181 r  main_top_i/top_level_0/U0/color_fetcher_0/U0/square_counter[11]_i_1/O
                         net (fo=11, routed)          0.513    15.694    main_top_i/top_level_0/U0/color_fetcher_0/U0/square_counter[11]_i_1_n_0
    SLICE_X26Y32         FDRE                                         r  main_top_i/top_level_0/U0/color_fetcher_0/U0/square_counter_reg[6]/R
  -------------------------------------------------------------------    -------------------

                         (clock clock_pixel_unbuffered rise edge)
                                                      6.667     6.667 r  
    G11                                               0.000     6.667 r  CLK25_I (IN)
                         net (fo=0)                   0.000     6.667    CLK25_I
    G11                  IBUF (Prop_ibuf_I_O)         1.362     8.029 r  CLK25_I_IBUF_inst/O
                         net (fo=1, routed)           1.824     9.853    main_top_i/top_level_0/U0/clocking_0/U0/CLK25_I
    BUFGCTRL_X0Y3        BUFG (Prop_bufg_I_O)         0.091     9.944 r  main_top_i/top_level_0/U0/clocking_0/U0/BUFG_clk/O
                         net (fo=149, routed)         1.491    11.435    main_top_i/top_level_0/U0/clocking_0/U0/O_buff_clk
    MMCME2_ADV_X1Y0      MMCME2_ADV (Prop_mmcme2_adv_CLKIN1_CLKOUT0)
                                                      0.083    11.518 r  main_top_i/top_level_0/U0/clocking_0/U0/PLL_BASE_inst/CLKOUT0
                         net (fo=1, routed)           1.605    13.123    main_top_i/top_level_0/U0/clocking_0/U0/clock_pixel_unbuffered
    BUFGCTRL_X0Y0        BUFG (Prop_bufg_I_O)         0.091    13.214 r  main_top_i/top_level_0/U0/clocking_0/U0/BUFG_pclock/O
                         net (fo=128, routed)         1.495    14.710    main_top_i/top_level_0/U0/color_fetcher_0/U0/O_buff_clkpixel
    SLICE_X26Y32         FDRE                                         r  main_top_i/top_level_0/U0/color_fetcher_0/U0/square_counter_reg[6]/C
                         clock pessimism              0.468    15.178    
                         clock uncertainty           -0.039    15.139    
    SLICE_X26Y32         FDRE (Setup_fdre_C_R)       -0.524    14.615    main_top_i/top_level_0/U0/color_fetcher_0/U0/square_counter_reg[6]
  -------------------------------------------------------------------
                         required time                         14.615    
                         arrival time                         -15.694    
  -------------------------------------------------------------------
                         slack                                 -1.079    

Slack (VIOLATED) :        -1.079ns  (required time - arrival time)
  Source:                 main_top_i/top_level_0/U0/color_fetcher_0/U0/plusOp/CLK
                            (rising edge-triggered cell DSP48E1 clocked by clock_pixel_unbuffered  {rise@0.000ns fall@3.333ns period=6.667ns})
  Destination:            main_top_i/top_level_0/U0/color_fetcher_0/U0/square_counter_reg[7]/R
                            (rising edge-triggered cell FDRE clocked by clock_pixel_unbuffered  {rise@0.000ns fall@3.333ns period=6.667ns})
  Path Group:             clock_pixel_unbuffered
  Path Type:              Setup (Max at Slow Process Corner)
  Requirement:            6.667ns  (clock_pixel_unbuffered rise@6.667ns - clock_pixel_unbuffered rise@0.000ns)
  Data Path Delay:        7.056ns  (logic 5.151ns (73.005%)  route 1.905ns (26.995%))
  Logic Levels:           4  (CARRY4=2 LUT2=1 LUT6=1)
  Clock Path Skew:        -0.128ns (DCD - SCD + CPR)
    Destination Clock Delay (DCD):    8.043ns = ( 14.710 - 6.667 ) 
    Source Clock Delay      (SCD):    8.638ns
    Clock Pessimism Removal (CPR):    0.468ns
  Clock Uncertainty:      0.039ns  ((TSJ^2 + DJ^2)^1/2) / 2 + PE
    Total System Jitter     (TSJ):    0.071ns
    Discrete Jitter          (DJ):    0.032ns
    Phase Error              (PE):    0.000ns

    Location             Delay type                Incr(ns)  Path(ns)    Netlist Resource(s)
  -------------------------------------------------------------------    -------------------
                         (clock clock_pixel_unbuffered rise edge)
                                                      0.000     0.000 r  
    G11                                               0.000     0.000 r  CLK25_I (IN)
                         net (fo=0)                   0.000     0.000    CLK25_I
    G11                  IBUF (Prop_ibuf_I_O)         1.432     1.432 r  CLK25_I_IBUF_inst/O
                         net (fo=1, routed)           1.927     3.360    main_top_i/top_level_0/U0/clocking_0/U0/CLK25_I
    BUFGCTRL_X0Y3        BUFG (Prop_bufg_I_O)         0.096     3.456 r  main_top_i/top_level_0/U0/clocking_0/U0/BUFG_clk/O
                         net (fo=149, routed)         1.611     5.067    main_top_i/top_level_0/U0/clocking_0/U0/O_buff_clk
    MMCME2_ADV_X1Y0      MMCME2_ADV (Prop_mmcme2_adv_CLKIN1_CLKOUT0)
                                                      0.088     5.155 r  main_top_i/top_level_0/U0/clocking_0/U0/PLL_BASE_inst/CLKOUT0
                         net (fo=1, routed)           1.684     6.839    main_top_i/top_level_0/U0/clocking_0/U0/clock_pixel_unbuffered
    BUFGCTRL_X0Y0        BUFG (Prop_bufg_I_O)         0.096     6.935 r  main_top_i/top_level_0/U0/clocking_0/U0/BUFG_pclock/O
                         net (fo=128, routed)         1.703     8.638    main_top_i/top_level_0/U0/color_fetcher_0/U0/O_buff_clkpixel
    DSP48_X0Y12          DSP48E1                                      r  main_top_i/top_level_0/U0/color_fetcher_0/U0/plusOp/CLK
  -------------------------------------------------------------------    -------------------
    DSP48_X0Y12          DSP48E1 (Prop_dsp48e1_CLK_P[0])
                                                      4.009    12.647 r  main_top_i/top_level_0/U0/color_fetcher_0/U0/plusOp/P[0]
                         net (fo=1, routed)           0.989    13.636    main_top_i/top_level_0/U0/color_fetcher_0/U0/plusOp_n_105
    SLICE_X27Y33         LUT6 (Prop_lut6_I1_O)        0.124    13.760 r  main_top_i/top_level_0/U0/color_fetcher_0/U0/square_counter[11]_i_12/O
                         net (fo=1, routed)           0.000    13.760    main_top_i/top_level_0/U0/color_fetcher_0/U0/square_counter[11]_i_12_n_0
    SLICE_X27Y33         CARRY4 (Prop_carry4_S[0]_CO[3])
                                                      0.532    14.292 r  main_top_i/top_level_0/U0/color_fetcher_0/U0/square_counter_reg[11]_i_4/CO[3]
                         net (fo=1, routed)           0.000    14.292    main_top_i/top_level_0/U0/color_fetcher_0/U0/square_counter_reg[11]_i_4_n_0
    SLICE_X27Y34         CARRY4 (Prop_carry4_CI_CO[1])
                                                      0.157    14.449 r  main_top_i/top_level_0/U0/color_fetcher_0/U0/square_counter_reg[11]_i_2/CO[1]
                         net (fo=18, routed)          0.402    14.852    main_top_i/top_level_0/U0/color_fetcher_0/U0/square_counter_reg[11]_i_2_n_2
    SLICE_X26Y34         LUT2 (Prop_lut2_I0_O)        0.329    15.181 r  main_top_i/top_level_0/U0/color_fetcher_0/U0/square_counter[11]_i_1/O
                         net (fo=11, routed)          0.513    15.694    main_top_i/top_level_0/U0/color_fetcher_0/U0/square_counter[11]_i_1_n_0
    SLICE_X26Y32         FDRE                                         r  main_top_i/top_level_0/U0/color_fetcher_0/U0/square_counter_reg[7]/R
  -------------------------------------------------------------------    -------------------

                         (clock clock_pixel_unbuffered rise edge)
                                                      6.667     6.667 r  
    G11                                               0.000     6.667 r  CLK25_I (IN)
                         net (fo=0)                   0.000     6.667    CLK25_I
    G11                  IBUF (Prop_ibuf_I_O)         1.362     8.029 r  CLK25_I_IBUF_inst/O
                         net (fo=1, routed)           1.824     9.853    main_top_i/top_level_0/U0/clocking_0/U0/CLK25_I
    BUFGCTRL_X0Y3        BUFG (Prop_bufg_I_O)         0.091     9.944 r  main_top_i/top_level_0/U0/clocking_0/U0/BUFG_clk/O
                         net (fo=149, routed)         1.491    11.435    main_top_i/top_level_0/U0/clocking_0/U0/O_buff_clk
    MMCME2_ADV_X1Y0      MMCME2_ADV (Prop_mmcme2_adv_CLKIN1_CLKOUT0)
                                                      0.083    11.518 r  main_top_i/top_level_0/U0/clocking_0/U0/PLL_BASE_inst/CLKOUT0
                         net (fo=1, routed)           1.605    13.123    main_top_i/top_level_0/U0/clocking_0/U0/clock_pixel_unbuffered
    BUFGCTRL_X0Y0        BUFG (Prop_bufg_I_O)         0.091    13.214 r  main_top_i/top_level_0/U0/clocking_0/U0/BUFG_pclock/O
                         net (fo=128, routed)         1.495    14.710    main_top_i/top_level_0/U0/color_fetcher_0/U0/O_buff_clkpixel
    SLICE_X26Y32         FDRE                                         r  main_top_i/top_level_0/U0/color_fetcher_0/U0/square_counter_reg[7]/C
                         clock pessimism              0.468    15.178    
                         clock uncertainty           -0.039    15.139    
    SLICE_X26Y32         FDRE (Setup_fdre_C_R)       -0.524    14.615    main_top_i/top_level_0/U0/color_fetcher_0/U0/square_counter_reg[7]
  -------------------------------------------------------------------
                         required time                         14.615    
                         arrival time                         -15.694    
  -------------------------------------------------------------------
                         slack                                 -1.079    

Slack (VIOLATED) :        -1.079ns  (required time - arrival time)
  Source:                 main_top_i/top_level_0/U0/color_fetcher_0/U0/plusOp/CLK
                            (rising edge-triggered cell DSP48E1 clocked by clock_pixel_unbuffered  {rise@0.000ns fall@3.333ns period=6.667ns})
  Destination:            main_top_i/top_level_0/U0/color_fetcher_0/U0/square_counter_reg[8]/R
                            (rising edge-triggered cell FDRE clocked by clock_pixel_unbuffered  {rise@0.000ns fall@3.333ns period=6.667ns})
  Path Group:             clock_pixel_unbuffered
  Path Type:              Setup (Max at Slow Process Corner)
  Requirement:            6.667ns  (clock_pixel_unbuffered rise@6.667ns - clock_pixel_unbuffered rise@0.000ns)
  Data Path Delay:        7.056ns  (logic 5.151ns (73.005%)  route 1.905ns (26.995%))
  Logic Levels:           4  (CARRY4=2 LUT2=1 LUT6=1)
  Clock Path Skew:        -0.128ns (DCD - SCD + CPR)
    Destination Clock Delay (DCD):    8.043ns = ( 14.710 - 6.667 ) 
    Source Clock Delay      (SCD):    8.638ns
    Clock Pessimism Removal (CPR):    0.468ns
  Clock Uncertainty:      0.039ns  ((TSJ^2 + DJ^2)^1/2) / 2 + PE
    Total System Jitter     (TSJ):    0.071ns
    Discrete Jitter          (DJ):    0.032ns
    Phase Error              (PE):    0.000ns

    Location             Delay type                Incr(ns)  Path(ns)    Netlist Resource(s)
  -------------------------------------------------------------------    -------------------
                         (clock clock_pixel_unbuffered rise edge)
                                                      0.000     0.000 r  
    G11                                               0.000     0.000 r  CLK25_I (IN)
                         net (fo=0)                   0.000     0.000    CLK25_I
    G11                  IBUF (Prop_ibuf_I_O)         1.432     1.432 r  CLK25_I_IBUF_inst/O
                         net (fo=1, routed)           1.927     3.360    main_top_i/top_level_0/U0/clocking_0/U0/CLK25_I
    BUFGCTRL_X0Y3        BUFG (Prop_bufg_I_O)         0.096     3.456 r  main_top_i/top_level_0/U0/clocking_0/U0/BUFG_clk/O
                         net (fo=149, routed)         1.611     5.067    main_top_i/top_level_0/U0/clocking_0/U0/O_buff_clk
    MMCME2_ADV_X1Y0      MMCME2_ADV (Prop_mmcme2_adv_CLKIN1_CLKOUT0)
                                                      0.088     5.155 r  main_top_i/top_level_0/U0/clocking_0/U0/PLL_BASE_inst/CLKOUT0
                         net (fo=1, routed)           1.684     6.839    main_top_i/top_level_0/U0/clocking_0/U0/clock_pixel_unbuffered
    BUFGCTRL_X0Y0        BUFG (Prop_bufg_I_O)         0.096     6.935 r  main_top_i/top_level_0/U0/clocking_0/U0/BUFG_pclock/O
                         net (fo=128, routed)         1.703     8.638    main_top_i/top_level_0/U0/color_fetcher_0/U0/O_buff_clkpixel
    DSP48_X0Y12          DSP48E1                                      r  main_top_i/top_level_0/U0/color_fetcher_0/U0/plusOp/CLK
  -------------------------------------------------------------------    -------------------
    DSP48_X0Y12          DSP48E1 (Prop_dsp48e1_CLK_P[0])
                                                      4.009    12.647 r  main_top_i/top_level_0/U0/color_fetcher_0/U0/plusOp/P[0]
                         net (fo=1, routed)           0.989    13.636    main_top_i/top_level_0/U0/color_fetcher_0/U0/plusOp_n_105
    SLICE_X27Y33         LUT6 (Prop_lut6_I1_O)        0.124    13.760 r  main_top_i/top_level_0/U0/color_fetcher_0/U0/square_counter[11]_i_12/O
                         net (fo=1, routed)           0.000    13.760    main_top_i/top_level_0/U0/color_fetcher_0/U0/square_counter[11]_i_12_n_0
    SLICE_X27Y33         CARRY4 (Prop_carry4_S[0]_CO[3])
                                                      0.532    14.292 r  main_top_i/top_level_0/U0/color_fetcher_0/U0/square_counter_reg[11]_i_4/CO[3]
                         net (fo=1, routed)           0.000    14.292    main_top_i/top_level_0/U0/color_fetcher_0/U0/square_counter_reg[11]_i_4_n_0
    SLICE_X27Y34         CARRY4 (Prop_carry4_CI_CO[1])
                                                      0.157    14.449 r  main_top_i/top_level_0/U0/color_fetcher_0/U0/square_counter_reg[11]_i_2/CO[1]
                         net (fo=18, routed)          0.402    14.852    main_top_i/top_level_0/U0/color_fetcher_0/U0/square_counter_reg[11]_i_2_n_2
    SLICE_X26Y34         LUT2 (Prop_lut2_I0_O)        0.329    15.181 r  main_top_i/top_level_0/U0/color_fetcher_0/U0/square_counter[11]_i_1/O
                         net (fo=11, routed)          0.513    15.694    main_top_i/top_level_0/U0/color_fetcher_0/U0/square_counter[11]_i_1_n_0
    SLICE_X26Y32         FDRE                                         r  main_top_i/top_level_0/U0/color_fetcher_0/U0/square_counter_reg[8]/R
  -------------------------------------------------------------------    -------------------

                         (clock clock_pixel_unbuffered rise edge)
                                                      6.667     6.667 r  
    G11                                               0.000     6.667 r  CLK25_I (IN)
                         net (fo=0)                   0.000     6.667    CLK25_I
    G11                  IBUF (Prop_ibuf_I_O)         1.362     8.029 r  CLK25_I_IBUF_inst/O
                         net (fo=1, routed)           1.824     9.853    main_top_i/top_level_0/U0/clocking_0/U0/CLK25_I
    BUFGCTRL_X0Y3        BUFG (Prop_bufg_I_O)         0.091     9.944 r  main_top_i/top_level_0/U0/clocking_0/U0/BUFG_clk/O
                         net (fo=149, routed)         1.491    11.435    main_top_i/top_level_0/U0/clocking_0/U0/O_buff_clk
    MMCME2_ADV_X1Y0      MMCME2_ADV (Prop_mmcme2_adv_CLKIN1_CLKOUT0)
                                                      0.083    11.518 r  main_top_i/top_level_0/U0/clocking_0/U0/PLL_BASE_inst/CLKOUT0
                         net (fo=1, routed)           1.605    13.123    main_top_i/top_level_0/U0/clocking_0/U0/clock_pixel_unbuffered
    BUFGCTRL_X0Y0        BUFG (Prop_bufg_I_O)         0.091    13.214 r  main_top_i/top_level_0/U0/clocking_0/U0/BUFG_pclock/O
                         net (fo=128, routed)         1.495    14.710    main_top_i/top_level_0/U0/color_fetcher_0/U0/O_buff_clkpixel
    SLICE_X26Y32         FDRE                                         r  main_top_i/top_level_0/U0/color_fetcher_0/U0/square_counter_reg[8]/C
                         clock pessimism              0.468    15.178    
                         clock uncertainty           -0.039    15.139    
    SLICE_X26Y32         FDRE (Setup_fdre_C_R)       -0.524    14.615    main_top_i/top_level_0/U0/color_fetcher_0/U0/square_counter_reg[8]
  -------------------------------------------------------------------
                         required time                         14.615    
                         arrival time                         -15.694    
  -------------------------------------------------------------------
                         slack                                 -1.079    

Slack (VIOLATED) :        -0.937ns  (required time - arrival time)
  Source:                 main_top_i/top_level_0/U0/color_fetcher_0/U0/plusOp/CLK
                            (rising edge-triggered cell DSP48E1 clocked by clock_pixel_unbuffered  {rise@0.000ns fall@3.333ns period=6.667ns})
  Destination:            main_top_i/top_level_0/U0/color_fetcher_0/U0/square_counter_reg[10]/R
                            (rising edge-triggered cell FDRE clocked by clock_pixel_unbuffered  {rise@0.000ns fall@3.333ns period=6.667ns})
  Path Group:             clock_pixel_unbuffered
  Path Type:              Setup (Max at Slow Process Corner)
  Requirement:            6.667ns  (clock_pixel_unbuffered rise@6.667ns - clock_pixel_unbuffered rise@0.000ns)
  Data Path Delay:        6.915ns  (logic 5.151ns (74.493%)  route 1.764ns (25.507%))
  Logic Levels:           4  (CARRY4=2 LUT2=1 LUT6=1)
  Clock Path Skew:        -0.127ns (DCD - SCD + CPR)
    Destination Clock Delay (DCD):    8.044ns = ( 14.711 - 6.667 ) 
    Source Clock Delay      (SCD):    8.638ns
    Clock Pessimism Removal (CPR):    0.468ns
  Clock Uncertainty:      0.039ns  ((TSJ^2 + DJ^2)^1/2) / 2 + PE
    Total System Jitter     (TSJ):    0.071ns
    Discrete Jitter          (DJ):    0.032ns
    Phase Error              (PE):    0.000ns

    Location             Delay type                Incr(ns)  Path(ns)    Netlist Resource(s)
  -------------------------------------------------------------------    -------------------
                         (clock clock_pixel_unbuffered rise edge)
                                                      0.000     0.000 r  
    G11                                               0.000     0.000 r  CLK25_I (IN)
                         net (fo=0)                   0.000     0.000    CLK25_I
    G11                  IBUF (Prop_ibuf_I_O)         1.432     1.432 r  CLK25_I_IBUF_inst/O
                         net (fo=1, routed)           1.927     3.360    main_top_i/top_level_0/U0/clocking_0/U0/CLK25_I
    BUFGCTRL_X0Y3        BUFG (Prop_bufg_I_O)         0.096     3.456 r  main_top_i/top_level_0/U0/clocking_0/U0/BUFG_clk/O
                         net (fo=149, routed)         1.611     5.067    main_top_i/top_level_0/U0/clocking_0/U0/O_buff_clk
    MMCME2_ADV_X1Y0      MMCME2_ADV (Prop_mmcme2_adv_CLKIN1_CLKOUT0)
                                                      0.088     5.155 r  main_top_i/top_level_0/U0/clocking_0/U0/PLL_BASE_inst/CLKOUT0
                         net (fo=1, routed)           1.684     6.839    main_top_i/top_level_0/U0/clocking_0/U0/clock_pixel_unbuffered
    BUFGCTRL_X0Y0        BUFG (Prop_bufg_I_O)         0.096     6.935 r  main_top_i/top_level_0/U0/clocking_0/U0/BUFG_pclock/O
                         net (fo=128, routed)         1.703     8.638    main_top_i/top_level_0/U0/color_fetcher_0/U0/O_buff_clkpixel
    DSP48_X0Y12          DSP48E1                                      r  main_top_i/top_level_0/U0/color_fetcher_0/U0/plusOp/CLK
  -------------------------------------------------------------------    -------------------
    DSP48_X0Y12          DSP48E1 (Prop_dsp48e1_CLK_P[0])
                                                      4.009    12.647 r  main_top_i/top_level_0/U0/color_fetcher_0/U0/plusOp/P[0]
                         net (fo=1, routed)           0.989    13.636    main_top_i/top_level_0/U0/color_fetcher_0/U0/plusOp_n_105
    SLICE_X27Y33         LUT6 (Prop_lut6_I1_O)        0.124    13.760 r  main_top_i/top_level_0/U0/color_fetcher_0/U0/square_counter[11]_i_12/O
                         net (fo=1, routed)           0.000    13.760    main_top_i/top_level_0/U0/color_fetcher_0/U0/square_counter[11]_i_12_n_0
    SLICE_X27Y33         CARRY4 (Prop_carry4_S[0]_CO[3])
                                                      0.532    14.292 r  main_top_i/top_level_0/U0/color_fetcher_0/U0/square_counter_reg[11]_i_4/CO[3]
                         net (fo=1, routed)           0.000    14.292    main_top_i/top_level_0/U0/color_fetcher_0/U0/square_counter_reg[11]_i_4_n_0
    SLICE_X27Y34         CARRY4 (Prop_carry4_CI_CO[1])
                                                      0.157    14.449 r  main_top_i/top_level_0/U0/color_fetcher_0/U0/square_counter_reg[11]_i_2/CO[1]
                         net (fo=18, routed)          0.402    14.852    main_top_i/top_level_0/U0/color_fetcher_0/U0/square_counter_reg[11]_i_2_n_2
    SLICE_X26Y34         LUT2 (Prop_lut2_I0_O)        0.329    15.181 r  main_top_i/top_level_0/U0/color_fetcher_0/U0/square_counter[11]_i_1/O
                         net (fo=11, routed)          0.372    15.553    main_top_i/top_level_0/U0/color_fetcher_0/U0/square_counter[11]_i_1_n_0
    SLICE_X26Y33         FDRE                                         r  main_top_i/top_level_0/U0/color_fetcher_0/U0/square_counter_reg[10]/R
  -------------------------------------------------------------------    -------------------

                         (clock clock_pixel_unbuffered rise edge)
                                                      6.667     6.667 r  
    G11                                               0.000     6.667 r  CLK25_I (IN)
                         net (fo=0)                   0.000     6.667    CLK25_I
    G11                  IBUF (Prop_ibuf_I_O)         1.362     8.029 r  CLK25_I_IBUF_inst/O
                         net (fo=1, routed)           1.824     9.853    main_top_i/top_level_0/U0/clocking_0/U0/CLK25_I
    BUFGCTRL_X0Y3        BUFG (Prop_bufg_I_O)         0.091     9.944 r  main_top_i/top_level_0/U0/clocking_0/U0/BUFG_clk/O
                         net (fo=149, routed)         1.491    11.435    main_top_i/top_level_0/U0/clocking_0/U0/O_buff_clk
    MMCME2_ADV_X1Y0      MMCME2_ADV (Prop_mmcme2_adv_CLKIN1_CLKOUT0)
                                                      0.083    11.518 r  main_top_i/top_level_0/U0/clocking_0/U0/PLL_BASE_inst/CLKOUT0
                         net (fo=1, routed)           1.605    13.123    main_top_i/top_level_0/U0/clocking_0/U0/clock_pixel_unbuffered
    BUFGCTRL_X0Y0        BUFG (Prop_bufg_I_O)         0.091    13.214 r  main_top_i/top_level_0/U0/clocking_0/U0/BUFG_pclock/O
                         net (fo=128, routed)         1.496    14.711    main_top_i/top_level_0/U0/color_fetcher_0/U0/O_buff_clkpixel
    SLICE_X26Y33         FDRE                                         r  main_top_i/top_level_0/U0/color_fetcher_0/U0/square_counter_reg[10]/C
                         clock pessimism              0.468    15.179    
                         clock uncertainty           -0.039    15.140    
    SLICE_X26Y33         FDRE (Setup_fdre_C_R)       -0.524    14.616    main_top_i/top_level_0/U0/color_fetcher_0/U0/square_counter_reg[10]
  -------------------------------------------------------------------
                         required time                         14.616    
                         arrival time                         -15.553    
  -------------------------------------------------------------------
                         slack                                 -0.937    

Slack (VIOLATED) :        -0.937ns  (required time - arrival time)
  Source:                 main_top_i/top_level_0/U0/color_fetcher_0/U0/plusOp/CLK
                            (rising edge-triggered cell DSP48E1 clocked by clock_pixel_unbuffered  {rise@0.000ns fall@3.333ns period=6.667ns})
  Destination:            main_top_i/top_level_0/U0/color_fetcher_0/U0/square_counter_reg[11]/R
                            (rising edge-triggered cell FDRE clocked by clock_pixel_unbuffered  {rise@0.000ns fall@3.333ns period=6.667ns})
  Path Group:             clock_pixel_unbuffered
  Path Type:              Setup (Max at Slow Process Corner)
  Requirement:            6.667ns  (clock_pixel_unbuffered rise@6.667ns - clock_pixel_unbuffered rise@0.000ns)
  Data Path Delay:        6.915ns  (logic 5.151ns (74.493%)  route 1.764ns (25.507%))
  Logic Levels:           4  (CARRY4=2 LUT2=1 LUT6=1)
  Clock Path Skew:        -0.127ns (DCD - SCD + CPR)
    Destination Clock Delay (DCD):    8.044ns = ( 14.711 - 6.667 ) 
    Source Clock Delay      (SCD):    8.638ns
    Clock Pessimism Removal (CPR):    0.468ns
  Clock Uncertainty:      0.039ns  ((TSJ^2 + DJ^2)^1/2) / 2 + PE
    Total System Jitter     (TSJ):    0.071ns
    Discrete Jitter          (DJ):    0.032ns
    Phase Error              (PE):    0.000ns

    Location             Delay type                Incr(ns)  Path(ns)    Netlist Resource(s)
  -------------------------------------------------------------------    -------------------
                         (clock clock_pixel_unbuffered rise edge)
                                                      0.000     0.000 r  
    G11                                               0.000     0.000 r  CLK25_I (IN)
                         net (fo=0)                   0.000     0.000    CLK25_I
    G11                  IBUF (Prop_ibuf_I_O)         1.432     1.432 r  CLK25_I_IBUF_inst/O
                         net (fo=1, routed)           1.927     3.360    main_top_i/top_level_0/U0/clocking_0/U0/CLK25_I
    BUFGCTRL_X0Y3        BUFG (Prop_bufg_I_O)         0.096     3.456 r  main_top_i/top_level_0/U0/clocking_0/U0/BUFG_clk/O
                         net (fo=149, routed)         1.611     5.067    main_top_i/top_level_0/U0/clocking_0/U0/O_buff_clk
    MMCME2_ADV_X1Y0      MMCME2_ADV (Prop_mmcme2_adv_CLKIN1_CLKOUT0)
                                                      0.088     5.155 r  main_top_i/top_level_0/U0/clocking_0/U0/PLL_BASE_inst/CLKOUT0
                         net (fo=1, routed)           1.684     6.839    main_top_i/top_level_0/U0/clocking_0/U0/clock_pixel_unbuffered
    BUFGCTRL_X0Y0        BUFG (Prop_bufg_I_O)         0.096     6.935 r  main_top_i/top_level_0/U0/clocking_0/U0/BUFG_pclock/O
                         net (fo=128, routed)         1.703     8.638    main_top_i/top_level_0/U0/color_fetcher_0/U0/O_buff_clkpixel
    DSP48_X0Y12          DSP48E1                                      r  main_top_i/top_level_0/U0/color_fetcher_0/U0/plusOp/CLK
  -------------------------------------------------------------------    -------------------
    DSP48_X0Y12          DSP48E1 (Prop_dsp48e1_CLK_P[0])
                                                      4.009    12.647 r  main_top_i/top_level_0/U0/color_fetcher_0/U0/plusOp/P[0]
                         net (fo=1, routed)           0.989    13.636    main_top_i/top_level_0/U0/color_fetcher_0/U0/plusOp_n_105
    SLICE_X27Y33         LUT6 (Prop_lut6_I1_O)        0.124    13.760 r  main_top_i/top_level_0/U0/color_fetcher_0/U0/square_counter[11]_i_12/O
                         net (fo=1, routed)           0.000    13.760    main_top_i/top_level_0/U0/color_fetcher_0/U0/square_counter[11]_i_12_n_0
    SLICE_X27Y33         CARRY4 (Prop_carry4_S[0]_CO[3])
                                                      0.532    14.292 r  main_top_i/top_level_0/U0/color_fetcher_0/U0/square_counter_reg[11]_i_4/CO[3]
                         net (fo=1, routed)           0.000    14.292    main_top_i/top_level_0/U0/color_fetcher_0/U0/square_counter_reg[11]_i_4_n_0
    SLICE_X27Y34         CARRY4 (Prop_carry4_CI_CO[1])
                                                      0.157    14.449 r  main_top_i/top_level_0/U0/color_fetcher_0/U0/square_counter_reg[11]_i_2/CO[1]
                         net (fo=18, routed)          0.402    14.852    main_top_i/top_level_0/U0/color_fetcher_0/U0/square_counter_reg[11]_i_2_n_2
    SLICE_X26Y34         LUT2 (Prop_lut2_I0_O)        0.329    15.181 r  main_top_i/top_level_0/U0/color_fetcher_0/U0/square_counter[11]_i_1/O
                         net (fo=11, routed)          0.372    15.553    main_top_i/top_level_0/U0/color_fetcher_0/U0/square_counter[11]_i_1_n_0
    SLICE_X26Y33         FDRE                                         r  main_top_i/top_level_0/U0/color_fetcher_0/U0/square_counter_reg[11]/R
  -------------------------------------------------------------------    -------------------

                         (clock clock_pixel_unbuffered rise edge)
                                                      6.667     6.667 r  
    G11                                               0.000     6.667 r  CLK25_I (IN)
                         net (fo=0)                   0.000     6.667    CLK25_I
    G11                  IBUF (Prop_ibuf_I_O)         1.362     8.029 r  CLK25_I_IBUF_inst/O
                         net (fo=1, routed)           1.824     9.853    main_top_i/top_level_0/U0/clocking_0/U0/CLK25_I
    BUFGCTRL_X0Y3        BUFG (Prop_bufg_I_O)         0.091     9.944 r  main_top_i/top_level_0/U0/clocking_0/U0/BUFG_clk/O
                         net (fo=149, routed)         1.491    11.435    main_top_i/top_level_0/U0/clocking_0/U0/O_buff_clk
    MMCME2_ADV_X1Y0      MMCME2_ADV (Prop_mmcme2_adv_CLKIN1_CLKOUT0)
                                                      0.083    11.518 r  main_top_i/top_level_0/U0/clocking_0/U0/PLL_BASE_inst/CLKOUT0
                         net (fo=1, routed)           1.605    13.123    main_top_i/top_level_0/U0/clocking_0/U0/clock_pixel_unbuffered
    BUFGCTRL_X0Y0        BUFG (Prop_bufg_I_O)         0.091    13.214 r  main_top_i/top_level_0/U0/clocking_0/U0/BUFG_pclock/O
                         net (fo=128, routed)         1.496    14.711    main_top_i/top_level_0/U0/color_fetcher_0/U0/O_buff_clkpixel
    SLICE_X26Y33         FDRE                                         r  main_top_i/top_level_0/U0/color_fetcher_0/U0/square_counter_reg[11]/C
                         clock pessimism              0.468    15.179    
                         clock uncertainty           -0.039    15.140    
    SLICE_X26Y33         FDRE (Setup_fdre_C_R)       -0.524    14.616    main_top_i/top_level_0/U0/color_fetcher_0/U0/square_counter_reg[11]
  -------------------------------------------------------------------
                         required time                         14.616    
                         arrival time                         -15.553    
  -------------------------------------------------------------------
                         slack                                 -0.937    





Min Delay Paths
--------------------------------------------------------------------------------------
Slack (MET) :             0.088ns  (arrival time - required time)
  Source:                 main_top_i/top_level_0/U0/vga_gen_0/U0/queue_reg[0][vCounter][7]/C
                            (rising edge-triggered cell FDRE clocked by clock_pixel_unbuffered  {rise@0.000ns fall@3.333ns period=6.667ns})
  Destination:            main_top_i/top_level_0/U0/vga_gen_0/U0/queue_reg[14][vCounter][7]_srl14/D
                            (rising edge-triggered cell SRL16E clocked by clock_pixel_unbuffered  {rise@0.000ns fall@3.333ns period=6.667ns})
  Path Group:             clock_pixel_unbuffered
  Path Type:              Hold (Min at Fast Process Corner)
  Requirement:            0.000ns  (clock_pixel_unbuffered rise@0.000ns - clock_pixel_unbuffered rise@0.000ns)
  Data Path Delay:        0.303ns  (logic 0.141ns (46.588%)  route 0.162ns (53.412%))
  Logic Levels:           0  
  Clock Path Skew:        0.032ns (DCD - SCD - CPR)
    Destination Clock Delay (DCD):    3.323ns
    Source Clock Delay      (SCD):    2.498ns
    Clock Pessimism Removal (CPR):    0.794ns

    Location             Delay type                Incr(ns)  Path(ns)    Netlist Resource(s)
  -------------------------------------------------------------------    -------------------
                         (clock clock_pixel_unbuffered rise edge)
                                                      0.000     0.000 r  
    G11                                               0.000     0.000 r  CLK25_I (IN)
                         net (fo=0)                   0.000     0.000    CLK25_I
    G11                  IBUF (Prop_ibuf_I_O)         0.201     0.201 r  CLK25_I_IBUF_inst/O
                         net (fo=1, routed)           0.607     0.808    main_top_i/top_level_0/U0/clocking_0/U0/CLK25_I
    BUFGCTRL_X0Y3        BUFG (Prop_bufg_I_O)         0.026     0.834 r  main_top_i/top_level_0/U0/clocking_0/U0/BUFG_clk/O
                         net (fo=149, routed)         0.548     1.381    main_top_i/top_level_0/U0/clocking_0/U0/O_buff_clk
    MMCME2_ADV_X1Y0      MMCME2_ADV (Prop_mmcme2_adv_CLKIN1_CLKOUT0)
                                                      0.050     1.431 r  main_top_i/top_level_0/U0/clocking_0/U0/PLL_BASE_inst/CLKOUT0
                         net (fo=1, routed)           0.485     1.916    main_top_i/top_level_0/U0/clocking_0/U0/clock_pixel_unbuffered
    BUFGCTRL_X0Y0        BUFG (Prop_bufg_I_O)         0.026     1.942 r  main_top_i/top_level_0/U0/clocking_0/U0/BUFG_pclock/O
                         net (fo=128, routed)         0.556     2.498    main_top_i/top_level_0/U0/vga_gen_0/U0/O_buff_clkpixel
    SLICE_X29Y28         FDRE                                         r  main_top_i/top_level_0/U0/vga_gen_0/U0/queue_reg[0][vCounter][7]/C
  -------------------------------------------------------------------    -------------------
    SLICE_X29Y28         FDRE (Prop_fdre_C_Q)         0.141     2.639 r  main_top_i/top_level_0/U0/vga_gen_0/U0/queue_reg[0][vCounter][7]/Q
                         net (fo=8, routed)           0.162     2.800    main_top_i/top_level_0/U0/vga_gen_0/U0/queue_reg[0][vCounter][7]
    SLICE_X30Y27         SRL16E                                       r  main_top_i/top_level_0/U0/vga_gen_0/U0/queue_reg[14][vCounter][7]_srl14/D
  -------------------------------------------------------------------    -------------------

                         (clock clock_pixel_unbuffered rise edge)
                                                      0.000     0.000 r  
    G11                                               0.000     0.000 r  CLK25_I (IN)
                         net (fo=0)                   0.000     0.000    CLK25_I
    G11                  IBUF (Prop_ibuf_I_O)         0.388     0.388 r  CLK25_I_IBUF_inst/O
                         net (fo=1, routed)           0.660     1.048    main_top_i/top_level_0/U0/clocking_0/U0/CLK25_I
    BUFGCTRL_X0Y3        BUFG (Prop_bufg_I_O)         0.029     1.077 r  main_top_i/top_level_0/U0/clocking_0/U0/BUFG_clk/O
                         net (fo=149, routed)         0.815     1.891    main_top_i/top_level_0/U0/clocking_0/U0/O_buff_clk
    MMCME2_ADV_X1Y0      MMCME2_ADV (Prop_mmcme2_adv_CLKIN1_CLKOUT0)
                                                      0.053     1.944 r  main_top_i/top_level_0/U0/clocking_0/U0/PLL_BASE_inst/CLKOUT0
                         net (fo=1, routed)           0.529     2.473    main_top_i/top_level_0/U0/clocking_0/U0/clock_pixel_unbuffered
    BUFGCTRL_X0Y0        BUFG (Prop_bufg_I_O)         0.029     2.502 r  main_top_i/top_level_0/U0/clocking_0/U0/BUFG_pclock/O
                         net (fo=128, routed)         0.822     3.323    main_top_i/top_level_0/U0/vga_gen_0/U0/O_buff_clkpixel
    SLICE_X30Y27         SRL16E                                       r  main_top_i/top_level_0/U0/vga_gen_0/U0/queue_reg[14][vCounter][7]_srl14/CLK
                         clock pessimism             -0.794     2.530    
    SLICE_X30Y27         SRL16E (Hold_srl16e_CLK_D)
                                                      0.183     2.713    main_top_i/top_level_0/U0/vga_gen_0/U0/queue_reg[14][vCounter][7]_srl14
  -------------------------------------------------------------------
                         required time                         -2.713    
                         arrival time                           2.800    
  -------------------------------------------------------------------
                         slack                                  0.088    

Slack (MET) :             0.136ns  (arrival time - required time)
  Source:                 main_top_i/top_level_0/U0/vga_gen_0/U0/queue_reg[0][vCounter][9]/C
                            (rising edge-triggered cell FDRE clocked by clock_pixel_unbuffered  {rise@0.000ns fall@3.333ns period=6.667ns})
  Destination:            main_top_i/top_level_0/U0/vga_gen_0/U0/queue_reg[14][vCounter][9]_srl14/D
                            (rising edge-triggered cell SRL16E clocked by clock_pixel_unbuffered  {rise@0.000ns fall@3.333ns period=6.667ns})
  Path Group:             clock_pixel_unbuffered
  Path Type:              Hold (Min at Fast Process Corner)
  Requirement:            0.000ns  (clock_pixel_unbuffered rise@0.000ns - clock_pixel_unbuffered rise@0.000ns)
  Data Path Delay:        0.277ns  (logic 0.141ns (50.843%)  route 0.136ns (49.157%))
  Logic Levels:           0  
  Clock Path Skew:        0.032ns (DCD - SCD - CPR)
    Destination Clock Delay (DCD):    3.324ns
    Source Clock Delay      (SCD):    2.499ns
    Clock Pessimism Removal (CPR):    0.794ns

    Location             Delay type                Incr(ns)  Path(ns)    Netlist Resource(s)
  -------------------------------------------------------------------    -------------------
                         (clock clock_pixel_unbuffered rise edge)
                                                      0.000     0.000 r  
    G11                                               0.000     0.000 r  CLK25_I (IN)
                         net (fo=0)                   0.000     0.000    CLK25_I
    G11                  IBUF (Prop_ibuf_I_O)         0.201     0.201 r  CLK25_I_IBUF_inst/O
                         net (fo=1, routed)           0.607     0.808    main_top_i/top_level_0/U0/clocking_0/U0/CLK25_I
    BUFGCTRL_X0Y3        BUFG (Prop_bufg_I_O)         0.026     0.834 r  main_top_i/top_level_0/U0/clocking_0/U0/BUFG_clk/O
                         net (fo=149, routed)         0.548     1.381    main_top_i/top_level_0/U0/clocking_0/U0/O_buff_clk
    MMCME2_ADV_X1Y0      MMCME2_ADV (Prop_mmcme2_adv_CLKIN1_CLKOUT0)
                                                      0.050     1.431 r  main_top_i/top_level_0/U0/clocking_0/U0/PLL_BASE_inst/CLKOUT0
                         net (fo=1, routed)           0.485     1.916    main_top_i/top_level_0/U0/clocking_0/U0/clock_pixel_unbuffered
    BUFGCTRL_X0Y0        BUFG (Prop_bufg_I_O)         0.026     1.942 r  main_top_i/top_level_0/U0/clocking_0/U0/BUFG_pclock/O
                         net (fo=128, routed)         0.557     2.499    main_top_i/top_level_0/U0/vga_gen_0/U0/O_buff_clkpixel
    SLICE_X29Y29         FDRE                                         r  main_top_i/top_level_0/U0/vga_gen_0/U0/queue_reg[0][vCounter][9]/C
  -------------------------------------------------------------------    -------------------
    SLICE_X29Y29         FDRE (Prop_fdre_C_Q)         0.141     2.640 r  main_top_i/top_level_0/U0/vga_gen_0/U0/queue_reg[0][vCounter][9]/Q
                         net (fo=7, routed)           0.136     2.776    main_top_i/top_level_0/U0/vga_gen_0/U0/queue_reg[0][vCounter][9]
    SLICE_X30Y28         SRL16E                                       r  main_top_i/top_level_0/U0/vga_gen_0/U0/queue_reg[14][vCounter][9]_srl14/D
  -------------------------------------------------------------------    -------------------

                         (clock clock_pixel_unbuffered rise edge)
                                                      0.000     0.000 r  
    G11                                               0.000     0.000 r  CLK25_I (IN)
                         net (fo=0)                   0.000     0.000    CLK25_I
    G11                  IBUF (Prop_ibuf_I_O)         0.388     0.388 r  CLK25_I_IBUF_inst/O
                         net (fo=1, routed)           0.660     1.048    main_top_i/top_level_0/U0/clocking_0/U0/CLK25_I
    BUFGCTRL_X0Y3        BUFG (Prop_bufg_I_O)         0.029     1.077 r  main_top_i/top_level_0/U0/clocking_0/U0/BUFG_clk/O
                         net (fo=149, routed)         0.815     1.891    main_top_i/top_level_0/U0/clocking_0/U0/O_buff_clk
    MMCME2_ADV_X1Y0      MMCME2_ADV (Prop_mmcme2_adv_CLKIN1_CLKOUT0)
                                                      0.053     1.944 r  main_top_i/top_level_0/U0/clocking_0/U0/PLL_BASE_inst/CLKOUT0
                         net (fo=1, routed)           0.529     2.473    main_top_i/top_level_0/U0/clocking_0/U0/clock_pixel_unbuffered
    BUFGCTRL_X0Y0        BUFG (Prop_bufg_I_O)         0.029     2.502 r  main_top_i/top_level_0/U0/clocking_0/U0/BUFG_pclock/O
                         net (fo=128, routed)         0.823     3.324    main_top_i/top_level_0/U0/vga_gen_0/U0/O_buff_clkpixel
    SLICE_X30Y28         SRL16E                                       r  main_top_i/top_level_0/U0/vga_gen_0/U0/queue_reg[14][vCounter][9]_srl14/CLK
                         clock pessimism             -0.794     2.531    
    SLICE_X30Y28         SRL16E (Hold_srl16e_CLK_D)
                                                      0.109     2.640    main_top_i/top_level_0/U0/vga_gen_0/U0/queue_reg[14][vCounter][9]_srl14
  -------------------------------------------------------------------
                         required time                         -2.640    
                         arrival time                           2.776    
  -------------------------------------------------------------------
                         slack                                  0.136    

Slack (MET) :             0.143ns  (arrival time - required time)
  Source:                 main_top_i/top_level_0/U0/vga_gen_0/U0/queue_reg[0][vCounter][5]/C
                            (rising edge-triggered cell FDRE clocked by clock_pixel_unbuffered  {rise@0.000ns fall@3.333ns period=6.667ns})
  Destination:            main_top_i/top_level_0/U0/vga_gen_0/U0/queue_reg[14][vCounter][5]_srl14/D
                            (rising edge-triggered cell SRL16E clocked by clock_pixel_unbuffered  {rise@0.000ns fall@3.333ns period=6.667ns})
  Path Group:             clock_pixel_unbuffered
  Path Type:              Hold (Min at Fast Process Corner)
  Requirement:            0.000ns  (clock_pixel_unbuffered rise@0.000ns - clock_pixel_unbuffered rise@0.000ns)
  Data Path Delay:        0.290ns  (logic 0.141ns (48.543%)  route 0.149ns (51.457%))
  Logic Levels:           0  
  Clock Path Skew:        0.032ns (DCD - SCD - CPR)
    Destination Clock Delay (DCD):    3.323ns
    Source Clock Delay      (SCD):    2.498ns
    Clock Pessimism Removal (CPR):    0.794ns

    Location             Delay type                Incr(ns)  Path(ns)    Netlist Resource(s)
  -------------------------------------------------------------------    -------------------
                         (clock clock_pixel_unbuffered rise edge)
                                                      0.000     0.000 r  
    G11                                               0.000     0.000 r  CLK25_I (IN)
                         net (fo=0)                   0.000     0.000    CLK25_I
    G11                  IBUF (Prop_ibuf_I_O)         0.201     0.201 r  CLK25_I_IBUF_inst/O
                         net (fo=1, routed)           0.607     0.808    main_top_i/top_level_0/U0/clocking_0/U0/CLK25_I
    BUFGCTRL_X0Y3        BUFG (Prop_bufg_I_O)         0.026     0.834 r  main_top_i/top_level_0/U0/clocking_0/U0/BUFG_clk/O
                         net (fo=149, routed)         0.548     1.381    main_top_i/top_level_0/U0/clocking_0/U0/O_buff_clk
    MMCME2_ADV_X1Y0      MMCME2_ADV (Prop_mmcme2_adv_CLKIN1_CLKOUT0)
                                                      0.050     1.431 r  main_top_i/top_level_0/U0/clocking_0/U0/PLL_BASE_inst/CLKOUT0
                         net (fo=1, routed)           0.485     1.916    main_top_i/top_level_0/U0/clocking_0/U0/clock_pixel_unbuffered
    BUFGCTRL_X0Y0        BUFG (Prop_bufg_I_O)         0.026     1.942 r  main_top_i/top_level_0/U0/clocking_0/U0/BUFG_pclock/O
                         net (fo=128, routed)         0.556     2.498    main_top_i/top_level_0/U0/vga_gen_0/U0/O_buff_clkpixel
    SLICE_X29Y28         FDRE                                         r  main_top_i/top_level_0/U0/vga_gen_0/U0/queue_reg[0][vCounter][5]/C
  -------------------------------------------------------------------    -------------------
    SLICE_X29Y28         FDRE (Prop_fdre_C_Q)         0.141     2.639 r  main_top_i/top_level_0/U0/vga_gen_0/U0/queue_reg[0][vCounter][5]/Q
                         net (fo=7, routed)           0.149     2.788    main_top_i/top_level_0/U0/vga_gen_0/U0/queue_reg[0][vCounter][5]
    SLICE_X30Y27         SRL16E                                       r  main_top_i/top_level_0/U0/vga_gen_0/U0/queue_reg[14][vCounter][5]_srl14/D
  -------------------------------------------------------------------    -------------------

                         (clock clock_pixel_unbuffered rise edge)
                                                      0.000     0.000 r  
    G11                                               0.000     0.000 r  CLK25_I (IN)
                         net (fo=0)                   0.000     0.000    CLK25_I
    G11                  IBUF (Prop_ibuf_I_O)         0.388     0.388 r  CLK25_I_IBUF_inst/O
                         net (fo=1, routed)           0.660     1.048    main_top_i/top_level_0/U0/clocking_0/U0/CLK25_I
    BUFGCTRL_X0Y3        BUFG (Prop_bufg_I_O)         0.029     1.077 r  main_top_i/top_level_0/U0/clocking_0/U0/BUFG_clk/O
                         net (fo=149, routed)         0.815     1.891    main_top_i/top_level_0/U0/clocking_0/U0/O_buff_clk
    MMCME2_ADV_X1Y0      MMCME2_ADV (Prop_mmcme2_adv_CLKIN1_CLKOUT0)
                                                      0.053     1.944 r  main_top_i/top_level_0/U0/clocking_0/U0/PLL_BASE_inst/CLKOUT0
                         net (fo=1, routed)           0.529     2.473    main_top_i/top_level_0/U0/clocking_0/U0/clock_pixel_unbuffered
    BUFGCTRL_X0Y0        BUFG (Prop_bufg_I_O)         0.029     2.502 r  main_top_i/top_level_0/U0/clocking_0/U0/BUFG_pclock/O
                         net (fo=128, routed)         0.822     3.323    main_top_i/top_level_0/U0/vga_gen_0/U0/O_buff_clkpixel
    SLICE_X30Y27         SRL16E                                       r  main_top_i/top_level_0/U0/vga_gen_0/U0/queue_reg[14][vCounter][5]_srl14/CLK
                         clock pessimism             -0.794     2.530    
    SLICE_X30Y27         SRL16E (Hold_srl16e_CLK_D)
                                                      0.115     2.645    main_top_i/top_level_0/U0/vga_gen_0/U0/queue_reg[14][vCounter][5]_srl14
  -------------------------------------------------------------------
                         required time                         -2.645    
                         arrival time                           2.788    
  -------------------------------------------------------------------
                         slack                                  0.143    

Slack (MET) :             0.154ns  (arrival time - required time)
  Source:                 main_top_i/top_level_0/U0/vga_gen_0/U0/queue_reg[0][vCounter][4]/C
                            (rising edge-triggered cell FDRE clocked by clock_pixel_unbuffered  {rise@0.000ns fall@3.333ns period=6.667ns})
  Destination:            main_top_i/top_level_0/U0/vga_gen_0/U0/queue_reg[14][vCounter][4]_srl14/D
                            (rising edge-triggered cell SRL16E clocked by clock_pixel_unbuffered  {rise@0.000ns fall@3.333ns period=6.667ns})
  Path Group:             clock_pixel_unbuffered
  Path Type:              Hold (Min at Fast Process Corner)
  Requirement:            0.000ns  (clock_pixel_unbuffered rise@0.000ns - clock_pixel_unbuffered rise@0.000ns)
  Data Path Delay:        0.303ns  (logic 0.141ns (46.586%)  route 0.162ns (53.414%))
  Logic Levels:           0  
  Clock Path Skew:        0.032ns (DCD - SCD - CPR)
    Destination Clock Delay (DCD):    3.323ns
    Source Clock Delay      (SCD):    2.498ns
    Clock Pessimism Removal (CPR):    0.794ns

    Location             Delay type                Incr(ns)  Path(ns)    Netlist Resource(s)
  -------------------------------------------------------------------    -------------------
                         (clock clock_pixel_unbuffered rise edge)
                                                      0.000     0.000 r  
    G11                                               0.000     0.000 r  CLK25_I (IN)
                         net (fo=0)                   0.000     0.000    CLK25_I
    G11                  IBUF (Prop_ibuf_I_O)         0.201     0.201 r  CLK25_I_IBUF_inst/O
                         net (fo=1, routed)           0.607     0.808    main_top_i/top_level_0/U0/clocking_0/U0/CLK25_I
    BUFGCTRL_X0Y3        BUFG (Prop_bufg_I_O)         0.026     0.834 r  main_top_i/top_level_0/U0/clocking_0/U0/BUFG_clk/O
                         net (fo=149, routed)         0.548     1.381    main_top_i/top_level_0/U0/clocking_0/U0/O_buff_clk
    MMCME2_ADV_X1Y0      MMCME2_ADV (Prop_mmcme2_adv_CLKIN1_CLKOUT0)
                                                      0.050     1.431 r  main_top_i/top_level_0/U0/clocking_0/U0/PLL_BASE_inst/CLKOUT0
                         net (fo=1, routed)           0.485     1.916    main_top_i/top_level_0/U0/clocking_0/U0/clock_pixel_unbuffered
    BUFGCTRL_X0Y0        BUFG (Prop_bufg_I_O)         0.026     1.942 r  main_top_i/top_level_0/U0/clocking_0/U0/BUFG_pclock/O
                         net (fo=128, routed)         0.556     2.498    main_top_i/top_level_0/U0/vga_gen_0/U0/O_buff_clkpixel
    SLICE_X29Y28         FDRE                                         r  main_top_i/top_level_0/U0/vga_gen_0/U0/queue_reg[0][vCounter][4]/C
  -------------------------------------------------------------------    -------------------
    SLICE_X29Y28         FDRE (Prop_fdre_C_Q)         0.141     2.639 r  main_top_i/top_level_0/U0/vga_gen_0/U0/queue_reg[0][vCounter][4]/Q
                         net (fo=7, routed)           0.162     2.800    main_top_i/top_level_0/U0/vga_gen_0/U0/queue_reg[0][vCounter][4]
    SLICE_X30Y27         SRL16E                                       r  main_top_i/top_level_0/U0/vga_gen_0/U0/queue_reg[14][vCounter][4]_srl14/D
  -------------------------------------------------------------------    -------------------

                         (clock clock_pixel_unbuffered rise edge)
                                                      0.000     0.000 r  
    G11                                               0.000     0.000 r  CLK25_I (IN)
                         net (fo=0)                   0.000     0.000    CLK25_I
    G11                  IBUF (Prop_ibuf_I_O)         0.388     0.388 r  CLK25_I_IBUF_inst/O
                         net (fo=1, routed)           0.660     1.048    main_top_i/top_level_0/U0/clocking_0/U0/CLK25_I
    BUFGCTRL_X0Y3        BUFG (Prop_bufg_I_O)         0.029     1.077 r  main_top_i/top_level_0/U0/clocking_0/U0/BUFG_clk/O
                         net (fo=149, routed)         0.815     1.891    main_top_i/top_level_0/U0/clocking_0/U0/O_buff_clk
    MMCME2_ADV_X1Y0      MMCME2_ADV (Prop_mmcme2_adv_CLKIN1_CLKOUT0)
                                                      0.053     1.944 r  main_top_i/top_level_0/U0/clocking_0/U0/PLL_BASE_inst/CLKOUT0
                         net (fo=1, routed)           0.529     2.473    main_top_i/top_level_0/U0/clocking_0/U0/clock_pixel_unbuffered
    BUFGCTRL_X0Y0        BUFG (Prop_bufg_I_O)         0.029     2.502 r  main_top_i/top_level_0/U0/clocking_0/U0/BUFG_pclock/O
                         net (fo=128, routed)         0.822     3.323    main_top_i/top_level_0/U0/vga_gen_0/U0/O_buff_clkpixel
    SLICE_X30Y27         SRL16E                                       r  main_top_i/top_level_0/U0/vga_gen_0/U0/queue_reg[14][vCounter][4]_srl14/CLK
                         clock pessimism             -0.794     2.530    
    SLICE_X30Y27         SRL16E (Hold_srl16e_CLK_D)
                                                      0.117     2.647    main_top_i/top_level_0/U0/vga_gen_0/U0/queue_reg[14][vCounter][4]_srl14
  -------------------------------------------------------------------
                         required time                         -2.647    
                         arrival time                           2.800    
  -------------------------------------------------------------------
                         slack                                  0.154    

Slack (MET) :             0.164ns  (arrival time - required time)
  Source:                 main_top_i/top_level_0/U0/vga_gen_0/U0/queue_reg[0][hCounter][7]/C
                            (rising edge-triggered cell FDRE clocked by clock_pixel_unbuffered  {rise@0.000ns fall@3.333ns period=6.667ns})
  Destination:            main_top_i/top_level_0/U0/vga_gen_0/U0/queue_reg[14][hCounter][7]_srl14/D
                            (rising edge-triggered cell SRL16E clocked by clock_pixel_unbuffered  {rise@0.000ns fall@3.333ns period=6.667ns})
  Path Group:             clock_pixel_unbuffered
  Path Type:              Hold (Min at Fast Process Corner)
  Requirement:            0.000ns  (clock_pixel_unbuffered rise@0.000ns - clock_pixel_unbuffered rise@0.000ns)
  Data Path Delay:        0.359ns  (logic 0.164ns (45.677%)  route 0.195ns (54.323%))
  Logic Levels:           0  
  Clock Path Skew:        0.012ns (DCD - SCD - CPR)
    Destination Clock Delay (DCD):    3.327ns
    Source Clock Delay      (SCD):    2.503ns
    Clock Pessimism Removal (CPR):    0.813ns

    Location             Delay type                Incr(ns)  Path(ns)    Netlist Resource(s)
  -------------------------------------------------------------------    -------------------
                         (clock clock_pixel_unbuffered rise edge)
                                                      0.000     0.000 r  
    G11                                               0.000     0.000 r  CLK25_I (IN)
                         net (fo=0)                   0.000     0.000    CLK25_I
    G11                  IBUF (Prop_ibuf_I_O)         0.201     0.201 r  CLK25_I_IBUF_inst/O
                         net (fo=1, routed)           0.607     0.808    main_top_i/top_level_0/U0/clocking_0/U0/CLK25_I
    BUFGCTRL_X0Y3        BUFG (Prop_bufg_I_O)         0.026     0.834 r  main_top_i/top_level_0/U0/clocking_0/U0/BUFG_clk/O
                         net (fo=149, routed)         0.548     1.381    main_top_i/top_level_0/U0/clocking_0/U0/O_buff_clk
    MMCME2_ADV_X1Y0      MMCME2_ADV (Prop_mmcme2_adv_CLKIN1_CLKOUT0)
                                                      0.050     1.431 r  main_top_i/top_level_0/U0/clocking_0/U0/PLL_BASE_inst/CLKOUT0
                         net (fo=1, routed)           0.485     1.916    main_top_i/top_level_0/U0/clocking_0/U0/clock_pixel_unbuffered
    BUFGCTRL_X0Y0        BUFG (Prop_bufg_I_O)         0.026     1.942 r  main_top_i/top_level_0/U0/clocking_0/U0/BUFG_pclock/O
                         net (fo=128, routed)         0.561     2.503    main_top_i/top_level_0/U0/vga_gen_0/U0/O_buff_clkpixel
    SLICE_X28Y33         FDRE                                         r  main_top_i/top_level_0/U0/vga_gen_0/U0/queue_reg[0][hCounter][7]/C
  -------------------------------------------------------------------    -------------------
    SLICE_X28Y33         FDRE (Prop_fdre_C_Q)         0.164     2.667 r  main_top_i/top_level_0/U0/vga_gen_0/U0/queue_reg[0][hCounter][7]/Q
                         net (fo=7, routed)           0.195     2.862    main_top_i/top_level_0/U0/vga_gen_0/U0/queue_reg[0][hCounter][7]
    SLICE_X28Y31         SRL16E                                       r  main_top_i/top_level_0/U0/vga_gen_0/U0/queue_reg[14][hCounter][7]_srl14/D
  -------------------------------------------------------------------    -------------------

                         (clock clock_pixel_unbuffered rise edge)
                                                      0.000     0.000 r  
    G11                                               0.000     0.000 r  CLK25_I (IN)
                         net (fo=0)                   0.000     0.000    CLK25_I
    G11                  IBUF (Prop_ibuf_I_O)         0.388     0.388 r  CLK25_I_IBUF_inst/O
                         net (fo=1, routed)           0.660     1.048    main_top_i/top_level_0/U0/clocking_0/U0/CLK25_I
    BUFGCTRL_X0Y3        BUFG (Prop_bufg_I_O)         0.029     1.077 r  main_top_i/top_level_0/U0/clocking_0/U0/BUFG_clk/O
                         net (fo=149, routed)         0.815     1.891    main_top_i/top_level_0/U0/clocking_0/U0/O_buff_clk
    MMCME2_ADV_X1Y0      MMCME2_ADV (Prop_mmcme2_adv_CLKIN1_CLKOUT0)
                                                      0.053     1.944 r  main_top_i/top_level_0/U0/clocking_0/U0/PLL_BASE_inst/CLKOUT0
                         net (fo=1, routed)           0.529     2.473    main_top_i/top_level_0/U0/clocking_0/U0/clock_pixel_unbuffered
    BUFGCTRL_X0Y0        BUFG (Prop_bufg_I_O)         0.029     2.502 r  main_top_i/top_level_0/U0/clocking_0/U0/BUFG_pclock/O
                         net (fo=128, routed)         0.826     3.327    main_top_i/top_level_0/U0/vga_gen_0/U0/O_buff_clkpixel
    SLICE_X28Y31         SRL16E                                       r  main_top_i/top_level_0/U0/vga_gen_0/U0/queue_reg[14][hCounter][7]_srl14/CLK
                         clock pessimism             -0.813     2.515    
    SLICE_X28Y31         SRL16E (Hold_srl16e_CLK_D)
                                                      0.183     2.698    main_top_i/top_level_0/U0/vga_gen_0/U0/queue_reg[14][hCounter][7]_srl14
  -------------------------------------------------------------------
                         required time                         -2.698    
                         arrival time                           2.862    
  -------------------------------------------------------------------
                         slack                                  0.164    

Slack (MET) :             0.167ns  (arrival time - required time)
  Source:                 main_top_i/top_level_0/U0/vga_gen_0/U0/queue_reg[0][vCounter][8]/C
                            (rising edge-triggered cell FDRE clocked by clock_pixel_unbuffered  {rise@0.000ns fall@3.333ns period=6.667ns})
  Destination:            main_top_i/top_level_0/U0/vga_gen_0/U0/queue_reg[14][vCounter][8]_srl14/D
                            (rising edge-triggered cell SRL16E clocked by clock_pixel_unbuffered  {rise@0.000ns fall@3.333ns period=6.667ns})
  Path Group:             clock_pixel_unbuffered
  Path Type:              Hold (Min at Fast Process Corner)
  Requirement:            0.000ns  (clock_pixel_unbuffered rise@0.000ns - clock_pixel_unbuffered rise@0.000ns)
  Data Path Delay:        0.301ns  (logic 0.141ns (46.912%)  route 0.160ns (53.088%))
  Logic Levels:           0  
  Clock Path Skew:        0.032ns (DCD - SCD - CPR)
    Destination Clock Delay (DCD):    3.324ns
    Source Clock Delay      (SCD):    2.499ns
    Clock Pessimism Removal (CPR):    0.794ns

    Location             Delay type                Incr(ns)  Path(ns)    Netlist Resource(s)
  -------------------------------------------------------------------    -------------------
                         (clock clock_pixel_unbuffered rise edge)
                                                      0.000     0.000 r  
    G11                                               0.000     0.000 r  CLK25_I (IN)
                         net (fo=0)                   0.000     0.000    CLK25_I
    G11                  IBUF (Prop_ibuf_I_O)         0.201     0.201 r  CLK25_I_IBUF_inst/O
                         net (fo=1, routed)           0.607     0.808    main_top_i/top_level_0/U0/clocking_0/U0/CLK25_I
    BUFGCTRL_X0Y3        BUFG (Prop_bufg_I_O)         0.026     0.834 r  main_top_i/top_level_0/U0/clocking_0/U0/BUFG_clk/O
                         net (fo=149, routed)         0.548     1.381    main_top_i/top_level_0/U0/clocking_0/U0/O_buff_clk
    MMCME2_ADV_X1Y0      MMCME2_ADV (Prop_mmcme2_adv_CLKIN1_CLKOUT0)
                                                      0.050     1.431 r  main_top_i/top_level_0/U0/clocking_0/U0/PLL_BASE_inst/CLKOUT0
                         net (fo=1, routed)           0.485     1.916    main_top_i/top_level_0/U0/clocking_0/U0/clock_pixel_unbuffered
    BUFGCTRL_X0Y0        BUFG (Prop_bufg_I_O)         0.026     1.942 r  main_top_i/top_level_0/U0/clocking_0/U0/BUFG_pclock/O
                         net (fo=128, routed)         0.557     2.499    main_top_i/top_level_0/U0/vga_gen_0/U0/O_buff_clkpixel
    SLICE_X29Y29         FDRE                                         r  main_top_i/top_level_0/U0/vga_gen_0/U0/queue_reg[0][vCounter][8]/C
  -------------------------------------------------------------------    -------------------
    SLICE_X29Y29         FDRE (Prop_fdre_C_Q)         0.141     2.640 r  main_top_i/top_level_0/U0/vga_gen_0/U0/queue_reg[0][vCounter][8]/Q
                         net (fo=7, routed)           0.160     2.799    main_top_i/top_level_0/U0/vga_gen_0/U0/queue_reg[0][vCounter][8]
    SLICE_X30Y28         SRL16E                                       r  main_top_i/top_level_0/U0/vga_gen_0/U0/queue_reg[14][vCounter][8]_srl14/D
  -------------------------------------------------------------------    -------------------

                         (clock clock_pixel_unbuffered rise edge)
                                                      0.000     0.000 r  
    G11                                               0.000     0.000 r  CLK25_I (IN)
                         net (fo=0)                   0.000     0.000    CLK25_I
    G11                  IBUF (Prop_ibuf_I_O)         0.388     0.388 r  CLK25_I_IBUF_inst/O
                         net (fo=1, routed)           0.660     1.048    main_top_i/top_level_0/U0/clocking_0/U0/CLK25_I
    BUFGCTRL_X0Y3        BUFG (Prop_bufg_I_O)         0.029     1.077 r  main_top_i/top_level_0/U0/clocking_0/U0/BUFG_clk/O
                         net (fo=149, routed)         0.815     1.891    main_top_i/top_level_0/U0/clocking_0/U0/O_buff_clk
    MMCME2_ADV_X1Y0      MMCME2_ADV (Prop_mmcme2_adv_CLKIN1_CLKOUT0)
                                                      0.053     1.944 r  main_top_i/top_level_0/U0/clocking_0/U0/PLL_BASE_inst/CLKOUT0
                         net (fo=1, routed)           0.529     2.473    main_top_i/top_level_0/U0/clocking_0/U0/clock_pixel_unbuffered
    BUFGCTRL_X0Y0        BUFG (Prop_bufg_I_O)         0.029     2.502 r  main_top_i/top_level_0/U0/clocking_0/U0/BUFG_pclock/O
                         net (fo=128, routed)         0.823     3.324    main_top_i/top_level_0/U0/vga_gen_0/U0/O_buff_clkpixel
    SLICE_X30Y28         SRL16E                                       r  main_top_i/top_level_0/U0/vga_gen_0/U0/queue_reg[14][vCounter][8]_srl14/CLK
                         clock pessimism             -0.794     2.531    
    SLICE_X30Y28         SRL16E (Hold_srl16e_CLK_D)
                                                      0.102     2.633    main_top_i/top_level_0/U0/vga_gen_0/U0/queue_reg[14][vCounter][8]_srl14
  -------------------------------------------------------------------
                         required time                         -2.633    
                         arrival time                           2.799    
  -------------------------------------------------------------------
                         slack                                  0.167    

Slack (MET) :             0.173ns  (arrival time - required time)
  Source:                 main_top_i/top_level_0/U0/vga_gen_0/U0/queue_reg[0][vCounter][6]/C
                            (rising edge-triggered cell FDRE clocked by clock_pixel_unbuffered  {rise@0.000ns fall@3.333ns period=6.667ns})
  Destination:            main_top_i/top_level_0/U0/vga_gen_0/U0/queue_reg[14][vCounter][6]_srl14/D
                            (rising edge-triggered cell SRL16E clocked by clock_pixel_unbuffered  {rise@0.000ns fall@3.333ns period=6.667ns})
  Path Group:             clock_pixel_unbuffered
  Path Type:              Hold (Min at Fast Process Corner)
  Requirement:            0.000ns  (clock_pixel_unbuffered rise@0.000ns - clock_pixel_unbuffered rise@0.000ns)
  Data Path Delay:        0.314ns  (logic 0.141ns (44.960%)  route 0.173ns (55.040%))
  Logic Levels:           0  
  Clock Path Skew:        0.032ns (DCD - SCD - CPR)
    Destination Clock Delay (DCD):    3.323ns
    Source Clock Delay      (SCD):    2.498ns
    Clock Pessimism Removal (CPR):    0.794ns

    Location             Delay type                Incr(ns)  Path(ns)    Netlist Resource(s)
  -------------------------------------------------------------------    -------------------
                         (clock clock_pixel_unbuffered rise edge)
                                                      0.000     0.000 r  
    G11                                               0.000     0.000 r  CLK25_I (IN)
                         net (fo=0)                   0.000     0.000    CLK25_I
    G11                  IBUF (Prop_ibuf_I_O)         0.201     0.201 r  CLK25_I_IBUF_inst/O
                         net (fo=1, routed)           0.607     0.808    main_top_i/top_level_0/U0/clocking_0/U0/CLK25_I
    BUFGCTRL_X0Y3        BUFG (Prop_bufg_I_O)         0.026     0.834 r  main_top_i/top_level_0/U0/clocking_0/U0/BUFG_clk/O
                         net (fo=149, routed)         0.548     1.381    main_top_i/top_level_0/U0/clocking_0/U0/O_buff_clk
    MMCME2_ADV_X1Y0      MMCME2_ADV (Prop_mmcme2_adv_CLKIN1_CLKOUT0)
                                                      0.050     1.431 r  main_top_i/top_level_0/U0/clocking_0/U0/PLL_BASE_inst/CLKOUT0
                         net (fo=1, routed)           0.485     1.916    main_top_i/top_level_0/U0/clocking_0/U0/clock_pixel_unbuffered
    BUFGCTRL_X0Y0        BUFG (Prop_bufg_I_O)         0.026     1.942 r  main_top_i/top_level_0/U0/clocking_0/U0/BUFG_pclock/O
                         net (fo=128, routed)         0.556     2.498    main_top_i/top_level_0/U0/vga_gen_0/U0/O_buff_clkpixel
    SLICE_X29Y28         FDRE                                         r  main_top_i/top_level_0/U0/vga_gen_0/U0/queue_reg[0][vCounter][6]/C
  -------------------------------------------------------------------    -------------------
    SLICE_X29Y28         FDRE (Prop_fdre_C_Q)         0.141     2.639 r  main_top_i/top_level_0/U0/vga_gen_0/U0/queue_reg[0][vCounter][6]/Q
                         net (fo=8, routed)           0.173     2.811    main_top_i/top_level_0/U0/vga_gen_0/U0/queue_reg[0][vCounter][6]
    SLICE_X30Y27         SRL16E                                       r  main_top_i/top_level_0/U0/vga_gen_0/U0/queue_reg[14][vCounter][6]_srl14/D
  -------------------------------------------------------------------    -------------------

                         (clock clock_pixel_unbuffered rise edge)
                                                      0.000     0.000 r  
    G11                                               0.000     0.000 r  CLK25_I (IN)
                         net (fo=0)                   0.000     0.000    CLK25_I
    G11                  IBUF (Prop_ibuf_I_O)         0.388     0.388 r  CLK25_I_IBUF_inst/O
                         net (fo=1, routed)           0.660     1.048    main_top_i/top_level_0/U0/clocking_0/U0/CLK25_I
    BUFGCTRL_X0Y3        BUFG (Prop_bufg_I_O)         0.029     1.077 r  main_top_i/top_level_0/U0/clocking_0/U0/BUFG_clk/O
                         net (fo=149, routed)         0.815     1.891    main_top_i/top_level_0/U0/clocking_0/U0/O_buff_clk
    MMCME2_ADV_X1Y0      MMCME2_ADV (Prop_mmcme2_adv_CLKIN1_CLKOUT0)
                                                      0.053     1.944 r  main_top_i/top_level_0/U0/clocking_0/U0/PLL_BASE_inst/CLKOUT0
                         net (fo=1, routed)           0.529     2.473    main_top_i/top_level_0/U0/clocking_0/U0/clock_pixel_unbuffered
    BUFGCTRL_X0Y0        BUFG (Prop_bufg_I_O)         0.029     2.502 r  main_top_i/top_level_0/U0/clocking_0/U0/BUFG_pclock/O
                         net (fo=128, routed)         0.822     3.323    main_top_i/top_level_0/U0/vga_gen_0/U0/O_buff_clkpixel
    SLICE_X30Y27         SRL16E                                       r  main_top_i/top_level_0/U0/vga_gen_0/U0/queue_reg[14][vCounter][6]_srl14/CLK
                         clock pessimism             -0.794     2.530    
    SLICE_X30Y27         SRL16E (Hold_srl16e_CLK_D)
                                                      0.109     2.639    main_top_i/top_level_0/U0/vga_gen_0/U0/queue_reg[14][vCounter][6]_srl14
  -------------------------------------------------------------------
                         required time                         -2.639    
                         arrival time                           2.811    
  -------------------------------------------------------------------
                         slack                                  0.173    

Slack (MET) :             0.174ns  (arrival time - required time)
  Source:                 main_top_i/top_level_0/U0/vga_gen_0/U0/queue_reg[0][vCounter][11]/C
                            (rising edge-triggered cell FDRE clocked by clock_pixel_unbuffered  {rise@0.000ns fall@3.333ns period=6.667ns})
  Destination:            main_top_i/top_level_0/U0/vga_gen_0/U0/queue_reg[14][vCounter][11]_srl14/D
                            (rising edge-triggered cell SRL16E clocked by clock_pixel_unbuffered  {rise@0.000ns fall@3.333ns period=6.667ns})
  Path Group:             clock_pixel_unbuffered
  Path Type:              Hold (Min at Fast Process Corner)
  Requirement:            0.000ns  (clock_pixel_unbuffered rise@0.000ns - clock_pixel_unbuffered rise@0.000ns)
  Data Path Delay:        0.314ns  (logic 0.141ns (44.948%)  route 0.173ns (55.052%))
  Logic Levels:           0  
  Clock Path Skew:        0.032ns (DCD - SCD - CPR)
    Destination Clock Delay (DCD):    3.324ns
    Source Clock Delay      (SCD):    2.499ns
    Clock Pessimism Removal (CPR):    0.794ns

    Location             Delay type                Incr(ns)  Path(ns)    Netlist Resource(s)
  -------------------------------------------------------------------    -------------------
                         (clock clock_pixel_unbuffered rise edge)
                                                      0.000     0.000 r  
    G11                                               0.000     0.000 r  CLK25_I (IN)
                         net (fo=0)                   0.000     0.000    CLK25_I
    G11                  IBUF (Prop_ibuf_I_O)         0.201     0.201 r  CLK25_I_IBUF_inst/O
                         net (fo=1, routed)           0.607     0.808    main_top_i/top_level_0/U0/clocking_0/U0/CLK25_I
    BUFGCTRL_X0Y3        BUFG (Prop_bufg_I_O)         0.026     0.834 r  main_top_i/top_level_0/U0/clocking_0/U0/BUFG_clk/O
                         net (fo=149, routed)         0.548     1.381    main_top_i/top_level_0/U0/clocking_0/U0/O_buff_clk
    MMCME2_ADV_X1Y0      MMCME2_ADV (Prop_mmcme2_adv_CLKIN1_CLKOUT0)
                                                      0.050     1.431 r  main_top_i/top_level_0/U0/clocking_0/U0/PLL_BASE_inst/CLKOUT0
                         net (fo=1, routed)           0.485     1.916    main_top_i/top_level_0/U0/clocking_0/U0/clock_pixel_unbuffered
    BUFGCTRL_X0Y0        BUFG (Prop_bufg_I_O)         0.026     1.942 r  main_top_i/top_level_0/U0/clocking_0/U0/BUFG_pclock/O
                         net (fo=128, routed)         0.557     2.499    main_top_i/top_level_0/U0/vga_gen_0/U0/O_buff_clkpixel
    SLICE_X29Y29         FDRE                                         r  main_top_i/top_level_0/U0/vga_gen_0/U0/queue_reg[0][vCounter][11]/C
  -------------------------------------------------------------------    -------------------
    SLICE_X29Y29         FDRE (Prop_fdre_C_Q)         0.141     2.640 r  main_top_i/top_level_0/U0/vga_gen_0/U0/queue_reg[0][vCounter][11]/Q
                         net (fo=9, routed)           0.173     2.812    main_top_i/top_level_0/U0/vga_gen_0/U0/queue_reg[0][vCounter][11]
    SLICE_X30Y28         SRL16E                                       r  main_top_i/top_level_0/U0/vga_gen_0/U0/queue_reg[14][vCounter][11]_srl14/D
  -------------------------------------------------------------------    -------------------

                         (clock clock_pixel_unbuffered rise edge)
                                                      0.000     0.000 r  
    G11                                               0.000     0.000 r  CLK25_I (IN)
                         net (fo=0)                   0.000     0.000    CLK25_I
    G11                  IBUF (Prop_ibuf_I_O)         0.388     0.388 r  CLK25_I_IBUF_inst/O
                         net (fo=1, routed)           0.660     1.048    main_top_i/top_level_0/U0/clocking_0/U0/CLK25_I
    BUFGCTRL_X0Y3        BUFG (Prop_bufg_I_O)         0.029     1.077 r  main_top_i/top_level_0/U0/clocking_0/U0/BUFG_clk/O
                         net (fo=149, routed)         0.815     1.891    main_top_i/top_level_0/U0/clocking_0/U0/O_buff_clk
    MMCME2_ADV_X1Y0      MMCME2_ADV (Prop_mmcme2_adv_CLKIN1_CLKOUT0)
                                                      0.053     1.944 r  main_top_i/top_level_0/U0/clocking_0/U0/PLL_BASE_inst/CLKOUT0
                         net (fo=1, routed)           0.529     2.473    main_top_i/top_level_0/U0/clocking_0/U0/clock_pixel_unbuffered
    BUFGCTRL_X0Y0        BUFG (Prop_bufg_I_O)         0.029     2.502 r  main_top_i/top_level_0/U0/clocking_0/U0/BUFG_pclock/O
                         net (fo=128, routed)         0.823     3.324    main_top_i/top_level_0/U0/vga_gen_0/U0/O_buff_clkpixel
    SLICE_X30Y28         SRL16E                                       r  main_top_i/top_level_0/U0/vga_gen_0/U0/queue_reg[14][vCounter][11]_srl14/CLK
                         clock pessimism             -0.794     2.531    
    SLICE_X30Y28         SRL16E (Hold_srl16e_CLK_D)
                                                      0.108     2.639    main_top_i/top_level_0/U0/vga_gen_0/U0/queue_reg[14][vCounter][11]_srl14
  -------------------------------------------------------------------
                         required time                         -2.639    
                         arrival time                           2.812    
  -------------------------------------------------------------------
                         slack                                  0.174    

Slack (MET) :             0.174ns  (arrival time - required time)
  Source:                 main_top_i/top_level_0/U0/vga_gen_0/U0/queue_reg[0][hCounter][1]/C
                            (rising edge-triggered cell FDRE clocked by clock_pixel_unbuffered  {rise@0.000ns fall@3.333ns period=6.667ns})
  Destination:            main_top_i/top_level_0/U0/vga_gen_0/U0/queue_reg[14][hCounter][1]_srl14/D
                            (rising edge-triggered cell SRL16E clocked by clock_pixel_unbuffered  {rise@0.000ns fall@3.333ns period=6.667ns})
  Path Group:             clock_pixel_unbuffered
  Path Type:              Hold (Min at Fast Process Corner)
  Requirement:            0.000ns  (clock_pixel_unbuffered rise@0.000ns - clock_pixel_unbuffered rise@0.000ns)
  Data Path Delay:        0.296ns  (logic 0.164ns (55.402%)  route 0.132ns (44.598%))
  Logic Levels:           0  
  Clock Path Skew:        0.013ns (DCD - SCD - CPR)
    Destination Clock Delay (DCD):    3.327ns
    Source Clock Delay      (SCD):    2.502ns
    Clock Pessimism Removal (CPR):    0.813ns

    Location             Delay type                Incr(ns)  Path(ns)    Netlist Resource(s)
  -------------------------------------------------------------------    -------------------
                         (clock clock_pixel_unbuffered rise edge)
                                                      0.000     0.000 r  
    G11                                               0.000     0.000 r  CLK25_I (IN)
                         net (fo=0)                   0.000     0.000    CLK25_I
    G11                  IBUF (Prop_ibuf_I_O)         0.201     0.201 r  CLK25_I_IBUF_inst/O
                         net (fo=1, routed)           0.607     0.808    main_top_i/top_level_0/U0/clocking_0/U0/CLK25_I
    BUFGCTRL_X0Y3        BUFG (Prop_bufg_I_O)         0.026     0.834 r  main_top_i/top_level_0/U0/clocking_0/U0/BUFG_clk/O
                         net (fo=149, routed)         0.548     1.381    main_top_i/top_level_0/U0/clocking_0/U0/O_buff_clk
    MMCME2_ADV_X1Y0      MMCME2_ADV (Prop_mmcme2_adv_CLKIN1_CLKOUT0)
                                                      0.050     1.431 r  main_top_i/top_level_0/U0/clocking_0/U0/PLL_BASE_inst/CLKOUT0
                         net (fo=1, routed)           0.485     1.916    main_top_i/top_level_0/U0/clocking_0/U0/clock_pixel_unbuffered
    BUFGCTRL_X0Y0        BUFG (Prop_bufg_I_O)         0.026     1.942 r  main_top_i/top_level_0/U0/clocking_0/U0/BUFG_pclock/O
                         net (fo=128, routed)         0.560     2.502    main_top_i/top_level_0/U0/vga_gen_0/U0/O_buff_clkpixel
    SLICE_X28Y32         FDRE                                         r  main_top_i/top_level_0/U0/vga_gen_0/U0/queue_reg[0][hCounter][1]/C
  -------------------------------------------------------------------    -------------------
    SLICE_X28Y32         FDRE (Prop_fdre_C_Q)         0.164     2.666 r  main_top_i/top_level_0/U0/vga_gen_0/U0/queue_reg[0][hCounter][1]/Q
                         net (fo=5, routed)           0.132     2.798    main_top_i/top_level_0/U0/vga_gen_0/U0/queue_reg[0][hCounter][1]
    SLICE_X28Y31         SRL16E                                       r  main_top_i/top_level_0/U0/vga_gen_0/U0/queue_reg[14][hCounter][1]_srl14/D
  -------------------------------------------------------------------    -------------------

                         (clock clock_pixel_unbuffered rise edge)
                                                      0.000     0.000 r  
    G11                                               0.000     0.000 r  CLK25_I (IN)
                         net (fo=0)                   0.000     0.000    CLK25_I
    G11                  IBUF (Prop_ibuf_I_O)         0.388     0.388 r  CLK25_I_IBUF_inst/O
                         net (fo=1, routed)           0.660     1.048    main_top_i/top_level_0/U0/clocking_0/U0/CLK25_I
    BUFGCTRL_X0Y3        BUFG (Prop_bufg_I_O)         0.029     1.077 r  main_top_i/top_level_0/U0/clocking_0/U0/BUFG_clk/O
                         net (fo=149, routed)         0.815     1.891    main_top_i/top_level_0/U0/clocking_0/U0/O_buff_clk
    MMCME2_ADV_X1Y0      MMCME2_ADV (Prop_mmcme2_adv_CLKIN1_CLKOUT0)
                                                      0.053     1.944 r  main_top_i/top_level_0/U0/clocking_0/U0/PLL_BASE_inst/CLKOUT0
                         net (fo=1, routed)           0.529     2.473    main_top_i/top_level_0/U0/clocking_0/U0/clock_pixel_unbuffered
    BUFGCTRL_X0Y0        BUFG (Prop_bufg_I_O)         0.029     2.502 r  main_top_i/top_level_0/U0/clocking_0/U0/BUFG_pclock/O
                         net (fo=128, routed)         0.826     3.327    main_top_i/top_level_0/U0/vga_gen_0/U0/O_buff_clkpixel
    SLICE_X28Y31         SRL16E                                       r  main_top_i/top_level_0/U0/vga_gen_0/U0/queue_reg[14][hCounter][1]_srl14/CLK
                         clock pessimism             -0.813     2.515    
    SLICE_X28Y31         SRL16E (Hold_srl16e_CLK_D)
                                                      0.109     2.624    main_top_i/top_level_0/U0/vga_gen_0/U0/queue_reg[14][hCounter][1]_srl14
  -------------------------------------------------------------------
                         required time                         -2.624    
                         arrival time                           2.798    
  -------------------------------------------------------------------
                         slack                                  0.174    

Slack (MET) :             0.179ns  (arrival time - required time)
  Source:                 main_top_i/top_level_0/U0/vga_gen_0/U0/queue_reg[0][hCounter][2]/C
                            (rising edge-triggered cell FDRE clocked by clock_pixel_unbuffered  {rise@0.000ns fall@3.333ns period=6.667ns})
  Destination:            main_top_i/top_level_0/U0/vga_gen_0/U0/queue_reg[14][hCounter][2]_srl14/D
                            (rising edge-triggered cell SRL16E clocked by clock_pixel_unbuffered  {rise@0.000ns fall@3.333ns period=6.667ns})
  Path Group:             clock_pixel_unbuffered
  Path Type:              Hold (Min at Fast Process Corner)
  Requirement:            0.000ns  (clock_pixel_unbuffered rise@0.000ns - clock_pixel_unbuffered rise@0.000ns)
  Data Path Delay:        0.286ns  (logic 0.164ns (57.315%)  route 0.122ns (42.685%))
  Logic Levels:           0  
  Clock Path Skew:        0.013ns (DCD - SCD - CPR)
    Destination Clock Delay (DCD):    3.327ns
    Source Clock Delay      (SCD):    2.502ns
    Clock Pessimism Removal (CPR):    0.813ns

    Location             Delay type                Incr(ns)  Path(ns)    Netlist Resource(s)
  -------------------------------------------------------------------    -------------------
                         (clock clock_pixel_unbuffered rise edge)
                                                      0.000     0.000 r  
    G11                                               0.000     0.000 r  CLK25_I (IN)
                         net (fo=0)                   0.000     0.000    CLK25_I
    G11                  IBUF (Prop_ibuf_I_O)         0.201     0.201 r  CLK25_I_IBUF_inst/O
                         net (fo=1, routed)           0.607     0.808    main_top_i/top_level_0/U0/clocking_0/U0/CLK25_I
    BUFGCTRL_X0Y3        BUFG (Prop_bufg_I_O)         0.026     0.834 r  main_top_i/top_level_0/U0/clocking_0/U0/BUFG_clk/O
                         net (fo=149, routed)         0.548     1.381    main_top_i/top_level_0/U0/clocking_0/U0/O_buff_clk
    MMCME2_ADV_X1Y0      MMCME2_ADV (Prop_mmcme2_adv_CLKIN1_CLKOUT0)
                                                      0.050     1.431 r  main_top_i/top_level_0/U0/clocking_0/U0/PLL_BASE_inst/CLKOUT0
                         net (fo=1, routed)           0.485     1.916    main_top_i/top_level_0/U0/clocking_0/U0/clock_pixel_unbuffered
    BUFGCTRL_X0Y0        BUFG (Prop_bufg_I_O)         0.026     1.942 r  main_top_i/top_level_0/U0/clocking_0/U0/BUFG_pclock/O
                         net (fo=128, routed)         0.560     2.502    main_top_i/top_level_0/U0/vga_gen_0/U0/O_buff_clkpixel
    SLICE_X28Y32         FDRE                                         r  main_top_i/top_level_0/U0/vga_gen_0/U0/queue_reg[0][hCounter][2]/C
  -------------------------------------------------------------------    -------------------
    SLICE_X28Y32         FDRE (Prop_fdre_C_Q)         0.164     2.666 r  main_top_i/top_level_0/U0/vga_gen_0/U0/queue_reg[0][hCounter][2]/Q
                         net (fo=7, routed)           0.122     2.788    main_top_i/top_level_0/U0/vga_gen_0/U0/queue_reg[0][hCounter][2]
    SLICE_X28Y31         SRL16E                                       r  main_top_i/top_level_0/U0/vga_gen_0/U0/queue_reg[14][hCounter][2]_srl14/D
  -------------------------------------------------------------------    -------------------

                         (clock clock_pixel_unbuffered rise edge)
                                                      0.000     0.000 r  
    G11                                               0.000     0.000 r  CLK25_I (IN)
                         net (fo=0)                   0.000     0.000    CLK25_I
    G11                  IBUF (Prop_ibuf_I_O)         0.388     0.388 r  CLK25_I_IBUF_inst/O
                         net (fo=1, routed)           0.660     1.048    main_top_i/top_level_0/U0/clocking_0/U0/CLK25_I
    BUFGCTRL_X0Y3        BUFG (Prop_bufg_I_O)         0.029     1.077 r  main_top_i/top_level_0/U0/clocking_0/U0/BUFG_clk/O
                         net (fo=149, routed)         0.815     1.891    main_top_i/top_level_0/U0/clocking_0/U0/O_buff_clk
    MMCME2_ADV_X1Y0      MMCME2_ADV (Prop_mmcme2_adv_CLKIN1_CLKOUT0)
                                                      0.053     1.944 r  main_top_i/top_level_0/U0/clocking_0/U0/PLL_BASE_inst/CLKOUT0
                         net (fo=1, routed)           0.529     2.473    main_top_i/top_level_0/U0/clocking_0/U0/clock_pixel_unbuffered
    BUFGCTRL_X0Y0        BUFG (Prop_bufg_I_O)         0.029     2.502 r  main_top_i/top_level_0/U0/clocking_0/U0/BUFG_pclock/O
                         net (fo=128, routed)         0.826     3.327    main_top_i/top_level_0/U0/vga_gen_0/U0/O_buff_clkpixel
    SLICE_X28Y31         SRL16E                                       r  main_top_i/top_level_0/U0/vga_gen_0/U0/queue_reg[14][hCounter][2]_srl14/CLK
                         clock pessimism             -0.813     2.515    
    SLICE_X28Y31         SRL16E (Hold_srl16e_CLK_D)
                                                      0.094     2.609    main_top_i/top_level_0/U0/vga_gen_0/U0/queue_reg[14][hCounter][2]_srl14
  -------------------------------------------------------------------
                         required time                         -2.609    
                         arrival time                           2.788    
  -------------------------------------------------------------------
                         slack                                  0.179    





Pulse Width Checks
--------------------------------------------------------------------------------------
Clock Name:         clock_pixel_unbuffered
Waveform(ns):       { 0.000 3.333 }
Period(ns):         6.667
Sources:            { main_top_i/top_level_0/U0/clocking_0/U0/PLL_BASE_inst/CLKOUT0 }

Check Type        Corner  Lib Pin             Reference Pin  Required(ns)  Actual(ns)  Slack(ns)  Location         Pin
Min Period        n/a     BUFG/I              n/a            2.155         6.667       4.511      BUFGCTRL_X0Y0    main_top_i/top_level_0/U0/clocking_0/U0/BUFG_pclock/I
Min Period        n/a     OSERDESE2/CLKDIV    n/a            1.667         6.667       5.000      OLOGIC_X1Y34     main_top_i/top_level_0/U0/serialiser_BLUE/U0/OSERDESE2_master/CLKDIV
Min Period        n/a     OSERDESE2/CLKDIV    n/a            1.667         6.667       5.000      OLOGIC_X1Y33     main_top_i/top_level_0/U0/serialiser_BLUE/U0/OSERDESE2_slave/CLKDIV
Min Period        n/a     OSERDESE2/CLKDIV    n/a            1.667         6.667       5.000      OLOGIC_X1Y32     main_top_i/top_level_0/U0/serialiser_GREEN/U0/OSERDESE2_master/CLKDIV
Min Period        n/a     OSERDESE2/CLKDIV    n/a            1.667         6.667       5.000      OLOGIC_X1Y31     main_top_i/top_level_0/U0/serialiser_GREEN/U0/OSERDESE2_slave/CLKDIV
Min Period        n/a     OSERDESE2/CLKDIV    n/a            1.667         6.667       5.000      OLOGIC_X1Y44     main_top_i/top_level_0/U0/serialiser_RED/U0/OSERDESE2_master/CLKDIV
Min Period        n/a     OSERDESE2/CLKDIV    n/a            1.667         6.667       5.000      OLOGIC_X1Y43     main_top_i/top_level_0/U0/serialiser_RED/U0/OSERDESE2_slave/CLKDIV
Min Period        n/a     MMCME2_ADV/CLKOUT0  n/a            1.249         6.667       5.418      MMCME2_ADV_X1Y0  main_top_i/top_level_0/U0/clocking_0/U0/PLL_BASE_inst/CLKOUT0
Min Period        n/a     FDRE/C              n/a            1.000         6.667       5.667      SLICE_X38Y33     main_top_i/top_level_0/U0/TMDS_BLUE/U0/dc_bias_reg[0]/C
Min Period        n/a     FDRE/C              n/a            1.000         6.667       5.667      SLICE_X38Y33     main_top_i/top_level_0/U0/TMDS_BLUE/U0/dc_bias_reg[1]/C
Max Period        n/a     MMCME2_ADV/CLKOUT0  n/a            213.360       6.667       206.693    MMCME2_ADV_X1Y0  main_top_i/top_level_0/U0/clocking_0/U0/PLL_BASE_inst/CLKOUT0
Low Pulse Width   Slow    SRL16E/CLK          n/a            0.980         3.333       2.353      SLICE_X34Y32     main_top_i/top_level_0/U0/vga_gen_0/U0/queue_reg[14][blank]_srl15/CLK
Low Pulse Width   Fast    SRL16E/CLK          n/a            0.980         3.333       2.353      SLICE_X34Y32     main_top_i/top_level_0/U0/vga_gen_0/U0/queue_reg[14][blank]_srl15/CLK
Low Pulse Width   Slow    SRL16E/CLK          n/a            0.980         3.333       2.353      SLICE_X28Y31     main_top_i/top_level_0/U0/vga_gen_0/U0/queue_reg[14][hCounter][0]_srl14/CLK
Low Pulse Width   Fast    SRL16E/CLK          n/a            0.980         3.333       2.353      SLICE_X28Y31     main_top_i/top_level_0/U0/vga_gen_0/U0/queue_reg[14][hCounter][0]_srl14/CLK
Low Pulse Width   Slow    SRL16E/CLK          n/a            0.980         3.333       2.353      SLICE_X30Y31     main_top_i/top_level_0/U0/vga_gen_0/U0/queue_reg[14][hCounter][10]_srl14/CLK
Low Pulse Width   Fast    SRL16E/CLK          n/a            0.980         3.333       2.353      SLICE_X30Y31     main_top_i/top_level_0/U0/vga_gen_0/U0/queue_reg[14][hCounter][10]_srl14/CLK
Low Pulse Width   Slow    SRL16E/CLK          n/a            0.980         3.333       2.353      SLICE_X30Y31     main_top_i/top_level_0/U0/vga_gen_0/U0/queue_reg[14][hCounter][11]_srl14/CLK
Low Pulse Width   Fast    SRL16E/CLK          n/a            0.980         3.333       2.353      SLICE_X30Y31     main_top_i/top_level_0/U0/vga_gen_0/U0/queue_reg[14][hCounter][11]_srl14/CLK
Low Pulse Width   Slow    SRL16E/CLK          n/a            0.980         3.333       2.353      SLICE_X28Y31     main_top_i/top_level_0/U0/vga_gen_0/U0/queue_reg[14][hCounter][1]_srl14/CLK
Low Pulse Width   Fast    SRL16E/CLK          n/a            0.980         3.333       2.353      SLICE_X28Y31     main_top_i/top_level_0/U0/vga_gen_0/U0/queue_reg[14][hCounter][1]_srl14/CLK
High Pulse Width  Slow    SRL16E/CLK          n/a            0.980         3.333       2.353      SLICE_X34Y32     main_top_i/top_level_0/U0/vga_gen_0/U0/queue_reg[14][blank]_srl15/CLK
High Pulse Width  Fast    SRL16E/CLK          n/a            0.980         3.333       2.353      SLICE_X34Y32     main_top_i/top_level_0/U0/vga_gen_0/U0/queue_reg[14][blank]_srl15/CLK
High Pulse Width  Slow    SRL16E/CLK          n/a            0.980         3.333       2.353      SLICE_X28Y31     main_top_i/top_level_0/U0/vga_gen_0/U0/queue_reg[14][hCounter][0]_srl14/CLK
High Pulse Width  Fast    SRL16E/CLK          n/a            0.980         3.333       2.353      SLICE_X28Y31     main_top_i/top_level_0/U0/vga_gen_0/U0/queue_reg[14][hCounter][0]_srl14/CLK
High Pulse Width  Slow    SRL16E/CLK          n/a            0.980         3.333       2.353      SLICE_X30Y31     main_top_i/top_level_0/U0/vga_gen_0/U0/queue_reg[14][hCounter][10]_srl14/CLK
High Pulse Width  Fast    SRL16E/CLK          n/a            0.980         3.333       2.353      SLICE_X30Y31     main_top_i/top_level_0/U0/vga_gen_0/U0/queue_reg[14][hCounter][10]_srl14/CLK
High Pulse Width  Slow    SRL16E/CLK          n/a            0.980         3.333       2.353      SLICE_X30Y31     main_top_i/top_level_0/U0/vga_gen_0/U0/queue_reg[14][hCounter][11]_srl14/CLK
High Pulse Width  Fast    SRL16E/CLK          n/a            0.980         3.333       2.353      SLICE_X30Y31     main_top_i/top_level_0/U0/vga_gen_0/U0/queue_reg[14][hCounter][11]_srl14/CLK
High Pulse Width  Slow    SRL16E/CLK          n/a            0.980         3.333       2.353      SLICE_X28Y31     main_top_i/top_level_0/U0/vga_gen_0/U0/queue_reg[14][hCounter][1]_srl14/CLK
High Pulse Width  Fast    SRL16E/CLK          n/a            0.980         3.333       2.353      SLICE_X28Y31     main_top_i/top_level_0/U0/vga_gen_0/U0/queue_reg[14][hCounter][1]_srl14/CLK



---------------------------------------------------------------------------------------------------
From Clock:  clock_x5pixel_unbuffered
  To Clock:  clock_x5pixel_unbuffered

Setup :           NA  Failing Endpoints,  Worst Slack           NA  ,  Total Violation           NA
Hold  :           NA  Failing Endpoints,  Worst Slack           NA  ,  Total Violation           NA
PW    :            7  Failing Endpoints,  Worst Slack       -0.822ns,  Total Violation       -2.824ns
---------------------------------------------------------------------------------------------------


Pulse Width Checks
--------------------------------------------------------------------------------------
Clock Name:         clock_x5pixel_unbuffered
Waveform(ns):       { 0.000 0.667 }
Period(ns):         1.333
Sources:            { main_top_i/top_level_0/U0/clocking_0/U0/PLL_BASE_inst/CLKOUT1 }

Check Type  Corner  Lib Pin             Reference Pin  Required(ns)  Actual(ns)  Slack(ns)  Location         Pin
Min Period  n/a     BUFG/I              n/a            2.155         1.333       -0.822     BUFGCTRL_X0Y1    main_top_i/top_level_0/U0/clocking_0/U0/BUFG_pclockx5/I
Min Period  n/a     OSERDESE2/CLK       n/a            1.667         1.333       -0.334     OLOGIC_X1Y34     main_top_i/top_level_0/U0/serialiser_BLUE/U0/OSERDESE2_master/CLK
Min Period  n/a     OSERDESE2/CLK       n/a            1.667         1.333       -0.334     OLOGIC_X1Y33     main_top_i/top_level_0/U0/serialiser_BLUE/U0/OSERDESE2_slave/CLK
Min Period  n/a     OSERDESE2/CLK       n/a            1.667         1.333       -0.334     OLOGIC_X1Y32     main_top_i/top_level_0/U0/serialiser_GREEN/U0/OSERDESE2_master/CLK
Min Period  n/a     OSERDESE2/CLK       n/a            1.667         1.333       -0.334     OLOGIC_X1Y31     main_top_i/top_level_0/U0/serialiser_GREEN/U0/OSERDESE2_slave/CLK
Min Period  n/a     OSERDESE2/CLK       n/a            1.667         1.333       -0.334     OLOGIC_X1Y44     main_top_i/top_level_0/U0/serialiser_RED/U0/OSERDESE2_master/CLK
Min Period  n/a     OSERDESE2/CLK       n/a            1.667         1.333       -0.334     OLOGIC_X1Y43     main_top_i/top_level_0/U0/serialiser_RED/U0/OSERDESE2_slave/CLK
Min Period  n/a     MMCME2_ADV/CLKOUT1  n/a            1.249         1.333       0.084      MMCME2_ADV_X1Y0  main_top_i/top_level_0/U0/clocking_0/U0/PLL_BASE_inst/CLKOUT1
Max Period  n/a     MMCME2_ADV/CLKOUT1  n/a            213.360       1.333       212.027    MMCME2_ADV_X1Y0  main_top_i/top_level_0/U0/clocking_0/U0/PLL_BASE_inst/CLKOUT1



---------------------------------------------------------------------------------------------------
From Clock:  CLK12_I
  To Clock:  com_side_wrapper_0_qlink_clk_o

Setup :            0  Failing Endpoints,  Worst Slack       14.457ns,  Total Violation        0.000ns
Hold  :            0  Failing Endpoints,  Worst Slack        0.613ns,  Total Violation        0.000ns
---------------------------------------------------------------------------------------------------


Max Delay Paths
--------------------------------------------------------------------------------------
Slack (MET) :             14.457ns  (required time - arrival time)
  Source:                 main_top_i/com_side_wrapper_0/U0/com_side_i/simple_button_fsm_1/U0/FSM_onehot_state_reg[2]/C
                            (rising edge-triggered cell FDRE clocked by CLK12_I  {rise@0.000ns fall@41.166ns period=83.333ns})
  Destination:            main_top_i/com_side_wrapper_0/U0/com_side_i/block_test_0/blk_mem_gen_0/U0/inst_blk_mem_gen/gnbram.gnative_mem_map_bmg.native_mem_map_blk_mem_gen/valid.cstr/ramloop[0].ram.r/prim_noinit.ram/DEVICE_7SERIES.WITH_BMM_INFO.TRUE_DP.SIMPLE_PRIM36.TDP_SP36_NO_ECC_ATTR.ram/DIBDI[3]
                            (rising edge-triggered cell RAMB36E1 clocked by com_side_wrapper_0_qlink_clk_o  {rise@0.000ns fall@10.417ns period=20.833ns})
  Path Group:             com_side_wrapper_0_qlink_clk_o
  Path Type:              Setup (Max at Slow Process Corner)
  Requirement:            20.833ns  (com_side_wrapper_0_qlink_clk_o rise@20.833ns - CLK12_I rise@0.000ns)
  Data Path Delay:        6.848ns  (logic 0.419ns (6.119%)  route 6.429ns (93.881%))
  Logic Levels:           0  
  Clock Path Skew:        2.296ns (DCD - SCD + CPR)
    Destination Clock Delay (DCD):    5.793ns = ( 26.626 - 20.833 ) 
    Source Clock Delay      (SCD):    3.566ns
    Clock Pessimism Removal (CPR):    0.070ns
  Clock Uncertainty:      0.913ns  ((TSJ^2 + DJ^2)^1/2) / 2 + PE
    Total System Jitter     (TSJ):    0.071ns
    Discrete Jitter          (DJ):    0.481ns
    Phase Error              (PE):    0.670ns

    Location             Delay type                Incr(ns)  Path(ns)    Netlist Resource(s)
  -------------------------------------------------------------------    -------------------
                         (clock CLK12_I rise edge)    0.000     0.000 r  
    H11                                               0.000     0.000 r  CLK12_I (IN)
                         net (fo=0)                   0.000     0.000    CLK12_I
    H11                  IBUF (Prop_ibuf_I_O)         1.438     1.438 r  CLK12_I_IBUF_inst/O
                         net (fo=13, routed)          2.128     3.566    main_top_i/com_side_wrapper_0/U0/com_side_i/simple_button_fsm_1/U0/clk
    SLICE_X29Y11         FDRE                                         r  main_top_i/com_side_wrapper_0/U0/com_side_i/simple_button_fsm_1/U0/FSM_onehot_state_reg[2]/C
  -------------------------------------------------------------------    -------------------
    SLICE_X29Y11         FDRE (Prop_fdre_C_Q)         0.419     3.985 r  main_top_i/com_side_wrapper_0/U0/com_side_i/simple_button_fsm_1/U0/FSM_onehot_state_reg[2]/Q
                         net (fo=4, routed)           6.429    10.414    main_top_i/com_side_wrapper_0/U0/com_side_i/block_test_0/blk_mem_gen_0/U0/inst_blk_mem_gen/gnbram.gnative_mem_map_bmg.native_mem_map_blk_mem_gen/valid.cstr/ramloop[0].ram.r/prim_noinit.ram/dinb[3]
    RAMB36_X0Y2          RAMB36E1                                     r  main_top_i/com_side_wrapper_0/U0/com_side_i/block_test_0/blk_mem_gen_0/U0/inst_blk_mem_gen/gnbram.gnative_mem_map_bmg.native_mem_map_blk_mem_gen/valid.cstr/ramloop[0].ram.r/prim_noinit.ram/DEVICE_7SERIES.WITH_BMM_INFO.TRUE_DP.SIMPLE_PRIM36.TDP_SP36_NO_ECC_ATTR.ram/DIBDI[3]
  -------------------------------------------------------------------    -------------------

                         (clock com_side_wrapper_0_qlink_clk_o rise edge)
                                                     20.833    20.833 r  
    H11                                               0.000    20.833 r  CLK12_I (IN)
                         net (fo=0)                   0.000    20.833    CLK12_I
    H11                  IBUF (Prop_ibuf_I_O)         1.368    22.201 r  CLK12_I_IBUF_inst/O
                         net (fo=13, routed)          1.162    23.363    main_top_i/com_side_wrapper_0/U0/com_side_i/block_test_0/Sindri_QLink_top_0/U0/QLINK1/MMCM48_INST/CLK12_I
    MMCME2_ADV_X0Y0      MMCME2_ADV (Prop_mmcme2_adv_CLKIN1_CLKOUT0)
                                                      0.083    23.446 r  main_top_i/com_side_wrapper_0/U0/com_side_i/block_test_0/Sindri_QLink_top_0/U0/QLINK1/MMCM48_INST/MMCME2_BASE_inst/CLKOUT0
                         net (fo=1, routed)           1.543    24.989    main_top_i/com_side_wrapper_0/U0/com_side_i/block_test_0/Sindri_QLink_top_0/U0/QLINK1/MMCM48_INST/CLK
    BUFGCTRL_X0Y2        BUFG (Prop_bufg_I_O)         0.091    25.080 r  main_top_i/com_side_wrapper_0/U0/com_side_i/block_test_0/Sindri_QLink_top_0/U0/QLINK1/MMCM48_INST/CLK_BUFG_inst/O
                         net (fo=268, routed)         1.546    26.626    main_top_i/com_side_wrapper_0/U0/com_side_i/block_test_0/blk_mem_gen_0/U0/inst_blk_mem_gen/gnbram.gnative_mem_map_bmg.native_mem_map_blk_mem_gen/valid.cstr/ramloop[0].ram.r/prim_noinit.ram/clkb
    RAMB36_X0Y2          RAMB36E1                                     r  main_top_i/com_side_wrapper_0/U0/com_side_i/block_test_0/blk_mem_gen_0/U0/inst_blk_mem_gen/gnbram.gnative_mem_map_bmg.native_mem_map_blk_mem_gen/valid.cstr/ramloop[0].ram.r/prim_noinit.ram/DEVICE_7SERIES.WITH_BMM_INFO.TRUE_DP.SIMPLE_PRIM36.TDP_SP36_NO_ECC_ATTR.ram/CLKBWRCLK
                         clock pessimism              0.070    26.696    
                         clock uncertainty           -0.913    25.783    
    RAMB36_X0Y2          RAMB36E1 (Setup_ramb36e1_CLKBWRCLK_DIBDI[3])
                                                     -0.912    24.871    main_top_i/com_side_wrapper_0/U0/com_side_i/block_test_0/blk_mem_gen_0/U0/inst_blk_mem_gen/gnbram.gnative_mem_map_bmg.native_mem_map_blk_mem_gen/valid.cstr/ramloop[0].ram.r/prim_noinit.ram/DEVICE_7SERIES.WITH_BMM_INFO.TRUE_DP.SIMPLE_PRIM36.TDP_SP36_NO_ECC_ATTR.ram
  -------------------------------------------------------------------
                         required time                         24.871    
                         arrival time                         -10.414    
  -------------------------------------------------------------------
                         slack                                 14.457    

Slack (MET) :             14.566ns  (required time - arrival time)
  Source:                 main_top_i/com_side_wrapper_0/U0/com_side_i/simple_button_fsm_2/U0/FSM_onehot_state_reg[2]/C
                            (rising edge-triggered cell FDRE clocked by CLK12_I  {rise@0.000ns fall@41.166ns period=83.333ns})
  Destination:            main_top_i/com_side_wrapper_0/U0/com_side_i/block_test_0/blk_mem_gen_0/U0/inst_blk_mem_gen/gnbram.gnative_mem_map_bmg.native_mem_map_blk_mem_gen/valid.cstr/ramloop[0].ram.r/prim_noinit.ram/DEVICE_7SERIES.WITH_BMM_INFO.TRUE_DP.SIMPLE_PRIM36.TDP_SP36_NO_ECC_ATTR.ram/DIBDI[7]
                            (rising edge-triggered cell RAMB36E1 clocked by com_side_wrapper_0_qlink_clk_o  {rise@0.000ns fall@10.417ns period=20.833ns})
  Path Group:             com_side_wrapper_0_qlink_clk_o
  Path Type:              Setup (Max at Slow Process Corner)
  Requirement:            20.833ns  (com_side_wrapper_0_qlink_clk_o rise@20.833ns - CLK12_I rise@0.000ns)
  Data Path Delay:        6.892ns  (logic 0.419ns (6.079%)  route 6.473ns (93.921%))
  Logic Levels:           0  
  Clock Path Skew:        2.447ns (DCD - SCD + CPR)
    Destination Clock Delay (DCD):    5.793ns = ( 26.626 - 20.833 ) 
    Source Clock Delay      (SCD):    3.416ns
    Clock Pessimism Removal (CPR):    0.070ns
  Clock Uncertainty:      0.913ns  ((TSJ^2 + DJ^2)^1/2) / 2 + PE
    Total System Jitter     (TSJ):    0.071ns
    Discrete Jitter          (DJ):    0.481ns
    Phase Error              (PE):    0.670ns

    Location             Delay type                Incr(ns)  Path(ns)    Netlist Resource(s)
  -------------------------------------------------------------------    -------------------
                         (clock CLK12_I rise edge)    0.000     0.000 r  
    H11                                               0.000     0.000 r  CLK12_I (IN)
                         net (fo=0)                   0.000     0.000    CLK12_I
    H11                  IBUF (Prop_ibuf_I_O)         1.438     1.438 r  CLK12_I_IBUF_inst/O
                         net (fo=13, routed)          1.978     3.416    main_top_i/com_side_wrapper_0/U0/com_side_i/simple_button_fsm_2/U0/clk
    SLICE_X27Y13         FDRE                                         r  main_top_i/com_side_wrapper_0/U0/com_side_i/simple_button_fsm_2/U0/FSM_onehot_state_reg[2]/C
  -------------------------------------------------------------------    -------------------
    SLICE_X27Y13         FDRE (Prop_fdre_C_Q)         0.419     3.835 r  main_top_i/com_side_wrapper_0/U0/com_side_i/simple_button_fsm_2/U0/FSM_onehot_state_reg[2]/Q
                         net (fo=4, routed)           6.473    10.308    main_top_i/com_side_wrapper_0/U0/com_side_i/block_test_0/blk_mem_gen_0/U0/inst_blk_mem_gen/gnbram.gnative_mem_map_bmg.native_mem_map_blk_mem_gen/valid.cstr/ramloop[0].ram.r/prim_noinit.ram/dinb[7]
    RAMB36_X0Y2          RAMB36E1                                     r  main_top_i/com_side_wrapper_0/U0/com_side_i/block_test_0/blk_mem_gen_0/U0/inst_blk_mem_gen/gnbram.gnative_mem_map_bmg.native_mem_map_blk_mem_gen/valid.cstr/ramloop[0].ram.r/prim_noinit.ram/DEVICE_7SERIES.WITH_BMM_INFO.TRUE_DP.SIMPLE_PRIM36.TDP_SP36_NO_ECC_ATTR.ram/DIBDI[7]
  -------------------------------------------------------------------    -------------------

                         (clock com_side_wrapper_0_qlink_clk_o rise edge)
                                                     20.833    20.833 r  
    H11                                               0.000    20.833 r  CLK12_I (IN)
                         net (fo=0)                   0.000    20.833    CLK12_I
    H11                  IBUF (Prop_ibuf_I_O)         1.368    22.201 r  CLK12_I_IBUF_inst/O
                         net (fo=13, routed)          1.162    23.363    main_top_i/com_side_wrapper_0/U0/com_side_i/block_test_0/Sindri_QLink_top_0/U0/QLINK1/MMCM48_INST/CLK12_I
    MMCME2_ADV_X0Y0      MMCME2_ADV (Prop_mmcme2_adv_CLKIN1_CLKOUT0)
                                                      0.083    23.446 r  main_top_i/com_side_wrapper_0/U0/com_side_i/block_test_0/Sindri_QLink_top_0/U0/QLINK1/MMCM48_INST/MMCME2_BASE_inst/CLKOUT0
                         net (fo=1, routed)           1.543    24.989    main_top_i/com_side_wrapper_0/U0/com_side_i/block_test_0/Sindri_QLink_top_0/U0/QLINK1/MMCM48_INST/CLK
    BUFGCTRL_X0Y2        BUFG (Prop_bufg_I_O)         0.091    25.080 r  main_top_i/com_side_wrapper_0/U0/com_side_i/block_test_0/Sindri_QLink_top_0/U0/QLINK1/MMCM48_INST/CLK_BUFG_inst/O
                         net (fo=268, routed)         1.546    26.626    main_top_i/com_side_wrapper_0/U0/com_side_i/block_test_0/blk_mem_gen_0/U0/inst_blk_mem_gen/gnbram.gnative_mem_map_bmg.native_mem_map_blk_mem_gen/valid.cstr/ramloop[0].ram.r/prim_noinit.ram/clkb
    RAMB36_X0Y2          RAMB36E1                                     r  main_top_i/com_side_wrapper_0/U0/com_side_i/block_test_0/blk_mem_gen_0/U0/inst_blk_mem_gen/gnbram.gnative_mem_map_bmg.native_mem_map_blk_mem_gen/valid.cstr/ramloop[0].ram.r/prim_noinit.ram/DEVICE_7SERIES.WITH_BMM_INFO.TRUE_DP.SIMPLE_PRIM36.TDP_SP36_NO_ECC_ATTR.ram/CLKBWRCLK
                         clock pessimism              0.070    26.696    
                         clock uncertainty           -0.913    25.783    
    RAMB36_X0Y2          RAMB36E1 (Setup_ramb36e1_CLKBWRCLK_DIBDI[7])
                                                     -0.909    24.874    main_top_i/com_side_wrapper_0/U0/com_side_i/block_test_0/blk_mem_gen_0/U0/inst_blk_mem_gen/gnbram.gnative_mem_map_bmg.native_mem_map_blk_mem_gen/valid.cstr/ramloop[0].ram.r/prim_noinit.ram/DEVICE_7SERIES.WITH_BMM_INFO.TRUE_DP.SIMPLE_PRIM36.TDP_SP36_NO_ECC_ATTR.ram
  -------------------------------------------------------------------
                         required time                         24.874    
                         arrival time                         -10.308    
  -------------------------------------------------------------------
                         slack                                 14.566    

Slack (MET) :             14.574ns  (required time - arrival time)
  Source:                 main_top_i/com_side_wrapper_0/U0/com_side_i/simple_button_fsm_3/U0/FSM_onehot_state_reg[1]/C
                            (rising edge-triggered cell FDRE clocked by CLK12_I  {rise@0.000ns fall@41.166ns period=83.333ns})
  Destination:            main_top_i/com_side_wrapper_0/U0/com_side_i/block_test_0/blk_mem_gen_0/U0/inst_blk_mem_gen/gnbram.gnative_mem_map_bmg.native_mem_map_blk_mem_gen/valid.cstr/ramloop[0].ram.r/prim_noinit.ram/DEVICE_7SERIES.WITH_BMM_INFO.TRUE_DP.SIMPLE_PRIM36.TDP_SP36_NO_ECC_ATTR.ram/DIBDI[4]
                            (rising edge-triggered cell RAMB36E1 clocked by com_side_wrapper_0_qlink_clk_o  {rise@0.000ns fall@10.417ns period=20.833ns})
  Path Group:             com_side_wrapper_0_qlink_clk_o
  Path Type:              Setup (Max at Slow Process Corner)
  Requirement:            20.833ns  (com_side_wrapper_0_qlink_clk_o rise@20.833ns - CLK12_I rise@0.000ns)
  Data Path Delay:        7.056ns  (logic 0.456ns (6.462%)  route 6.600ns (93.538%))
  Logic Levels:           0  
  Clock Path Skew:        2.447ns (DCD - SCD + CPR)
    Destination Clock Delay (DCD):    5.793ns = ( 26.626 - 20.833 ) 
    Source Clock Delay      (SCD):    3.416ns
    Clock Pessimism Removal (CPR):    0.070ns
  Clock Uncertainty:      0.913ns  ((TSJ^2 + DJ^2)^1/2) / 2 + PE
    Total System Jitter     (TSJ):    0.071ns
    Discrete Jitter          (DJ):    0.481ns
    Phase Error              (PE):    0.670ns

    Location             Delay type                Incr(ns)  Path(ns)    Netlist Resource(s)
  -------------------------------------------------------------------    -------------------
                         (clock CLK12_I rise edge)    0.000     0.000 r  
    H11                                               0.000     0.000 r  CLK12_I (IN)
                         net (fo=0)                   0.000     0.000    CLK12_I
    H11                  IBUF (Prop_ibuf_I_O)         1.438     1.438 r  CLK12_I_IBUF_inst/O
                         net (fo=13, routed)          1.978     3.416    main_top_i/com_side_wrapper_0/U0/com_side_i/simple_button_fsm_3/U0/clk
    SLICE_X27Y13         FDRE                                         r  main_top_i/com_side_wrapper_0/U0/com_side_i/simple_button_fsm_3/U0/FSM_onehot_state_reg[1]/C
  -------------------------------------------------------------------    -------------------
    SLICE_X27Y13         FDRE (Prop_fdre_C_Q)         0.456     3.872 r  main_top_i/com_side_wrapper_0/U0/com_side_i/simple_button_fsm_3/U0/FSM_onehot_state_reg[1]/Q
                         net (fo=4, routed)           6.600    10.472    main_top_i/com_side_wrapper_0/U0/com_side_i/block_test_0/blk_mem_gen_0/U0/inst_blk_mem_gen/gnbram.gnative_mem_map_bmg.native_mem_map_blk_mem_gen/valid.cstr/ramloop[0].ram.r/prim_noinit.ram/dinb[4]
    RAMB36_X0Y2          RAMB36E1                                     r  main_top_i/com_side_wrapper_0/U0/com_side_i/block_test_0/blk_mem_gen_0/U0/inst_blk_mem_gen/gnbram.gnative_mem_map_bmg.native_mem_map_blk_mem_gen/valid.cstr/ramloop[0].ram.r/prim_noinit.ram/DEVICE_7SERIES.WITH_BMM_INFO.TRUE_DP.SIMPLE_PRIM36.TDP_SP36_NO_ECC_ATTR.ram/DIBDI[4]
  -------------------------------------------------------------------    -------------------

                         (clock com_side_wrapper_0_qlink_clk_o rise edge)
                                                     20.833    20.833 r  
    H11                                               0.000    20.833 r  CLK12_I (IN)
                         net (fo=0)                   0.000    20.833    CLK12_I
    H11                  IBUF (Prop_ibuf_I_O)         1.368    22.201 r  CLK12_I_IBUF_inst/O
                         net (fo=13, routed)          1.162    23.363    main_top_i/com_side_wrapper_0/U0/com_side_i/block_test_0/Sindri_QLink_top_0/U0/QLINK1/MMCM48_INST/CLK12_I
    MMCME2_ADV_X0Y0      MMCME2_ADV (Prop_mmcme2_adv_CLKIN1_CLKOUT0)
                                                      0.083    23.446 r  main_top_i/com_side_wrapper_0/U0/com_side_i/block_test_0/Sindri_QLink_top_0/U0/QLINK1/MMCM48_INST/MMCME2_BASE_inst/CLKOUT0
                         net (fo=1, routed)           1.543    24.989    main_top_i/com_side_wrapper_0/U0/com_side_i/block_test_0/Sindri_QLink_top_0/U0/QLINK1/MMCM48_INST/CLK
    BUFGCTRL_X0Y2        BUFG (Prop_bufg_I_O)         0.091    25.080 r  main_top_i/com_side_wrapper_0/U0/com_side_i/block_test_0/Sindri_QLink_top_0/U0/QLINK1/MMCM48_INST/CLK_BUFG_inst/O
                         net (fo=268, routed)         1.546    26.626    main_top_i/com_side_wrapper_0/U0/com_side_i/block_test_0/blk_mem_gen_0/U0/inst_blk_mem_gen/gnbram.gnative_mem_map_bmg.native_mem_map_blk_mem_gen/valid.cstr/ramloop[0].ram.r/prim_noinit.ram/clkb
    RAMB36_X0Y2          RAMB36E1                                     r  main_top_i/com_side_wrapper_0/U0/com_side_i/block_test_0/blk_mem_gen_0/U0/inst_blk_mem_gen/gnbram.gnative_mem_map_bmg.native_mem_map_blk_mem_gen/valid.cstr/ramloop[0].ram.r/prim_noinit.ram/DEVICE_7SERIES.WITH_BMM_INFO.TRUE_DP.SIMPLE_PRIM36.TDP_SP36_NO_ECC_ATTR.ram/CLKBWRCLK
                         clock pessimism              0.070    26.696    
                         clock uncertainty           -0.913    25.783    
    RAMB36_X0Y2          RAMB36E1 (Setup_ramb36e1_CLKBWRCLK_DIBDI[4])
                                                     -0.737    25.046    main_top_i/com_side_wrapper_0/U0/com_side_i/block_test_0/blk_mem_gen_0/U0/inst_blk_mem_gen/gnbram.gnative_mem_map_bmg.native_mem_map_blk_mem_gen/valid.cstr/ramloop[0].ram.r/prim_noinit.ram/DEVICE_7SERIES.WITH_BMM_INFO.TRUE_DP.SIMPLE_PRIM36.TDP_SP36_NO_ECC_ATTR.ram
  -------------------------------------------------------------------
                         required time                         25.046    
                         arrival time                         -10.472    
  -------------------------------------------------------------------
                         slack                                 14.574    

Slack (MET) :             14.636ns  (required time - arrival time)
  Source:                 main_top_i/com_side_wrapper_0/U0/com_side_i/simple_button_fsm_0/U0/FSM_onehot_state_reg[1]/C
                            (rising edge-triggered cell FDRE clocked by CLK12_I  {rise@0.000ns fall@41.166ns period=83.333ns})
  Destination:            main_top_i/com_side_wrapper_0/U0/com_side_i/block_test_0/blk_mem_gen_0/U0/inst_blk_mem_gen/gnbram.gnative_mem_map_bmg.native_mem_map_blk_mem_gen/valid.cstr/ramloop[0].ram.r/prim_noinit.ram/DEVICE_7SERIES.WITH_BMM_INFO.TRUE_DP.SIMPLE_PRIM36.TDP_SP36_NO_ECC_ATTR.ram/DIBDI[0]
                            (rising edge-triggered cell RAMB36E1 clocked by com_side_wrapper_0_qlink_clk_o  {rise@0.000ns fall@10.417ns period=20.833ns})
  Path Group:             com_side_wrapper_0_qlink_clk_o
  Path Type:              Setup (Max at Slow Process Corner)
  Requirement:            20.833ns  (com_side_wrapper_0_qlink_clk_o rise@20.833ns - CLK12_I rise@0.000ns)
  Data Path Delay:        6.844ns  (logic 0.456ns (6.663%)  route 6.388ns (93.337%))
  Logic Levels:           0  
  Clock Path Skew:        2.296ns (DCD - SCD + CPR)
    Destination Clock Delay (DCD):    5.793ns = ( 26.626 - 20.833 ) 
    Source Clock Delay      (SCD):    3.566ns
    Clock Pessimism Removal (CPR):    0.070ns
  Clock Uncertainty:      0.913ns  ((TSJ^2 + DJ^2)^1/2) / 2 + PE
    Total System Jitter     (TSJ):    0.071ns
    Discrete Jitter          (DJ):    0.481ns
    Phase Error              (PE):    0.670ns

    Location             Delay type                Incr(ns)  Path(ns)    Netlist Resource(s)
  -------------------------------------------------------------------    -------------------
                         (clock CLK12_I rise edge)    0.000     0.000 r  
    H11                                               0.000     0.000 r  CLK12_I (IN)
                         net (fo=0)                   0.000     0.000    CLK12_I
    H11                  IBUF (Prop_ibuf_I_O)         1.438     1.438 r  CLK12_I_IBUF_inst/O
                         net (fo=13, routed)          2.128     3.566    main_top_i/com_side_wrapper_0/U0/com_side_i/simple_button_fsm_0/U0/clk
    SLICE_X29Y11         FDRE                                         r  main_top_i/com_side_wrapper_0/U0/com_side_i/simple_button_fsm_0/U0/FSM_onehot_state_reg[1]/C
  -------------------------------------------------------------------    -------------------
    SLICE_X29Y11         FDRE (Prop_fdre_C_Q)         0.456     4.022 r  main_top_i/com_side_wrapper_0/U0/com_side_i/simple_button_fsm_0/U0/FSM_onehot_state_reg[1]/Q
                         net (fo=4, routed)           6.388    10.410    main_top_i/com_side_wrapper_0/U0/com_side_i/block_test_0/blk_mem_gen_0/U0/inst_blk_mem_gen/gnbram.gnative_mem_map_bmg.native_mem_map_blk_mem_gen/valid.cstr/ramloop[0].ram.r/prim_noinit.ram/dinb[0]
    RAMB36_X0Y2          RAMB36E1                                     r  main_top_i/com_side_wrapper_0/U0/com_side_i/block_test_0/blk_mem_gen_0/U0/inst_blk_mem_gen/gnbram.gnative_mem_map_bmg.native_mem_map_blk_mem_gen/valid.cstr/ramloop[0].ram.r/prim_noinit.ram/DEVICE_7SERIES.WITH_BMM_INFO.TRUE_DP.SIMPLE_PRIM36.TDP_SP36_NO_ECC_ATTR.ram/DIBDI[0]
  -------------------------------------------------------------------    -------------------

                         (clock com_side_wrapper_0_qlink_clk_o rise edge)
                                                     20.833    20.833 r  
    H11                                               0.000    20.833 r  CLK12_I (IN)
                         net (fo=0)                   0.000    20.833    CLK12_I
    H11                  IBUF (Prop_ibuf_I_O)         1.368    22.201 r  CLK12_I_IBUF_inst/O
                         net (fo=13, routed)          1.162    23.363    main_top_i/com_side_wrapper_0/U0/com_side_i/block_test_0/Sindri_QLink_top_0/U0/QLINK1/MMCM48_INST/CLK12_I
    MMCME2_ADV_X0Y0      MMCME2_ADV (Prop_mmcme2_adv_CLKIN1_CLKOUT0)
                                                      0.083    23.446 r  main_top_i/com_side_wrapper_0/U0/com_side_i/block_test_0/Sindri_QLink_top_0/U0/QLINK1/MMCM48_INST/MMCME2_BASE_inst/CLKOUT0
                         net (fo=1, routed)           1.543    24.989    main_top_i/com_side_wrapper_0/U0/com_side_i/block_test_0/Sindri_QLink_top_0/U0/QLINK1/MMCM48_INST/CLK
    BUFGCTRL_X0Y2        BUFG (Prop_bufg_I_O)         0.091    25.080 r  main_top_i/com_side_wrapper_0/U0/com_side_i/block_test_0/Sindri_QLink_top_0/U0/QLINK1/MMCM48_INST/CLK_BUFG_inst/O
                         net (fo=268, routed)         1.546    26.626    main_top_i/com_side_wrapper_0/U0/com_side_i/block_test_0/blk_mem_gen_0/U0/inst_blk_mem_gen/gnbram.gnative_mem_map_bmg.native_mem_map_blk_mem_gen/valid.cstr/ramloop[0].ram.r/prim_noinit.ram/clkb
    RAMB36_X0Y2          RAMB36E1                                     r  main_top_i/com_side_wrapper_0/U0/com_side_i/block_test_0/blk_mem_gen_0/U0/inst_blk_mem_gen/gnbram.gnative_mem_map_bmg.native_mem_map_blk_mem_gen/valid.cstr/ramloop[0].ram.r/prim_noinit.ram/DEVICE_7SERIES.WITH_BMM_INFO.TRUE_DP.SIMPLE_PRIM36.TDP_SP36_NO_ECC_ATTR.ram/CLKBWRCLK
                         clock pessimism              0.070    26.696    
                         clock uncertainty           -0.913    25.783    
    RAMB36_X0Y2          RAMB36E1 (Setup_ramb36e1_CLKBWRCLK_DIBDI[0])
                                                     -0.737    25.046    main_top_i/com_side_wrapper_0/U0/com_side_i/block_test_0/blk_mem_gen_0/U0/inst_blk_mem_gen/gnbram.gnative_mem_map_bmg.native_mem_map_blk_mem_gen/valid.cstr/ramloop[0].ram.r/prim_noinit.ram/DEVICE_7SERIES.WITH_BMM_INFO.TRUE_DP.SIMPLE_PRIM36.TDP_SP36_NO_ECC_ATTR.ram
  -------------------------------------------------------------------
                         required time                         25.046    
                         arrival time                         -10.410    
  -------------------------------------------------------------------
                         slack                                 14.636    

Slack (MET) :             14.642ns  (required time - arrival time)
  Source:                 main_top_i/com_side_wrapper_0/U0/com_side_i/simple_button_fsm_2/U0/FSM_onehot_state_reg[1]/C
                            (rising edge-triggered cell FDRE clocked by CLK12_I  {rise@0.000ns fall@41.166ns period=83.333ns})
  Destination:            main_top_i/com_side_wrapper_0/U0/com_side_i/block_test_0/blk_mem_gen_0/U0/inst_blk_mem_gen/gnbram.gnative_mem_map_bmg.native_mem_map_blk_mem_gen/valid.cstr/ramloop[0].ram.r/prim_noinit.ram/DEVICE_7SERIES.WITH_BMM_INFO.TRUE_DP.SIMPLE_PRIM36.TDP_SP36_NO_ECC_ATTR.ram/DIBDI[6]
                            (rising edge-triggered cell RAMB36E1 clocked by com_side_wrapper_0_qlink_clk_o  {rise@0.000ns fall@10.417ns period=20.833ns})
  Path Group:             com_side_wrapper_0_qlink_clk_o
  Path Type:              Setup (Max at Slow Process Corner)
  Requirement:            20.833ns  (com_side_wrapper_0_qlink_clk_o rise@20.833ns - CLK12_I rise@0.000ns)
  Data Path Delay:        6.989ns  (logic 0.456ns (6.525%)  route 6.533ns (93.475%))
  Logic Levels:           0  
  Clock Path Skew:        2.447ns (DCD - SCD + CPR)
    Destination Clock Delay (DCD):    5.793ns = ( 26.626 - 20.833 ) 
    Source Clock Delay      (SCD):    3.416ns
    Clock Pessimism Removal (CPR):    0.070ns
  Clock Uncertainty:      0.913ns  ((TSJ^2 + DJ^2)^1/2) / 2 + PE
    Total System Jitter     (TSJ):    0.071ns
    Discrete Jitter          (DJ):    0.481ns
    Phase Error              (PE):    0.670ns

    Location             Delay type                Incr(ns)  Path(ns)    Netlist Resource(s)
  -------------------------------------------------------------------    -------------------
                         (clock CLK12_I rise edge)    0.000     0.000 r  
    H11                                               0.000     0.000 r  CLK12_I (IN)
                         net (fo=0)                   0.000     0.000    CLK12_I
    H11                  IBUF (Prop_ibuf_I_O)         1.438     1.438 r  CLK12_I_IBUF_inst/O
                         net (fo=13, routed)          1.978     3.416    main_top_i/com_side_wrapper_0/U0/com_side_i/simple_button_fsm_2/U0/clk
    SLICE_X27Y13         FDRE                                         r  main_top_i/com_side_wrapper_0/U0/com_side_i/simple_button_fsm_2/U0/FSM_onehot_state_reg[1]/C
  -------------------------------------------------------------------    -------------------
    SLICE_X27Y13         FDRE (Prop_fdre_C_Q)         0.456     3.872 r  main_top_i/com_side_wrapper_0/U0/com_side_i/simple_button_fsm_2/U0/FSM_onehot_state_reg[1]/Q
                         net (fo=4, routed)           6.533    10.404    main_top_i/com_side_wrapper_0/U0/com_side_i/block_test_0/blk_mem_gen_0/U0/inst_blk_mem_gen/gnbram.gnative_mem_map_bmg.native_mem_map_blk_mem_gen/valid.cstr/ramloop[0].ram.r/prim_noinit.ram/dinb[6]
    RAMB36_X0Y2          RAMB36E1                                     r  main_top_i/com_side_wrapper_0/U0/com_side_i/block_test_0/blk_mem_gen_0/U0/inst_blk_mem_gen/gnbram.gnative_mem_map_bmg.native_mem_map_blk_mem_gen/valid.cstr/ramloop[0].ram.r/prim_noinit.ram/DEVICE_7SERIES.WITH_BMM_INFO.TRUE_DP.SIMPLE_PRIM36.TDP_SP36_NO_ECC_ATTR.ram/DIBDI[6]
  -------------------------------------------------------------------    -------------------

                         (clock com_side_wrapper_0_qlink_clk_o rise edge)
                                                     20.833    20.833 r  
    H11                                               0.000    20.833 r  CLK12_I (IN)
                         net (fo=0)                   0.000    20.833    CLK12_I
    H11                  IBUF (Prop_ibuf_I_O)         1.368    22.201 r  CLK12_I_IBUF_inst/O
                         net (fo=13, routed)          1.162    23.363    main_top_i/com_side_wrapper_0/U0/com_side_i/block_test_0/Sindri_QLink_top_0/U0/QLINK1/MMCM48_INST/CLK12_I
    MMCME2_ADV_X0Y0      MMCME2_ADV (Prop_mmcme2_adv_CLKIN1_CLKOUT0)
                                                      0.083    23.446 r  main_top_i/com_side_wrapper_0/U0/com_side_i/block_test_0/Sindri_QLink_top_0/U0/QLINK1/MMCM48_INST/MMCME2_BASE_inst/CLKOUT0
                         net (fo=1, routed)           1.543    24.989    main_top_i/com_side_wrapper_0/U0/com_side_i/block_test_0/Sindri_QLink_top_0/U0/QLINK1/MMCM48_INST/CLK
    BUFGCTRL_X0Y2        BUFG (Prop_bufg_I_O)         0.091    25.080 r  main_top_i/com_side_wrapper_0/U0/com_side_i/block_test_0/Sindri_QLink_top_0/U0/QLINK1/MMCM48_INST/CLK_BUFG_inst/O
                         net (fo=268, routed)         1.546    26.626    main_top_i/com_side_wrapper_0/U0/com_side_i/block_test_0/blk_mem_gen_0/U0/inst_blk_mem_gen/gnbram.gnative_mem_map_bmg.native_mem_map_blk_mem_gen/valid.cstr/ramloop[0].ram.r/prim_noinit.ram/clkb
    RAMB36_X0Y2          RAMB36E1                                     r  main_top_i/com_side_wrapper_0/U0/com_side_i/block_test_0/blk_mem_gen_0/U0/inst_blk_mem_gen/gnbram.gnative_mem_map_bmg.native_mem_map_blk_mem_gen/valid.cstr/ramloop[0].ram.r/prim_noinit.ram/DEVICE_7SERIES.WITH_BMM_INFO.TRUE_DP.SIMPLE_PRIM36.TDP_SP36_NO_ECC_ATTR.ram/CLKBWRCLK
                         clock pessimism              0.070    26.696    
                         clock uncertainty           -0.913    25.783    
    RAMB36_X0Y2          RAMB36E1 (Setup_ramb36e1_CLKBWRCLK_DIBDI[6])
                                                     -0.737    25.046    main_top_i/com_side_wrapper_0/U0/com_side_i/block_test_0/blk_mem_gen_0/U0/inst_blk_mem_gen/gnbram.gnative_mem_map_bmg.native_mem_map_blk_mem_gen/valid.cstr/ramloop[0].ram.r/prim_noinit.ram/DEVICE_7SERIES.WITH_BMM_INFO.TRUE_DP.SIMPLE_PRIM36.TDP_SP36_NO_ECC_ATTR.ram
  -------------------------------------------------------------------
                         required time                         25.046    
                         arrival time                         -10.404    
  -------------------------------------------------------------------
                         slack                                 14.642    

Slack (MET) :             14.753ns  (required time - arrival time)
  Source:                 main_top_i/com_side_wrapper_0/U0/com_side_i/simple_button_fsm_1/U0/FSM_onehot_state_reg[1]/C
                            (rising edge-triggered cell FDRE clocked by CLK12_I  {rise@0.000ns fall@41.166ns period=83.333ns})
  Destination:            main_top_i/com_side_wrapper_0/U0/com_side_i/block_test_0/blk_mem_gen_0/U0/inst_blk_mem_gen/gnbram.gnative_mem_map_bmg.native_mem_map_blk_mem_gen/valid.cstr/ramloop[0].ram.r/prim_noinit.ram/DEVICE_7SERIES.WITH_BMM_INFO.TRUE_DP.SIMPLE_PRIM36.TDP_SP36_NO_ECC_ATTR.ram/DIBDI[2]
                            (rising edge-triggered cell RAMB36E1 clocked by com_side_wrapper_0_qlink_clk_o  {rise@0.000ns fall@10.417ns period=20.833ns})
  Path Group:             com_side_wrapper_0_qlink_clk_o
  Path Type:              Setup (Max at Slow Process Corner)
  Requirement:            20.833ns  (com_side_wrapper_0_qlink_clk_o rise@20.833ns - CLK12_I rise@0.000ns)
  Data Path Delay:        6.726ns  (logic 0.456ns (6.779%)  route 6.270ns (93.221%))
  Logic Levels:           0  
  Clock Path Skew:        2.296ns (DCD - SCD + CPR)
    Destination Clock Delay (DCD):    5.793ns = ( 26.626 - 20.833 ) 
    Source Clock Delay      (SCD):    3.566ns
    Clock Pessimism Removal (CPR):    0.070ns
  Clock Uncertainty:      0.913ns  ((TSJ^2 + DJ^2)^1/2) / 2 + PE
    Total System Jitter     (TSJ):    0.071ns
    Discrete Jitter          (DJ):    0.481ns
    Phase Error              (PE):    0.670ns

    Location             Delay type                Incr(ns)  Path(ns)    Netlist Resource(s)
  -------------------------------------------------------------------    -------------------
                         (clock CLK12_I rise edge)    0.000     0.000 r  
    H11                                               0.000     0.000 r  CLK12_I (IN)
                         net (fo=0)                   0.000     0.000    CLK12_I
    H11                  IBUF (Prop_ibuf_I_O)         1.438     1.438 r  CLK12_I_IBUF_inst/O
                         net (fo=13, routed)          2.128     3.566    main_top_i/com_side_wrapper_0/U0/com_side_i/simple_button_fsm_1/U0/clk
    SLICE_X29Y11         FDRE                                         r  main_top_i/com_side_wrapper_0/U0/com_side_i/simple_button_fsm_1/U0/FSM_onehot_state_reg[1]/C
  -------------------------------------------------------------------    -------------------
    SLICE_X29Y11         FDRE (Prop_fdre_C_Q)         0.456     4.022 r  main_top_i/com_side_wrapper_0/U0/com_side_i/simple_button_fsm_1/U0/FSM_onehot_state_reg[1]/Q
                         net (fo=4, routed)           6.270    10.292    main_top_i/com_side_wrapper_0/U0/com_side_i/block_test_0/blk_mem_gen_0/U0/inst_blk_mem_gen/gnbram.gnative_mem_map_bmg.native_mem_map_blk_mem_gen/valid.cstr/ramloop[0].ram.r/prim_noinit.ram/dinb[2]
    RAMB36_X0Y2          RAMB36E1                                     r  main_top_i/com_side_wrapper_0/U0/com_side_i/block_test_0/blk_mem_gen_0/U0/inst_blk_mem_gen/gnbram.gnative_mem_map_bmg.native_mem_map_blk_mem_gen/valid.cstr/ramloop[0].ram.r/prim_noinit.ram/DEVICE_7SERIES.WITH_BMM_INFO.TRUE_DP.SIMPLE_PRIM36.TDP_SP36_NO_ECC_ATTR.ram/DIBDI[2]
  -------------------------------------------------------------------    -------------------

                         (clock com_side_wrapper_0_qlink_clk_o rise edge)
                                                     20.833    20.833 r  
    H11                                               0.000    20.833 r  CLK12_I (IN)
                         net (fo=0)                   0.000    20.833    CLK12_I
    H11                  IBUF (Prop_ibuf_I_O)         1.368    22.201 r  CLK12_I_IBUF_inst/O
                         net (fo=13, routed)          1.162    23.363    main_top_i/com_side_wrapper_0/U0/com_side_i/block_test_0/Sindri_QLink_top_0/U0/QLINK1/MMCM48_INST/CLK12_I
    MMCME2_ADV_X0Y0      MMCME2_ADV (Prop_mmcme2_adv_CLKIN1_CLKOUT0)
                                                      0.083    23.446 r  main_top_i/com_side_wrapper_0/U0/com_side_i/block_test_0/Sindri_QLink_top_0/U0/QLINK1/MMCM48_INST/MMCME2_BASE_inst/CLKOUT0
                         net (fo=1, routed)           1.543    24.989    main_top_i/com_side_wrapper_0/U0/com_side_i/block_test_0/Sindri_QLink_top_0/U0/QLINK1/MMCM48_INST/CLK
    BUFGCTRL_X0Y2        BUFG (Prop_bufg_I_O)         0.091    25.080 r  main_top_i/com_side_wrapper_0/U0/com_side_i/block_test_0/Sindri_QLink_top_0/U0/QLINK1/MMCM48_INST/CLK_BUFG_inst/O
                         net (fo=268, routed)         1.546    26.626    main_top_i/com_side_wrapper_0/U0/com_side_i/block_test_0/blk_mem_gen_0/U0/inst_blk_mem_gen/gnbram.gnative_mem_map_bmg.native_mem_map_blk_mem_gen/valid.cstr/ramloop[0].ram.r/prim_noinit.ram/clkb
    RAMB36_X0Y2          RAMB36E1                                     r  main_top_i/com_side_wrapper_0/U0/com_side_i/block_test_0/blk_mem_gen_0/U0/inst_blk_mem_gen/gnbram.gnative_mem_map_bmg.native_mem_map_blk_mem_gen/valid.cstr/ramloop[0].ram.r/prim_noinit.ram/DEVICE_7SERIES.WITH_BMM_INFO.TRUE_DP.SIMPLE_PRIM36.TDP_SP36_NO_ECC_ATTR.ram/CLKBWRCLK
                         clock pessimism              0.070    26.696    
                         clock uncertainty           -0.913    25.783    
    RAMB36_X0Y2          RAMB36E1 (Setup_ramb36e1_CLKBWRCLK_DIBDI[2])
                                                     -0.737    25.046    main_top_i/com_side_wrapper_0/U0/com_side_i/block_test_0/blk_mem_gen_0/U0/inst_blk_mem_gen/gnbram.gnative_mem_map_bmg.native_mem_map_blk_mem_gen/valid.cstr/ramloop[0].ram.r/prim_noinit.ram/DEVICE_7SERIES.WITH_BMM_INFO.TRUE_DP.SIMPLE_PRIM36.TDP_SP36_NO_ECC_ATTR.ram
  -------------------------------------------------------------------
                         required time                         25.046    
                         arrival time                         -10.292    
  -------------------------------------------------------------------
                         slack                                 14.753    

Slack (MET) :             14.787ns  (required time - arrival time)
  Source:                 main_top_i/com_side_wrapper_0/U0/com_side_i/simple_button_fsm_3/U0/FSM_onehot_state_reg[2]/C
                            (rising edge-triggered cell FDRE clocked by CLK12_I  {rise@0.000ns fall@41.166ns period=83.333ns})
  Destination:            main_top_i/com_side_wrapper_0/U0/com_side_i/block_test_0/blk_mem_gen_0/U0/inst_blk_mem_gen/gnbram.gnative_mem_map_bmg.native_mem_map_blk_mem_gen/valid.cstr/ramloop[0].ram.r/prim_noinit.ram/DEVICE_7SERIES.WITH_BMM_INFO.TRUE_DP.SIMPLE_PRIM36.TDP_SP36_NO_ECC_ATTR.ram/DIBDI[5]
                            (rising edge-triggered cell RAMB36E1 clocked by com_side_wrapper_0_qlink_clk_o  {rise@0.000ns fall@10.417ns period=20.833ns})
  Path Group:             com_side_wrapper_0_qlink_clk_o
  Path Type:              Setup (Max at Slow Process Corner)
  Requirement:            20.833ns  (com_side_wrapper_0_qlink_clk_o rise@20.833ns - CLK12_I rise@0.000ns)
  Data Path Delay:        6.668ns  (logic 0.419ns (6.284%)  route 6.249ns (93.716%))
  Logic Levels:           0  
  Clock Path Skew:        2.447ns (DCD - SCD + CPR)
    Destination Clock Delay (DCD):    5.793ns = ( 26.626 - 20.833 ) 
    Source Clock Delay      (SCD):    3.416ns
    Clock Pessimism Removal (CPR):    0.070ns
  Clock Uncertainty:      0.913ns  ((TSJ^2 + DJ^2)^1/2) / 2 + PE
    Total System Jitter     (TSJ):    0.071ns
    Discrete Jitter          (DJ):    0.481ns
    Phase Error              (PE):    0.670ns

    Location             Delay type                Incr(ns)  Path(ns)    Netlist Resource(s)
  -------------------------------------------------------------------    -------------------
                         (clock CLK12_I rise edge)    0.000     0.000 r  
    H11                                               0.000     0.000 r  CLK12_I (IN)
                         net (fo=0)                   0.000     0.000    CLK12_I
    H11                  IBUF (Prop_ibuf_I_O)         1.438     1.438 r  CLK12_I_IBUF_inst/O
                         net (fo=13, routed)          1.978     3.416    main_top_i/com_side_wrapper_0/U0/com_side_i/simple_button_fsm_3/U0/clk
    SLICE_X27Y13         FDRE                                         r  main_top_i/com_side_wrapper_0/U0/com_side_i/simple_button_fsm_3/U0/FSM_onehot_state_reg[2]/C
  -------------------------------------------------------------------    -------------------
    SLICE_X27Y13         FDRE (Prop_fdre_C_Q)         0.419     3.835 r  main_top_i/com_side_wrapper_0/U0/com_side_i/simple_button_fsm_3/U0/FSM_onehot_state_reg[2]/Q
                         net (fo=4, routed)           6.249    10.083    main_top_i/com_side_wrapper_0/U0/com_side_i/block_test_0/blk_mem_gen_0/U0/inst_blk_mem_gen/gnbram.gnative_mem_map_bmg.native_mem_map_blk_mem_gen/valid.cstr/ramloop[0].ram.r/prim_noinit.ram/dinb[5]
    RAMB36_X0Y2          RAMB36E1                                     r  main_top_i/com_side_wrapper_0/U0/com_side_i/block_test_0/blk_mem_gen_0/U0/inst_blk_mem_gen/gnbram.gnative_mem_map_bmg.native_mem_map_blk_mem_gen/valid.cstr/ramloop[0].ram.r/prim_noinit.ram/DEVICE_7SERIES.WITH_BMM_INFO.TRUE_DP.SIMPLE_PRIM36.TDP_SP36_NO_ECC_ATTR.ram/DIBDI[5]
  -------------------------------------------------------------------    -------------------

                         (clock com_side_wrapper_0_qlink_clk_o rise edge)
                                                     20.833    20.833 r  
    H11                                               0.000    20.833 r  CLK12_I (IN)
                         net (fo=0)                   0.000    20.833    CLK12_I
    H11                  IBUF (Prop_ibuf_I_O)         1.368    22.201 r  CLK12_I_IBUF_inst/O
                         net (fo=13, routed)          1.162    23.363    main_top_i/com_side_wrapper_0/U0/com_side_i/block_test_0/Sindri_QLink_top_0/U0/QLINK1/MMCM48_INST/CLK12_I
    MMCME2_ADV_X0Y0      MMCME2_ADV (Prop_mmcme2_adv_CLKIN1_CLKOUT0)
                                                      0.083    23.446 r  main_top_i/com_side_wrapper_0/U0/com_side_i/block_test_0/Sindri_QLink_top_0/U0/QLINK1/MMCM48_INST/MMCME2_BASE_inst/CLKOUT0
                         net (fo=1, routed)           1.543    24.989    main_top_i/com_side_wrapper_0/U0/com_side_i/block_test_0/Sindri_QLink_top_0/U0/QLINK1/MMCM48_INST/CLK
    BUFGCTRL_X0Y2        BUFG (Prop_bufg_I_O)         0.091    25.080 r  main_top_i/com_side_wrapper_0/U0/com_side_i/block_test_0/Sindri_QLink_top_0/U0/QLINK1/MMCM48_INST/CLK_BUFG_inst/O
                         net (fo=268, routed)         1.546    26.626    main_top_i/com_side_wrapper_0/U0/com_side_i/block_test_0/blk_mem_gen_0/U0/inst_blk_mem_gen/gnbram.gnative_mem_map_bmg.native_mem_map_blk_mem_gen/valid.cstr/ramloop[0].ram.r/prim_noinit.ram/clkb
    RAMB36_X0Y2          RAMB36E1                                     r  main_top_i/com_side_wrapper_0/U0/com_side_i/block_test_0/blk_mem_gen_0/U0/inst_blk_mem_gen/gnbram.gnative_mem_map_bmg.native_mem_map_blk_mem_gen/valid.cstr/ramloop[0].ram.r/prim_noinit.ram/DEVICE_7SERIES.WITH_BMM_INFO.TRUE_DP.SIMPLE_PRIM36.TDP_SP36_NO_ECC_ATTR.ram/CLKBWRCLK
                         clock pessimism              0.070    26.696    
                         clock uncertainty           -0.913    25.783    
    RAMB36_X0Y2          RAMB36E1 (Setup_ramb36e1_CLKBWRCLK_DIBDI[5])
                                                     -0.912    24.871    main_top_i/com_side_wrapper_0/U0/com_side_i/block_test_0/blk_mem_gen_0/U0/inst_blk_mem_gen/gnbram.gnative_mem_map_bmg.native_mem_map_blk_mem_gen/valid.cstr/ramloop[0].ram.r/prim_noinit.ram/DEVICE_7SERIES.WITH_BMM_INFO.TRUE_DP.SIMPLE_PRIM36.TDP_SP36_NO_ECC_ATTR.ram
  -------------------------------------------------------------------
                         required time                         24.871    
                         arrival time                         -10.083    
  -------------------------------------------------------------------
                         slack                                 14.787    

Slack (MET) :             14.986ns  (required time - arrival time)
  Source:                 main_top_i/com_side_wrapper_0/U0/com_side_i/simple_button_fsm_0/U0/FSM_onehot_state_reg[2]/C
                            (rising edge-triggered cell FDRE clocked by CLK12_I  {rise@0.000ns fall@41.166ns period=83.333ns})
  Destination:            main_top_i/com_side_wrapper_0/U0/com_side_i/block_test_0/blk_mem_gen_0/U0/inst_blk_mem_gen/gnbram.gnative_mem_map_bmg.native_mem_map_blk_mem_gen/valid.cstr/ramloop[0].ram.r/prim_noinit.ram/DEVICE_7SERIES.WITH_BMM_INFO.TRUE_DP.SIMPLE_PRIM36.TDP_SP36_NO_ECC_ATTR.ram/DIBDI[1]
                            (rising edge-triggered cell RAMB36E1 clocked by com_side_wrapper_0_qlink_clk_o  {rise@0.000ns fall@10.417ns period=20.833ns})
  Path Group:             com_side_wrapper_0_qlink_clk_o
  Path Type:              Setup (Max at Slow Process Corner)
  Requirement:            20.833ns  (com_side_wrapper_0_qlink_clk_o rise@20.833ns - CLK12_I rise@0.000ns)
  Data Path Delay:        6.319ns  (logic 0.419ns (6.631%)  route 5.900ns (93.369%))
  Logic Levels:           0  
  Clock Path Skew:        2.296ns (DCD - SCD + CPR)
    Destination Clock Delay (DCD):    5.793ns = ( 26.626 - 20.833 ) 
    Source Clock Delay      (SCD):    3.566ns
    Clock Pessimism Removal (CPR):    0.070ns
  Clock Uncertainty:      0.913ns  ((TSJ^2 + DJ^2)^1/2) / 2 + PE
    Total System Jitter     (TSJ):    0.071ns
    Discrete Jitter          (DJ):    0.481ns
    Phase Error              (PE):    0.670ns

    Location             Delay type                Incr(ns)  Path(ns)    Netlist Resource(s)
  -------------------------------------------------------------------    -------------------
                         (clock CLK12_I rise edge)    0.000     0.000 r  
    H11                                               0.000     0.000 r  CLK12_I (IN)
                         net (fo=0)                   0.000     0.000    CLK12_I
    H11                  IBUF (Prop_ibuf_I_O)         1.438     1.438 r  CLK12_I_IBUF_inst/O
                         net (fo=13, routed)          2.128     3.566    main_top_i/com_side_wrapper_0/U0/com_side_i/simple_button_fsm_0/U0/clk
    SLICE_X29Y11         FDRE                                         r  main_top_i/com_side_wrapper_0/U0/com_side_i/simple_button_fsm_0/U0/FSM_onehot_state_reg[2]/C
  -------------------------------------------------------------------    -------------------
    SLICE_X29Y11         FDRE (Prop_fdre_C_Q)         0.419     3.985 r  main_top_i/com_side_wrapper_0/U0/com_side_i/simple_button_fsm_0/U0/FSM_onehot_state_reg[2]/Q
                         net (fo=4, routed)           5.900     9.885    main_top_i/com_side_wrapper_0/U0/com_side_i/block_test_0/blk_mem_gen_0/U0/inst_blk_mem_gen/gnbram.gnative_mem_map_bmg.native_mem_map_blk_mem_gen/valid.cstr/ramloop[0].ram.r/prim_noinit.ram/dinb[1]
    RAMB36_X0Y2          RAMB36E1                                     r  main_top_i/com_side_wrapper_0/U0/com_side_i/block_test_0/blk_mem_gen_0/U0/inst_blk_mem_gen/gnbram.gnative_mem_map_bmg.native_mem_map_blk_mem_gen/valid.cstr/ramloop[0].ram.r/prim_noinit.ram/DEVICE_7SERIES.WITH_BMM_INFO.TRUE_DP.SIMPLE_PRIM36.TDP_SP36_NO_ECC_ATTR.ram/DIBDI[1]
  -------------------------------------------------------------------    -------------------

                         (clock com_side_wrapper_0_qlink_clk_o rise edge)
                                                     20.833    20.833 r  
    H11                                               0.000    20.833 r  CLK12_I (IN)
                         net (fo=0)                   0.000    20.833    CLK12_I
    H11                  IBUF (Prop_ibuf_I_O)         1.368    22.201 r  CLK12_I_IBUF_inst/O
                         net (fo=13, routed)          1.162    23.363    main_top_i/com_side_wrapper_0/U0/com_side_i/block_test_0/Sindri_QLink_top_0/U0/QLINK1/MMCM48_INST/CLK12_I
    MMCME2_ADV_X0Y0      MMCME2_ADV (Prop_mmcme2_adv_CLKIN1_CLKOUT0)
                                                      0.083    23.446 r  main_top_i/com_side_wrapper_0/U0/com_side_i/block_test_0/Sindri_QLink_top_0/U0/QLINK1/MMCM48_INST/MMCME2_BASE_inst/CLKOUT0
                         net (fo=1, routed)           1.543    24.989    main_top_i/com_side_wrapper_0/U0/com_side_i/block_test_0/Sindri_QLink_top_0/U0/QLINK1/MMCM48_INST/CLK
    BUFGCTRL_X0Y2        BUFG (Prop_bufg_I_O)         0.091    25.080 r  main_top_i/com_side_wrapper_0/U0/com_side_i/block_test_0/Sindri_QLink_top_0/U0/QLINK1/MMCM48_INST/CLK_BUFG_inst/O
                         net (fo=268, routed)         1.546    26.626    main_top_i/com_side_wrapper_0/U0/com_side_i/block_test_0/blk_mem_gen_0/U0/inst_blk_mem_gen/gnbram.gnative_mem_map_bmg.native_mem_map_blk_mem_gen/valid.cstr/ramloop[0].ram.r/prim_noinit.ram/clkb
    RAMB36_X0Y2          RAMB36E1                                     r  main_top_i/com_side_wrapper_0/U0/com_side_i/block_test_0/blk_mem_gen_0/U0/inst_blk_mem_gen/gnbram.gnative_mem_map_bmg.native_mem_map_blk_mem_gen/valid.cstr/ramloop[0].ram.r/prim_noinit.ram/DEVICE_7SERIES.WITH_BMM_INFO.TRUE_DP.SIMPLE_PRIM36.TDP_SP36_NO_ECC_ATTR.ram/CLKBWRCLK
                         clock pessimism              0.070    26.696    
                         clock uncertainty           -0.913    25.783    
    RAMB36_X0Y2          RAMB36E1 (Setup_ramb36e1_CLKBWRCLK_DIBDI[1])
                                                     -0.912    24.871    main_top_i/com_side_wrapper_0/U0/com_side_i/block_test_0/blk_mem_gen_0/U0/inst_blk_mem_gen/gnbram.gnative_mem_map_bmg.native_mem_map_blk_mem_gen/valid.cstr/ramloop[0].ram.r/prim_noinit.ram/DEVICE_7SERIES.WITH_BMM_INFO.TRUE_DP.SIMPLE_PRIM36.TDP_SP36_NO_ECC_ATTR.ram
  -------------------------------------------------------------------
                         required time                         24.871    
                         arrival time                          -9.885    
  -------------------------------------------------------------------
                         slack                                 14.986    





Min Delay Paths
--------------------------------------------------------------------------------------
Slack (MET) :             0.613ns  (arrival time - required time)
  Source:                 main_top_i/com_side_wrapper_0/U0/com_side_i/simple_button_fsm_2/U0/FSM_onehot_state_reg[2]/C
                            (rising edge-triggered cell FDRE clocked by CLK12_I  {rise@0.000ns fall@41.166ns period=83.333ns})
  Destination:            main_top_i/com_side_wrapper_0/U0/com_side_i/block_test_0/blk_mem_gen_0/U0/inst_blk_mem_gen/gnbram.gnative_mem_map_bmg.native_mem_map_blk_mem_gen/valid.cstr/ramloop[0].ram.r/prim_noinit.ram/DEVICE_7SERIES.WITH_BMM_INFO.TRUE_DP.SIMPLE_PRIM36.TDP_SP36_NO_ECC_ATTR.ram/DIBDI[7]
                            (rising edge-triggered cell RAMB36E1 clocked by com_side_wrapper_0_qlink_clk_o  {rise@0.000ns fall@10.417ns period=20.833ns})
  Path Group:             com_side_wrapper_0_qlink_clk_o
  Path Type:              Hold (Min at Fast Process Corner)
  Requirement:            0.000ns  (com_side_wrapper_0_qlink_clk_o rise@0.000ns - CLK12_I rise@0.000ns)
  Data Path Delay:        2.837ns  (logic 0.128ns (4.511%)  route 2.709ns (95.489%))
  Logic Levels:           0  
  Clock Path Skew:        1.068ns (DCD - SCD - CPR)
    Destination Clock Delay (DCD):    2.335ns
    Source Clock Delay      (SCD):    1.080ns
    Clock Pessimism Removal (CPR):    0.187ns
  Clock Uncertainty:      0.913ns  ((TSJ^2 + DJ^2)^1/2) / 2 + PE
    Total System Jitter     (TSJ):    0.071ns
    Discrete Jitter          (DJ):    0.481ns
    Phase Error              (PE):    0.670ns

    Location             Delay type                Incr(ns)  Path(ns)    Netlist Resource(s)
  -------------------------------------------------------------------    -------------------
                         (clock CLK12_I rise edge)    0.000     0.000 r  
    H11                                               0.000     0.000 r  CLK12_I (IN)
                         net (fo=0)                   0.000     0.000    CLK12_I
    H11                  IBUF (Prop_ibuf_I_O)         0.206     0.206 r  CLK12_I_IBUF_inst/O
                         net (fo=13, routed)          0.874     1.080    main_top_i/com_side_wrapper_0/U0/com_side_i/simple_button_fsm_2/U0/clk
    SLICE_X27Y13         FDRE                                         r  main_top_i/com_side_wrapper_0/U0/com_side_i/simple_button_fsm_2/U0/FSM_onehot_state_reg[2]/C
  -------------------------------------------------------------------    -------------------
    SLICE_X27Y13         FDRE (Prop_fdre_C_Q)         0.128     1.208 r  main_top_i/com_side_wrapper_0/U0/com_side_i/simple_button_fsm_2/U0/FSM_onehot_state_reg[2]/Q
                         net (fo=4, routed)           2.709     3.917    main_top_i/com_side_wrapper_0/U0/com_side_i/block_test_0/blk_mem_gen_0/U0/inst_blk_mem_gen/gnbram.gnative_mem_map_bmg.native_mem_map_blk_mem_gen/valid.cstr/ramloop[0].ram.r/prim_noinit.ram/dinb[7]
    RAMB36_X0Y2          RAMB36E1                                     r  main_top_i/com_side_wrapper_0/U0/com_side_i/block_test_0/blk_mem_gen_0/U0/inst_blk_mem_gen/gnbram.gnative_mem_map_bmg.native_mem_map_blk_mem_gen/valid.cstr/ramloop[0].ram.r/prim_noinit.ram/DEVICE_7SERIES.WITH_BMM_INFO.TRUE_DP.SIMPLE_PRIM36.TDP_SP36_NO_ECC_ATTR.ram/DIBDI[7]
  -------------------------------------------------------------------    -------------------

                         (clock com_side_wrapper_0_qlink_clk_o rise edge)
                                                      0.000     0.000 r  
    H11                                               0.000     0.000 r  CLK12_I (IN)
                         net (fo=0)                   0.000     0.000    CLK12_I
    H11                  IBUF (Prop_ibuf_I_O)         0.393     0.393 r  CLK12_I_IBUF_inst/O
                         net (fo=13, routed)          0.480     0.874    main_top_i/com_side_wrapper_0/U0/com_side_i/block_test_0/Sindri_QLink_top_0/U0/QLINK1/MMCM48_INST/CLK12_I
    MMCME2_ADV_X0Y0      MMCME2_ADV (Prop_mmcme2_adv_CLKIN1_CLKOUT0)
                                                      0.053     0.927 r  main_top_i/com_side_wrapper_0/U0/com_side_i/block_test_0/Sindri_QLink_top_0/U0/QLINK1/MMCM48_INST/MMCME2_BASE_inst/CLKOUT0
                         net (fo=1, routed)           0.505     1.431    main_top_i/com_side_wrapper_0/U0/com_side_i/block_test_0/Sindri_QLink_top_0/U0/QLINK1/MMCM48_INST/CLK
    BUFGCTRL_X0Y2        BUFG (Prop_bufg_I_O)         0.029     1.460 r  main_top_i/com_side_wrapper_0/U0/com_side_i/block_test_0/Sindri_QLink_top_0/U0/QLINK1/MMCM48_INST/CLK_BUFG_inst/O
                         net (fo=268, routed)         0.875     2.335    main_top_i/com_side_wrapper_0/U0/com_side_i/block_test_0/blk_mem_gen_0/U0/inst_blk_mem_gen/gnbram.gnative_mem_map_bmg.native_mem_map_blk_mem_gen/valid.cstr/ramloop[0].ram.r/prim_noinit.ram/clkb
    RAMB36_X0Y2          RAMB36E1                                     r  main_top_i/com_side_wrapper_0/U0/com_side_i/block_test_0/blk_mem_gen_0/U0/inst_blk_mem_gen/gnbram.gnative_mem_map_bmg.native_mem_map_blk_mem_gen/valid.cstr/ramloop[0].ram.r/prim_noinit.ram/DEVICE_7SERIES.WITH_BMM_INFO.TRUE_DP.SIMPLE_PRIM36.TDP_SP36_NO_ECC_ATTR.ram/CLKBWRCLK
                         clock pessimism             -0.187     2.148    
                         clock uncertainty            0.913     3.061    
    RAMB36_X0Y2          RAMB36E1 (Hold_ramb36e1_CLKBWRCLK_DIBDI[7])
                                                      0.243     3.304    main_top_i/com_side_wrapper_0/U0/com_side_i/block_test_0/blk_mem_gen_0/U0/inst_blk_mem_gen/gnbram.gnative_mem_map_bmg.native_mem_map_blk_mem_gen/valid.cstr/ramloop[0].ram.r/prim_noinit.ram/DEVICE_7SERIES.WITH_BMM_INFO.TRUE_DP.SIMPLE_PRIM36.TDP_SP36_NO_ECC_ATTR.ram
  -------------------------------------------------------------------
                         required time                         -3.304    
                         arrival time                           3.917    
  -------------------------------------------------------------------
                         slack                                  0.613    

Slack (MET) :             0.703ns  (arrival time - required time)
  Source:                 main_top_i/com_side_wrapper_0/U0/com_side_i/simple_button_fsm_1/U0/FSM_onehot_state_reg[1]/C
                            (rising edge-triggered cell FDRE clocked by CLK12_I  {rise@0.000ns fall@41.166ns period=83.333ns})
  Destination:            main_top_i/com_side_wrapper_0/U0/com_side_i/block_test_0/blk_mem_gen_0/U0/inst_blk_mem_gen/gnbram.gnative_mem_map_bmg.native_mem_map_blk_mem_gen/valid.cstr/ramloop[0].ram.r/prim_noinit.ram/DEVICE_7SERIES.WITH_BMM_INFO.TRUE_DP.SIMPLE_PRIM36.TDP_SP36_NO_ECC_ATTR.ram/DIBDI[2]
                            (rising edge-triggered cell RAMB36E1 clocked by com_side_wrapper_0_qlink_clk_o  {rise@0.000ns fall@10.417ns period=20.833ns})
  Path Group:             com_side_wrapper_0_qlink_clk_o
  Path Type:              Hold (Min at Fast Process Corner)
  Requirement:            0.000ns  (com_side_wrapper_0_qlink_clk_o rise@0.000ns - CLK12_I rise@0.000ns)
  Data Path Delay:        3.000ns  (logic 0.141ns (4.700%)  route 2.859ns (95.300%))
  Logic Levels:           0  
  Clock Path Skew:        1.088ns (DCD - SCD - CPR)
    Destination Clock Delay (DCD):    2.335ns
    Source Clock Delay      (SCD):    1.059ns
    Clock Pessimism Removal (CPR):    0.187ns
  Clock Uncertainty:      0.913ns  ((TSJ^2 + DJ^2)^1/2) / 2 + PE
    Total System Jitter     (TSJ):    0.071ns
    Discrete Jitter          (DJ):    0.481ns
    Phase Error              (PE):    0.670ns

    Location             Delay type                Incr(ns)  Path(ns)    Netlist Resource(s)
  -------------------------------------------------------------------    -------------------
                         (clock CLK12_I rise edge)    0.000     0.000 r  
    H11                                               0.000     0.000 r  CLK12_I (IN)
                         net (fo=0)                   0.000     0.000    CLK12_I
    H11                  IBUF (Prop_ibuf_I_O)         0.206     0.206 r  CLK12_I_IBUF_inst/O
                         net (fo=13, routed)          0.853     1.059    main_top_i/com_side_wrapper_0/U0/com_side_i/simple_button_fsm_1/U0/clk
    SLICE_X29Y11         FDRE                                         r  main_top_i/com_side_wrapper_0/U0/com_side_i/simple_button_fsm_1/U0/FSM_onehot_state_reg[1]/C
  -------------------------------------------------------------------    -------------------
    SLICE_X29Y11         FDRE (Prop_fdre_C_Q)         0.141     1.200 r  main_top_i/com_side_wrapper_0/U0/com_side_i/simple_button_fsm_1/U0/FSM_onehot_state_reg[1]/Q
                         net (fo=4, routed)           2.859     4.060    main_top_i/com_side_wrapper_0/U0/com_side_i/block_test_0/blk_mem_gen_0/U0/inst_blk_mem_gen/gnbram.gnative_mem_map_bmg.native_mem_map_blk_mem_gen/valid.cstr/ramloop[0].ram.r/prim_noinit.ram/dinb[2]
    RAMB36_X0Y2          RAMB36E1                                     r  main_top_i/com_side_wrapper_0/U0/com_side_i/block_test_0/blk_mem_gen_0/U0/inst_blk_mem_gen/gnbram.gnative_mem_map_bmg.native_mem_map_blk_mem_gen/valid.cstr/ramloop[0].ram.r/prim_noinit.ram/DEVICE_7SERIES.WITH_BMM_INFO.TRUE_DP.SIMPLE_PRIM36.TDP_SP36_NO_ECC_ATTR.ram/DIBDI[2]
  -------------------------------------------------------------------    -------------------

                         (clock com_side_wrapper_0_qlink_clk_o rise edge)
                                                      0.000     0.000 r  
    H11                                               0.000     0.000 r  CLK12_I (IN)
                         net (fo=0)                   0.000     0.000    CLK12_I
    H11                  IBUF (Prop_ibuf_I_O)         0.393     0.393 r  CLK12_I_IBUF_inst/O
                         net (fo=13, routed)          0.480     0.874    main_top_i/com_side_wrapper_0/U0/com_side_i/block_test_0/Sindri_QLink_top_0/U0/QLINK1/MMCM48_INST/CLK12_I
    MMCME2_ADV_X0Y0      MMCME2_ADV (Prop_mmcme2_adv_CLKIN1_CLKOUT0)
                                                      0.053     0.927 r  main_top_i/com_side_wrapper_0/U0/com_side_i/block_test_0/Sindri_QLink_top_0/U0/QLINK1/MMCM48_INST/MMCME2_BASE_inst/CLKOUT0
                         net (fo=1, routed)           0.505     1.431    main_top_i/com_side_wrapper_0/U0/com_side_i/block_test_0/Sindri_QLink_top_0/U0/QLINK1/MMCM48_INST/CLK
    BUFGCTRL_X0Y2        BUFG (Prop_bufg_I_O)         0.029     1.460 r  main_top_i/com_side_wrapper_0/U0/com_side_i/block_test_0/Sindri_QLink_top_0/U0/QLINK1/MMCM48_INST/CLK_BUFG_inst/O
                         net (fo=268, routed)         0.875     2.335    main_top_i/com_side_wrapper_0/U0/com_side_i/block_test_0/blk_mem_gen_0/U0/inst_blk_mem_gen/gnbram.gnative_mem_map_bmg.native_mem_map_blk_mem_gen/valid.cstr/ramloop[0].ram.r/prim_noinit.ram/clkb
    RAMB36_X0Y2          RAMB36E1                                     r  main_top_i/com_side_wrapper_0/U0/com_side_i/block_test_0/blk_mem_gen_0/U0/inst_blk_mem_gen/gnbram.gnative_mem_map_bmg.native_mem_map_blk_mem_gen/valid.cstr/ramloop[0].ram.r/prim_noinit.ram/DEVICE_7SERIES.WITH_BMM_INFO.TRUE_DP.SIMPLE_PRIM36.TDP_SP36_NO_ECC_ATTR.ram/CLKBWRCLK
                         clock pessimism             -0.187     2.148    
                         clock uncertainty            0.913     3.061    
    RAMB36_X0Y2          RAMB36E1 (Hold_ramb36e1_CLKBWRCLK_DIBDI[2])
                                                      0.296     3.357    main_top_i/com_side_wrapper_0/U0/com_side_i/block_test_0/blk_mem_gen_0/U0/inst_blk_mem_gen/gnbram.gnative_mem_map_bmg.native_mem_map_blk_mem_gen/valid.cstr/ramloop[0].ram.r/prim_noinit.ram/DEVICE_7SERIES.WITH_BMM_INFO.TRUE_DP.SIMPLE_PRIM36.TDP_SP36_NO_ECC_ATTR.ram
  -------------------------------------------------------------------
                         required time                         -3.357    
                         arrival time                           4.060    
  -------------------------------------------------------------------
                         slack                                  0.703    

Slack (MET) :             0.704ns  (arrival time - required time)
  Source:                 main_top_i/com_side_wrapper_0/U0/com_side_i/simple_button_fsm_1/U0/FSM_onehot_state_reg[2]/C
                            (rising edge-triggered cell FDRE clocked by CLK12_I  {rise@0.000ns fall@41.166ns period=83.333ns})
  Destination:            main_top_i/com_side_wrapper_0/U0/com_side_i/block_test_0/blk_mem_gen_0/U0/inst_blk_mem_gen/gnbram.gnative_mem_map_bmg.native_mem_map_blk_mem_gen/valid.cstr/ramloop[0].ram.r/prim_noinit.ram/DEVICE_7SERIES.WITH_BMM_INFO.TRUE_DP.SIMPLE_PRIM36.TDP_SP36_NO_ECC_ATTR.ram/DIBDI[3]
                            (rising edge-triggered cell RAMB36E1 clocked by com_side_wrapper_0_qlink_clk_o  {rise@0.000ns fall@10.417ns period=20.833ns})
  Path Group:             com_side_wrapper_0_qlink_clk_o
  Path Type:              Hold (Min at Fast Process Corner)
  Requirement:            0.000ns  (com_side_wrapper_0_qlink_clk_o rise@0.000ns - CLK12_I rise@0.000ns)
  Data Path Delay:        2.948ns  (logic 0.128ns (4.342%)  route 2.820ns (95.658%))
  Logic Levels:           0  
  Clock Path Skew:        1.088ns (DCD - SCD - CPR)
    Destination Clock Delay (DCD):    2.335ns
    Source Clock Delay      (SCD):    1.059ns
    Clock Pessimism Removal (CPR):    0.187ns
  Clock Uncertainty:      0.913ns  ((TSJ^2 + DJ^2)^1/2) / 2 + PE
    Total System Jitter     (TSJ):    0.071ns
    Discrete Jitter          (DJ):    0.481ns
    Phase Error              (PE):    0.670ns

    Location             Delay type                Incr(ns)  Path(ns)    Netlist Resource(s)
  -------------------------------------------------------------------    -------------------
                         (clock CLK12_I rise edge)    0.000     0.000 r  
    H11                                               0.000     0.000 r  CLK12_I (IN)
                         net (fo=0)                   0.000     0.000    CLK12_I
    H11                  IBUF (Prop_ibuf_I_O)         0.206     0.206 r  CLK12_I_IBUF_inst/O
                         net (fo=13, routed)          0.853     1.059    main_top_i/com_side_wrapper_0/U0/com_side_i/simple_button_fsm_1/U0/clk
    SLICE_X29Y11         FDRE                                         r  main_top_i/com_side_wrapper_0/U0/com_side_i/simple_button_fsm_1/U0/FSM_onehot_state_reg[2]/C
  -------------------------------------------------------------------    -------------------
    SLICE_X29Y11         FDRE (Prop_fdre_C_Q)         0.128     1.187 r  main_top_i/com_side_wrapper_0/U0/com_side_i/simple_button_fsm_1/U0/FSM_onehot_state_reg[2]/Q
                         net (fo=4, routed)           2.820     4.008    main_top_i/com_side_wrapper_0/U0/com_side_i/block_test_0/blk_mem_gen_0/U0/inst_blk_mem_gen/gnbram.gnative_mem_map_bmg.native_mem_map_blk_mem_gen/valid.cstr/ramloop[0].ram.r/prim_noinit.ram/dinb[3]
    RAMB36_X0Y2          RAMB36E1                                     r  main_top_i/com_side_wrapper_0/U0/com_side_i/block_test_0/blk_mem_gen_0/U0/inst_blk_mem_gen/gnbram.gnative_mem_map_bmg.native_mem_map_blk_mem_gen/valid.cstr/ramloop[0].ram.r/prim_noinit.ram/DEVICE_7SERIES.WITH_BMM_INFO.TRUE_DP.SIMPLE_PRIM36.TDP_SP36_NO_ECC_ATTR.ram/DIBDI[3]
  -------------------------------------------------------------------    -------------------

                         (clock com_side_wrapper_0_qlink_clk_o rise edge)
                                                      0.000     0.000 r  
    H11                                               0.000     0.000 r  CLK12_I (IN)
                         net (fo=0)                   0.000     0.000    CLK12_I
    H11                  IBUF (Prop_ibuf_I_O)         0.393     0.393 r  CLK12_I_IBUF_inst/O
                         net (fo=13, routed)          0.480     0.874    main_top_i/com_side_wrapper_0/U0/com_side_i/block_test_0/Sindri_QLink_top_0/U0/QLINK1/MMCM48_INST/CLK12_I
    MMCME2_ADV_X0Y0      MMCME2_ADV (Prop_mmcme2_adv_CLKIN1_CLKOUT0)
                                                      0.053     0.927 r  main_top_i/com_side_wrapper_0/U0/com_side_i/block_test_0/Sindri_QLink_top_0/U0/QLINK1/MMCM48_INST/MMCME2_BASE_inst/CLKOUT0
                         net (fo=1, routed)           0.505     1.431    main_top_i/com_side_wrapper_0/U0/com_side_i/block_test_0/Sindri_QLink_top_0/U0/QLINK1/MMCM48_INST/CLK
    BUFGCTRL_X0Y2        BUFG (Prop_bufg_I_O)         0.029     1.460 r  main_top_i/com_side_wrapper_0/U0/com_side_i/block_test_0/Sindri_QLink_top_0/U0/QLINK1/MMCM48_INST/CLK_BUFG_inst/O
                         net (fo=268, routed)         0.875     2.335    main_top_i/com_side_wrapper_0/U0/com_side_i/block_test_0/blk_mem_gen_0/U0/inst_blk_mem_gen/gnbram.gnative_mem_map_bmg.native_mem_map_blk_mem_gen/valid.cstr/ramloop[0].ram.r/prim_noinit.ram/clkb
    RAMB36_X0Y2          RAMB36E1                                     r  main_top_i/com_side_wrapper_0/U0/com_side_i/block_test_0/blk_mem_gen_0/U0/inst_blk_mem_gen/gnbram.gnative_mem_map_bmg.native_mem_map_blk_mem_gen/valid.cstr/ramloop[0].ram.r/prim_noinit.ram/DEVICE_7SERIES.WITH_BMM_INFO.TRUE_DP.SIMPLE_PRIM36.TDP_SP36_NO_ECC_ATTR.ram/CLKBWRCLK
                         clock pessimism             -0.187     2.148    
                         clock uncertainty            0.913     3.061    
    RAMB36_X0Y2          RAMB36E1 (Hold_ramb36e1_CLKBWRCLK_DIBDI[3])
                                                      0.243     3.304    main_top_i/com_side_wrapper_0/U0/com_side_i/block_test_0/blk_mem_gen_0/U0/inst_blk_mem_gen/gnbram.gnative_mem_map_bmg.native_mem_map_blk_mem_gen/valid.cstr/ramloop[0].ram.r/prim_noinit.ram/DEVICE_7SERIES.WITH_BMM_INFO.TRUE_DP.SIMPLE_PRIM36.TDP_SP36_NO_ECC_ATTR.ram
  -------------------------------------------------------------------
                         required time                         -3.304    
                         arrival time                           4.008    
  -------------------------------------------------------------------
                         slack                                  0.704    

Slack (MET) :             0.708ns  (arrival time - required time)
  Source:                 main_top_i/com_side_wrapper_0/U0/com_side_i/simple_button_fsm_0/U0/FSM_onehot_state_reg[1]/C
                            (rising edge-triggered cell FDRE clocked by CLK12_I  {rise@0.000ns fall@41.166ns period=83.333ns})
  Destination:            main_top_i/com_side_wrapper_0/U0/com_side_i/block_test_0/blk_mem_gen_0/U0/inst_blk_mem_gen/gnbram.gnative_mem_map_bmg.native_mem_map_blk_mem_gen/valid.cstr/ramloop[0].ram.r/prim_noinit.ram/DEVICE_7SERIES.WITH_BMM_INFO.TRUE_DP.SIMPLE_PRIM36.TDP_SP36_NO_ECC_ATTR.ram/DIBDI[0]
                            (rising edge-triggered cell RAMB36E1 clocked by com_side_wrapper_0_qlink_clk_o  {rise@0.000ns fall@10.417ns period=20.833ns})
  Path Group:             com_side_wrapper_0_qlink_clk_o
  Path Type:              Hold (Min at Fast Process Corner)
  Requirement:            0.000ns  (com_side_wrapper_0_qlink_clk_o rise@0.000ns - CLK12_I rise@0.000ns)
  Data Path Delay:        3.005ns  (logic 0.141ns (4.692%)  route 2.864ns (95.308%))
  Logic Levels:           0  
  Clock Path Skew:        1.088ns (DCD - SCD - CPR)
    Destination Clock Delay (DCD):    2.335ns
    Source Clock Delay      (SCD):    1.059ns
    Clock Pessimism Removal (CPR):    0.187ns
  Clock Uncertainty:      0.913ns  ((TSJ^2 + DJ^2)^1/2) / 2 + PE
    Total System Jitter     (TSJ):    0.071ns
    Discrete Jitter          (DJ):    0.481ns
    Phase Error              (PE):    0.670ns

    Location             Delay type                Incr(ns)  Path(ns)    Netlist Resource(s)
  -------------------------------------------------------------------    -------------------
                         (clock CLK12_I rise edge)    0.000     0.000 r  
    H11                                               0.000     0.000 r  CLK12_I (IN)
                         net (fo=0)                   0.000     0.000    CLK12_I
    H11                  IBUF (Prop_ibuf_I_O)         0.206     0.206 r  CLK12_I_IBUF_inst/O
                         net (fo=13, routed)          0.853     1.059    main_top_i/com_side_wrapper_0/U0/com_side_i/simple_button_fsm_0/U0/clk
    SLICE_X29Y11         FDRE                                         r  main_top_i/com_side_wrapper_0/U0/com_side_i/simple_button_fsm_0/U0/FSM_onehot_state_reg[1]/C
  -------------------------------------------------------------------    -------------------
    SLICE_X29Y11         FDRE (Prop_fdre_C_Q)         0.141     1.200 r  main_top_i/com_side_wrapper_0/U0/com_side_i/simple_button_fsm_0/U0/FSM_onehot_state_reg[1]/Q
                         net (fo=4, routed)           2.864     4.065    main_top_i/com_side_wrapper_0/U0/com_side_i/block_test_0/blk_mem_gen_0/U0/inst_blk_mem_gen/gnbram.gnative_mem_map_bmg.native_mem_map_blk_mem_gen/valid.cstr/ramloop[0].ram.r/prim_noinit.ram/dinb[0]
    RAMB36_X0Y2          RAMB36E1                                     r  main_top_i/com_side_wrapper_0/U0/com_side_i/block_test_0/blk_mem_gen_0/U0/inst_blk_mem_gen/gnbram.gnative_mem_map_bmg.native_mem_map_blk_mem_gen/valid.cstr/ramloop[0].ram.r/prim_noinit.ram/DEVICE_7SERIES.WITH_BMM_INFO.TRUE_DP.SIMPLE_PRIM36.TDP_SP36_NO_ECC_ATTR.ram/DIBDI[0]
  -------------------------------------------------------------------    -------------------

                         (clock com_side_wrapper_0_qlink_clk_o rise edge)
                                                      0.000     0.000 r  
    H11                                               0.000     0.000 r  CLK12_I (IN)
                         net (fo=0)                   0.000     0.000    CLK12_I
    H11                  IBUF (Prop_ibuf_I_O)         0.393     0.393 r  CLK12_I_IBUF_inst/O
                         net (fo=13, routed)          0.480     0.874    main_top_i/com_side_wrapper_0/U0/com_side_i/block_test_0/Sindri_QLink_top_0/U0/QLINK1/MMCM48_INST/CLK12_I
    MMCME2_ADV_X0Y0      MMCME2_ADV (Prop_mmcme2_adv_CLKIN1_CLKOUT0)
                                                      0.053     0.927 r  main_top_i/com_side_wrapper_0/U0/com_side_i/block_test_0/Sindri_QLink_top_0/U0/QLINK1/MMCM48_INST/MMCME2_BASE_inst/CLKOUT0
                         net (fo=1, routed)           0.505     1.431    main_top_i/com_side_wrapper_0/U0/com_side_i/block_test_0/Sindri_QLink_top_0/U0/QLINK1/MMCM48_INST/CLK
    BUFGCTRL_X0Y2        BUFG (Prop_bufg_I_O)         0.029     1.460 r  main_top_i/com_side_wrapper_0/U0/com_side_i/block_test_0/Sindri_QLink_top_0/U0/QLINK1/MMCM48_INST/CLK_BUFG_inst/O
                         net (fo=268, routed)         0.875     2.335    main_top_i/com_side_wrapper_0/U0/com_side_i/block_test_0/blk_mem_gen_0/U0/inst_blk_mem_gen/gnbram.gnative_mem_map_bmg.native_mem_map_blk_mem_gen/valid.cstr/ramloop[0].ram.r/prim_noinit.ram/clkb
    RAMB36_X0Y2          RAMB36E1                                     r  main_top_i/com_side_wrapper_0/U0/com_side_i/block_test_0/blk_mem_gen_0/U0/inst_blk_mem_gen/gnbram.gnative_mem_map_bmg.native_mem_map_blk_mem_gen/valid.cstr/ramloop[0].ram.r/prim_noinit.ram/DEVICE_7SERIES.WITH_BMM_INFO.TRUE_DP.SIMPLE_PRIM36.TDP_SP36_NO_ECC_ATTR.ram/CLKBWRCLK
                         clock pessimism             -0.187     2.148    
                         clock uncertainty            0.913     3.061    
    RAMB36_X0Y2          RAMB36E1 (Hold_ramb36e1_CLKBWRCLK_DIBDI[0])
                                                      0.296     3.357    main_top_i/com_side_wrapper_0/U0/com_side_i/block_test_0/blk_mem_gen_0/U0/inst_blk_mem_gen/gnbram.gnative_mem_map_bmg.native_mem_map_blk_mem_gen/valid.cstr/ramloop[0].ram.r/prim_noinit.ram/DEVICE_7SERIES.WITH_BMM_INFO.TRUE_DP.SIMPLE_PRIM36.TDP_SP36_NO_ECC_ATTR.ram
  -------------------------------------------------------------------
                         required time                         -3.357    
                         arrival time                           4.065    
  -------------------------------------------------------------------
                         slack                                  0.708    

Slack (MET) :             0.733ns  (arrival time - required time)
  Source:                 main_top_i/com_side_wrapper_0/U0/com_side_i/simple_button_fsm_0/U0/FSM_onehot_state_reg[2]/C
                            (rising edge-triggered cell FDRE clocked by CLK12_I  {rise@0.000ns fall@41.166ns period=83.333ns})
  Destination:            main_top_i/com_side_wrapper_0/U0/com_side_i/block_test_0/blk_mem_gen_0/U0/inst_blk_mem_gen/gnbram.gnative_mem_map_bmg.native_mem_map_blk_mem_gen/valid.cstr/ramloop[0].ram.r/prim_noinit.ram/DEVICE_7SERIES.WITH_BMM_INFO.TRUE_DP.SIMPLE_PRIM36.TDP_SP36_NO_ECC_ATTR.ram/DIBDI[1]
                            (rising edge-triggered cell RAMB36E1 clocked by com_side_wrapper_0_qlink_clk_o  {rise@0.000ns fall@10.417ns period=20.833ns})
  Path Group:             com_side_wrapper_0_qlink_clk_o
  Path Type:              Hold (Min at Fast Process Corner)
  Requirement:            0.000ns  (com_side_wrapper_0_qlink_clk_o rise@0.000ns - CLK12_I rise@0.000ns)
  Data Path Delay:        2.977ns  (logic 0.128ns (4.300%)  route 2.849ns (95.700%))
  Logic Levels:           0  
  Clock Path Skew:        1.088ns (DCD - SCD - CPR)
    Destination Clock Delay (DCD):    2.335ns
    Source Clock Delay      (SCD):    1.059ns
    Clock Pessimism Removal (CPR):    0.187ns
  Clock Uncertainty:      0.913ns  ((TSJ^2 + DJ^2)^1/2) / 2 + PE
    Total System Jitter     (TSJ):    0.071ns
    Discrete Jitter          (DJ):    0.481ns
    Phase Error              (PE):    0.670ns

    Location             Delay type                Incr(ns)  Path(ns)    Netlist Resource(s)
  -------------------------------------------------------------------    -------------------
                         (clock CLK12_I rise edge)    0.000     0.000 r  
    H11                                               0.000     0.000 r  CLK12_I (IN)
                         net (fo=0)                   0.000     0.000    CLK12_I
    H11                  IBUF (Prop_ibuf_I_O)         0.206     0.206 r  CLK12_I_IBUF_inst/O
                         net (fo=13, routed)          0.853     1.059    main_top_i/com_side_wrapper_0/U0/com_side_i/simple_button_fsm_0/U0/clk
    SLICE_X29Y11         FDRE                                         r  main_top_i/com_side_wrapper_0/U0/com_side_i/simple_button_fsm_0/U0/FSM_onehot_state_reg[2]/C
  -------------------------------------------------------------------    -------------------
    SLICE_X29Y11         FDRE (Prop_fdre_C_Q)         0.128     1.187 r  main_top_i/com_side_wrapper_0/U0/com_side_i/simple_button_fsm_0/U0/FSM_onehot_state_reg[2]/Q
                         net (fo=4, routed)           2.849     4.036    main_top_i/com_side_wrapper_0/U0/com_side_i/block_test_0/blk_mem_gen_0/U0/inst_blk_mem_gen/gnbram.gnative_mem_map_bmg.native_mem_map_blk_mem_gen/valid.cstr/ramloop[0].ram.r/prim_noinit.ram/dinb[1]
    RAMB36_X0Y2          RAMB36E1                                     r  main_top_i/com_side_wrapper_0/U0/com_side_i/block_test_0/blk_mem_gen_0/U0/inst_blk_mem_gen/gnbram.gnative_mem_map_bmg.native_mem_map_blk_mem_gen/valid.cstr/ramloop[0].ram.r/prim_noinit.ram/DEVICE_7SERIES.WITH_BMM_INFO.TRUE_DP.SIMPLE_PRIM36.TDP_SP36_NO_ECC_ATTR.ram/DIBDI[1]
  -------------------------------------------------------------------    -------------------

                         (clock com_side_wrapper_0_qlink_clk_o rise edge)
                                                      0.000     0.000 r  
    H11                                               0.000     0.000 r  CLK12_I (IN)
                         net (fo=0)                   0.000     0.000    CLK12_I
    H11                  IBUF (Prop_ibuf_I_O)         0.393     0.393 r  CLK12_I_IBUF_inst/O
                         net (fo=13, routed)          0.480     0.874    main_top_i/com_side_wrapper_0/U0/com_side_i/block_test_0/Sindri_QLink_top_0/U0/QLINK1/MMCM48_INST/CLK12_I
    MMCME2_ADV_X0Y0      MMCME2_ADV (Prop_mmcme2_adv_CLKIN1_CLKOUT0)
                                                      0.053     0.927 r  main_top_i/com_side_wrapper_0/U0/com_side_i/block_test_0/Sindri_QLink_top_0/U0/QLINK1/MMCM48_INST/MMCME2_BASE_inst/CLKOUT0
                         net (fo=1, routed)           0.505     1.431    main_top_i/com_side_wrapper_0/U0/com_side_i/block_test_0/Sindri_QLink_top_0/U0/QLINK1/MMCM48_INST/CLK
    BUFGCTRL_X0Y2        BUFG (Prop_bufg_I_O)         0.029     1.460 r  main_top_i/com_side_wrapper_0/U0/com_side_i/block_test_0/Sindri_QLink_top_0/U0/QLINK1/MMCM48_INST/CLK_BUFG_inst/O
                         net (fo=268, routed)         0.875     2.335    main_top_i/com_side_wrapper_0/U0/com_side_i/block_test_0/blk_mem_gen_0/U0/inst_blk_mem_gen/gnbram.gnative_mem_map_bmg.native_mem_map_blk_mem_gen/valid.cstr/ramloop[0].ram.r/prim_noinit.ram/clkb
    RAMB36_X0Y2          RAMB36E1                                     r  main_top_i/com_side_wrapper_0/U0/com_side_i/block_test_0/blk_mem_gen_0/U0/inst_blk_mem_gen/gnbram.gnative_mem_map_bmg.native_mem_map_blk_mem_gen/valid.cstr/ramloop[0].ram.r/prim_noinit.ram/DEVICE_7SERIES.WITH_BMM_INFO.TRUE_DP.SIMPLE_PRIM36.TDP_SP36_NO_ECC_ATTR.ram/CLKBWRCLK
                         clock pessimism             -0.187     2.148    
                         clock uncertainty            0.913     3.061    
    RAMB36_X0Y2          RAMB36E1 (Hold_ramb36e1_CLKBWRCLK_DIBDI[1])
                                                      0.242     3.303    main_top_i/com_side_wrapper_0/U0/com_side_i/block_test_0/blk_mem_gen_0/U0/inst_blk_mem_gen/gnbram.gnative_mem_map_bmg.native_mem_map_blk_mem_gen/valid.cstr/ramloop[0].ram.r/prim_noinit.ram/DEVICE_7SERIES.WITH_BMM_INFO.TRUE_DP.SIMPLE_PRIM36.TDP_SP36_NO_ECC_ATTR.ram
  -------------------------------------------------------------------
                         required time                         -3.303    
                         arrival time                           4.036    
  -------------------------------------------------------------------
                         slack                                  0.733    

Slack (MET) :             0.747ns  (arrival time - required time)
  Source:                 main_top_i/com_side_wrapper_0/U0/com_side_i/simple_button_fsm_3/U0/FSM_onehot_state_reg[2]/C
                            (rising edge-triggered cell FDRE clocked by CLK12_I  {rise@0.000ns fall@41.166ns period=83.333ns})
  Destination:            main_top_i/com_side_wrapper_0/U0/com_side_i/block_test_0/blk_mem_gen_0/U0/inst_blk_mem_gen/gnbram.gnative_mem_map_bmg.native_mem_map_blk_mem_gen/valid.cstr/ramloop[0].ram.r/prim_noinit.ram/DEVICE_7SERIES.WITH_BMM_INFO.TRUE_DP.SIMPLE_PRIM36.TDP_SP36_NO_ECC_ATTR.ram/DIBDI[5]
                            (rising edge-triggered cell RAMB36E1 clocked by com_side_wrapper_0_qlink_clk_o  {rise@0.000ns fall@10.417ns period=20.833ns})
  Path Group:             com_side_wrapper_0_qlink_clk_o
  Path Type:              Hold (Min at Fast Process Corner)
  Requirement:            0.000ns  (com_side_wrapper_0_qlink_clk_o rise@0.000ns - CLK12_I rise@0.000ns)
  Data Path Delay:        2.971ns  (logic 0.128ns (4.309%)  route 2.843ns (95.691%))
  Logic Levels:           0  
  Clock Path Skew:        1.068ns (DCD - SCD - CPR)
    Destination Clock Delay (DCD):    2.335ns
    Source Clock Delay      (SCD):    1.080ns
    Clock Pessimism Removal (CPR):    0.187ns
  Clock Uncertainty:      0.913ns  ((TSJ^2 + DJ^2)^1/2) / 2 + PE
    Total System Jitter     (TSJ):    0.071ns
    Discrete Jitter          (DJ):    0.481ns
    Phase Error              (PE):    0.670ns

    Location             Delay type                Incr(ns)  Path(ns)    Netlist Resource(s)
  -------------------------------------------------------------------    -------------------
                         (clock CLK12_I rise edge)    0.000     0.000 r  
    H11                                               0.000     0.000 r  CLK12_I (IN)
                         net (fo=0)                   0.000     0.000    CLK12_I
    H11                  IBUF (Prop_ibuf_I_O)         0.206     0.206 r  CLK12_I_IBUF_inst/O
                         net (fo=13, routed)          0.874     1.080    main_top_i/com_side_wrapper_0/U0/com_side_i/simple_button_fsm_3/U0/clk
    SLICE_X27Y13         FDRE                                         r  main_top_i/com_side_wrapper_0/U0/com_side_i/simple_button_fsm_3/U0/FSM_onehot_state_reg[2]/C
  -------------------------------------------------------------------    -------------------
    SLICE_X27Y13         FDRE (Prop_fdre_C_Q)         0.128     1.208 r  main_top_i/com_side_wrapper_0/U0/com_side_i/simple_button_fsm_3/U0/FSM_onehot_state_reg[2]/Q
                         net (fo=4, routed)           2.843     4.051    main_top_i/com_side_wrapper_0/U0/com_side_i/block_test_0/blk_mem_gen_0/U0/inst_blk_mem_gen/gnbram.gnative_mem_map_bmg.native_mem_map_blk_mem_gen/valid.cstr/ramloop[0].ram.r/prim_noinit.ram/dinb[5]
    RAMB36_X0Y2          RAMB36E1                                     r  main_top_i/com_side_wrapper_0/U0/com_side_i/block_test_0/blk_mem_gen_0/U0/inst_blk_mem_gen/gnbram.gnative_mem_map_bmg.native_mem_map_blk_mem_gen/valid.cstr/ramloop[0].ram.r/prim_noinit.ram/DEVICE_7SERIES.WITH_BMM_INFO.TRUE_DP.SIMPLE_PRIM36.TDP_SP36_NO_ECC_ATTR.ram/DIBDI[5]
  -------------------------------------------------------------------    -------------------

                         (clock com_side_wrapper_0_qlink_clk_o rise edge)
                                                      0.000     0.000 r  
    H11                                               0.000     0.000 r  CLK12_I (IN)
                         net (fo=0)                   0.000     0.000    CLK12_I
    H11                  IBUF (Prop_ibuf_I_O)         0.393     0.393 r  CLK12_I_IBUF_inst/O
                         net (fo=13, routed)          0.480     0.874    main_top_i/com_side_wrapper_0/U0/com_side_i/block_test_0/Sindri_QLink_top_0/U0/QLINK1/MMCM48_INST/CLK12_I
    MMCME2_ADV_X0Y0      MMCME2_ADV (Prop_mmcme2_adv_CLKIN1_CLKOUT0)
                                                      0.053     0.927 r  main_top_i/com_side_wrapper_0/U0/com_side_i/block_test_0/Sindri_QLink_top_0/U0/QLINK1/MMCM48_INST/MMCME2_BASE_inst/CLKOUT0
                         net (fo=1, routed)           0.505     1.431    main_top_i/com_side_wrapper_0/U0/com_side_i/block_test_0/Sindri_QLink_top_0/U0/QLINK1/MMCM48_INST/CLK
    BUFGCTRL_X0Y2        BUFG (Prop_bufg_I_O)         0.029     1.460 r  main_top_i/com_side_wrapper_0/U0/com_side_i/block_test_0/Sindri_QLink_top_0/U0/QLINK1/MMCM48_INST/CLK_BUFG_inst/O
                         net (fo=268, routed)         0.875     2.335    main_top_i/com_side_wrapper_0/U0/com_side_i/block_test_0/blk_mem_gen_0/U0/inst_blk_mem_gen/gnbram.gnative_mem_map_bmg.native_mem_map_blk_mem_gen/valid.cstr/ramloop[0].ram.r/prim_noinit.ram/clkb
    RAMB36_X0Y2          RAMB36E1                                     r  main_top_i/com_side_wrapper_0/U0/com_side_i/block_test_0/blk_mem_gen_0/U0/inst_blk_mem_gen/gnbram.gnative_mem_map_bmg.native_mem_map_blk_mem_gen/valid.cstr/ramloop[0].ram.r/prim_noinit.ram/DEVICE_7SERIES.WITH_BMM_INFO.TRUE_DP.SIMPLE_PRIM36.TDP_SP36_NO_ECC_ATTR.ram/CLKBWRCLK
                         clock pessimism             -0.187     2.148    
                         clock uncertainty            0.913     3.061    
    RAMB36_X0Y2          RAMB36E1 (Hold_ramb36e1_CLKBWRCLK_DIBDI[5])
                                                      0.243     3.304    main_top_i/com_side_wrapper_0/U0/com_side_i/block_test_0/blk_mem_gen_0/U0/inst_blk_mem_gen/gnbram.gnative_mem_map_bmg.native_mem_map_blk_mem_gen/valid.cstr/ramloop[0].ram.r/prim_noinit.ram/DEVICE_7SERIES.WITH_BMM_INFO.TRUE_DP.SIMPLE_PRIM36.TDP_SP36_NO_ECC_ATTR.ram
  -------------------------------------------------------------------
                         required time                         -3.304    
                         arrival time                           4.051    
  -------------------------------------------------------------------
                         slack                                  0.747    

Slack (MET) :             0.766ns  (arrival time - required time)
  Source:                 main_top_i/com_side_wrapper_0/U0/com_side_i/simple_button_fsm_3/U0/FSM_onehot_state_reg[1]/C
                            (rising edge-triggered cell FDRE clocked by CLK12_I  {rise@0.000ns fall@41.166ns period=83.333ns})
  Destination:            main_top_i/com_side_wrapper_0/U0/com_side_i/block_test_0/blk_mem_gen_0/U0/inst_blk_mem_gen/gnbram.gnative_mem_map_bmg.native_mem_map_blk_mem_gen/valid.cstr/ramloop[0].ram.r/prim_noinit.ram/DEVICE_7SERIES.WITH_BMM_INFO.TRUE_DP.SIMPLE_PRIM36.TDP_SP36_NO_ECC_ATTR.ram/DIBDI[4]
                            (rising edge-triggered cell RAMB36E1 clocked by com_side_wrapper_0_qlink_clk_o  {rise@0.000ns fall@10.417ns period=20.833ns})
  Path Group:             com_side_wrapper_0_qlink_clk_o
  Path Type:              Hold (Min at Fast Process Corner)
  Requirement:            0.000ns  (com_side_wrapper_0_qlink_clk_o rise@0.000ns - CLK12_I rise@0.000ns)
  Data Path Delay:        3.043ns  (logic 0.141ns (4.633%)  route 2.902ns (95.367%))
  Logic Levels:           0  
  Clock Path Skew:        1.068ns (DCD - SCD - CPR)
    Destination Clock Delay (DCD):    2.335ns
    Source Clock Delay      (SCD):    1.080ns
    Clock Pessimism Removal (CPR):    0.187ns
  Clock Uncertainty:      0.913ns  ((TSJ^2 + DJ^2)^1/2) / 2 + PE
    Total System Jitter     (TSJ):    0.071ns
    Discrete Jitter          (DJ):    0.481ns
    Phase Error              (PE):    0.670ns

    Location             Delay type                Incr(ns)  Path(ns)    Netlist Resource(s)
  -------------------------------------------------------------------    -------------------
                         (clock CLK12_I rise edge)    0.000     0.000 r  
    H11                                               0.000     0.000 r  CLK12_I (IN)
                         net (fo=0)                   0.000     0.000    CLK12_I
    H11                  IBUF (Prop_ibuf_I_O)         0.206     0.206 r  CLK12_I_IBUF_inst/O
                         net (fo=13, routed)          0.874     1.080    main_top_i/com_side_wrapper_0/U0/com_side_i/simple_button_fsm_3/U0/clk
    SLICE_X27Y13         FDRE                                         r  main_top_i/com_side_wrapper_0/U0/com_side_i/simple_button_fsm_3/U0/FSM_onehot_state_reg[1]/C
  -------------------------------------------------------------------    -------------------
    SLICE_X27Y13         FDRE (Prop_fdre_C_Q)         0.141     1.221 r  main_top_i/com_side_wrapper_0/U0/com_side_i/simple_button_fsm_3/U0/FSM_onehot_state_reg[1]/Q
                         net (fo=4, routed)           2.902     4.123    main_top_i/com_side_wrapper_0/U0/com_side_i/block_test_0/blk_mem_gen_0/U0/inst_blk_mem_gen/gnbram.gnative_mem_map_bmg.native_mem_map_blk_mem_gen/valid.cstr/ramloop[0].ram.r/prim_noinit.ram/dinb[4]
    RAMB36_X0Y2          RAMB36E1                                     r  main_top_i/com_side_wrapper_0/U0/com_side_i/block_test_0/blk_mem_gen_0/U0/inst_blk_mem_gen/gnbram.gnative_mem_map_bmg.native_mem_map_blk_mem_gen/valid.cstr/ramloop[0].ram.r/prim_noinit.ram/DEVICE_7SERIES.WITH_BMM_INFO.TRUE_DP.SIMPLE_PRIM36.TDP_SP36_NO_ECC_ATTR.ram/DIBDI[4]
  -------------------------------------------------------------------    -------------------

                         (clock com_side_wrapper_0_qlink_clk_o rise edge)
                                                      0.000     0.000 r  
    H11                                               0.000     0.000 r  CLK12_I (IN)
                         net (fo=0)                   0.000     0.000    CLK12_I
    H11                  IBUF (Prop_ibuf_I_O)         0.393     0.393 r  CLK12_I_IBUF_inst/O
                         net (fo=13, routed)          0.480     0.874    main_top_i/com_side_wrapper_0/U0/com_side_i/block_test_0/Sindri_QLink_top_0/U0/QLINK1/MMCM48_INST/CLK12_I
    MMCME2_ADV_X0Y0      MMCME2_ADV (Prop_mmcme2_adv_CLKIN1_CLKOUT0)
                                                      0.053     0.927 r  main_top_i/com_side_wrapper_0/U0/com_side_i/block_test_0/Sindri_QLink_top_0/U0/QLINK1/MMCM48_INST/MMCME2_BASE_inst/CLKOUT0
                         net (fo=1, routed)           0.505     1.431    main_top_i/com_side_wrapper_0/U0/com_side_i/block_test_0/Sindri_QLink_top_0/U0/QLINK1/MMCM48_INST/CLK
    BUFGCTRL_X0Y2        BUFG (Prop_bufg_I_O)         0.029     1.460 r  main_top_i/com_side_wrapper_0/U0/com_side_i/block_test_0/Sindri_QLink_top_0/U0/QLINK1/MMCM48_INST/CLK_BUFG_inst/O
                         net (fo=268, routed)         0.875     2.335    main_top_i/com_side_wrapper_0/U0/com_side_i/block_test_0/blk_mem_gen_0/U0/inst_blk_mem_gen/gnbram.gnative_mem_map_bmg.native_mem_map_blk_mem_gen/valid.cstr/ramloop[0].ram.r/prim_noinit.ram/clkb
    RAMB36_X0Y2          RAMB36E1                                     r  main_top_i/com_side_wrapper_0/U0/com_side_i/block_test_0/blk_mem_gen_0/U0/inst_blk_mem_gen/gnbram.gnative_mem_map_bmg.native_mem_map_blk_mem_gen/valid.cstr/ramloop[0].ram.r/prim_noinit.ram/DEVICE_7SERIES.WITH_BMM_INFO.TRUE_DP.SIMPLE_PRIM36.TDP_SP36_NO_ECC_ATTR.ram/CLKBWRCLK
                         clock pessimism             -0.187     2.148    
                         clock uncertainty            0.913     3.061    
    RAMB36_X0Y2          RAMB36E1 (Hold_ramb36e1_CLKBWRCLK_DIBDI[4])
                                                      0.296     3.357    main_top_i/com_side_wrapper_0/U0/com_side_i/block_test_0/blk_mem_gen_0/U0/inst_blk_mem_gen/gnbram.gnative_mem_map_bmg.native_mem_map_blk_mem_gen/valid.cstr/ramloop[0].ram.r/prim_noinit.ram/DEVICE_7SERIES.WITH_BMM_INFO.TRUE_DP.SIMPLE_PRIM36.TDP_SP36_NO_ECC_ATTR.ram
  -------------------------------------------------------------------
                         required time                         -3.357    
                         arrival time                           4.123    
  -------------------------------------------------------------------
                         slack                                  0.766    

Slack (MET) :             0.775ns  (arrival time - required time)
  Source:                 main_top_i/com_side_wrapper_0/U0/com_side_i/simple_button_fsm_2/U0/FSM_onehot_state_reg[1]/C
                            (rising edge-triggered cell FDRE clocked by CLK12_I  {rise@0.000ns fall@41.166ns period=83.333ns})
  Destination:            main_top_i/com_side_wrapper_0/U0/com_side_i/block_test_0/blk_mem_gen_0/U0/inst_blk_mem_gen/gnbram.gnative_mem_map_bmg.native_mem_map_blk_mem_gen/valid.cstr/ramloop[0].ram.r/prim_noinit.ram/DEVICE_7SERIES.WITH_BMM_INFO.TRUE_DP.SIMPLE_PRIM36.TDP_SP36_NO_ECC_ATTR.ram/DIBDI[6]
                            (rising edge-triggered cell RAMB36E1 clocked by com_side_wrapper_0_qlink_clk_o  {rise@0.000ns fall@10.417ns period=20.833ns})
  Path Group:             com_side_wrapper_0_qlink_clk_o
  Path Type:              Hold (Min at Fast Process Corner)
  Requirement:            0.000ns  (com_side_wrapper_0_qlink_clk_o rise@0.000ns - CLK12_I rise@0.000ns)
  Data Path Delay:        3.052ns  (logic 0.141ns (4.621%)  route 2.911ns (95.379%))
  Logic Levels:           0  
  Clock Path Skew:        1.068ns (DCD - SCD - CPR)
    Destination Clock Delay (DCD):    2.335ns
    Source Clock Delay      (SCD):    1.080ns
    Clock Pessimism Removal (CPR):    0.187ns
  Clock Uncertainty:      0.913ns  ((TSJ^2 + DJ^2)^1/2) / 2 + PE
    Total System Jitter     (TSJ):    0.071ns
    Discrete Jitter          (DJ):    0.481ns
    Phase Error              (PE):    0.670ns

    Location             Delay type                Incr(ns)  Path(ns)    Netlist Resource(s)
  -------------------------------------------------------------------    -------------------
                         (clock CLK12_I rise edge)    0.000     0.000 r  
    H11                                               0.000     0.000 r  CLK12_I (IN)
                         net (fo=0)                   0.000     0.000    CLK12_I
    H11                  IBUF (Prop_ibuf_I_O)         0.206     0.206 r  CLK12_I_IBUF_inst/O
                         net (fo=13, routed)          0.874     1.080    main_top_i/com_side_wrapper_0/U0/com_side_i/simple_button_fsm_2/U0/clk
    SLICE_X27Y13         FDRE                                         r  main_top_i/com_side_wrapper_0/U0/com_side_i/simple_button_fsm_2/U0/FSM_onehot_state_reg[1]/C
  -------------------------------------------------------------------    -------------------
    SLICE_X27Y13         FDRE (Prop_fdre_C_Q)         0.141     1.221 r  main_top_i/com_side_wrapper_0/U0/com_side_i/simple_button_fsm_2/U0/FSM_onehot_state_reg[1]/Q
                         net (fo=4, routed)           2.911     4.131    main_top_i/com_side_wrapper_0/U0/com_side_i/block_test_0/blk_mem_gen_0/U0/inst_blk_mem_gen/gnbram.gnative_mem_map_bmg.native_mem_map_blk_mem_gen/valid.cstr/ramloop[0].ram.r/prim_noinit.ram/dinb[6]
    RAMB36_X0Y2          RAMB36E1                                     r  main_top_i/com_side_wrapper_0/U0/com_side_i/block_test_0/blk_mem_gen_0/U0/inst_blk_mem_gen/gnbram.gnative_mem_map_bmg.native_mem_map_blk_mem_gen/valid.cstr/ramloop[0].ram.r/prim_noinit.ram/DEVICE_7SERIES.WITH_BMM_INFO.TRUE_DP.SIMPLE_PRIM36.TDP_SP36_NO_ECC_ATTR.ram/DIBDI[6]
  -------------------------------------------------------------------    -------------------

                         (clock com_side_wrapper_0_qlink_clk_o rise edge)
                                                      0.000     0.000 r  
    H11                                               0.000     0.000 r  CLK12_I (IN)
                         net (fo=0)                   0.000     0.000    CLK12_I
    H11                  IBUF (Prop_ibuf_I_O)         0.393     0.393 r  CLK12_I_IBUF_inst/O
                         net (fo=13, routed)          0.480     0.874    main_top_i/com_side_wrapper_0/U0/com_side_i/block_test_0/Sindri_QLink_top_0/U0/QLINK1/MMCM48_INST/CLK12_I
    MMCME2_ADV_X0Y0      MMCME2_ADV (Prop_mmcme2_adv_CLKIN1_CLKOUT0)
                                                      0.053     0.927 r  main_top_i/com_side_wrapper_0/U0/com_side_i/block_test_0/Sindri_QLink_top_0/U0/QLINK1/MMCM48_INST/MMCME2_BASE_inst/CLKOUT0
                         net (fo=1, routed)           0.505     1.431    main_top_i/com_side_wrapper_0/U0/com_side_i/block_test_0/Sindri_QLink_top_0/U0/QLINK1/MMCM48_INST/CLK
    BUFGCTRL_X0Y2        BUFG (Prop_bufg_I_O)         0.029     1.460 r  main_top_i/com_side_wrapper_0/U0/com_side_i/block_test_0/Sindri_QLink_top_0/U0/QLINK1/MMCM48_INST/CLK_BUFG_inst/O
                         net (fo=268, routed)         0.875     2.335    main_top_i/com_side_wrapper_0/U0/com_side_i/block_test_0/blk_mem_gen_0/U0/inst_blk_mem_gen/gnbram.gnative_mem_map_bmg.native_mem_map_blk_mem_gen/valid.cstr/ramloop[0].ram.r/prim_noinit.ram/clkb
    RAMB36_X0Y2          RAMB36E1                                     r  main_top_i/com_side_wrapper_0/U0/com_side_i/block_test_0/blk_mem_gen_0/U0/inst_blk_mem_gen/gnbram.gnative_mem_map_bmg.native_mem_map_blk_mem_gen/valid.cstr/ramloop[0].ram.r/prim_noinit.ram/DEVICE_7SERIES.WITH_BMM_INFO.TRUE_DP.SIMPLE_PRIM36.TDP_SP36_NO_ECC_ATTR.ram/CLKBWRCLK
                         clock pessimism             -0.187     2.148    
                         clock uncertainty            0.913     3.061    
    RAMB36_X0Y2          RAMB36E1 (Hold_ramb36e1_CLKBWRCLK_DIBDI[6])
                                                      0.296     3.357    main_top_i/com_side_wrapper_0/U0/com_side_i/block_test_0/blk_mem_gen_0/U0/inst_blk_mem_gen/gnbram.gnative_mem_map_bmg.native_mem_map_blk_mem_gen/valid.cstr/ramloop[0].ram.r/prim_noinit.ram/DEVICE_7SERIES.WITH_BMM_INFO.TRUE_DP.SIMPLE_PRIM36.TDP_SP36_NO_ECC_ATTR.ram
  -------------------------------------------------------------------
                         required time                         -3.357    
                         arrival time                           4.131    
  -------------------------------------------------------------------
                         slack                                  0.775    





