Copyright 1986-2022 Xilinx, Inc. All Rights Reserved. Copyright 2022-2025 Advanced Micro Devices, Inc. All Rights Reserved.
-----------------------------------------------------------------------------------------------------------------------------------------------------------------------------------------------------------
| Tool Version : Vivado v.2025.2 (lin64) Build 6299465 Fri Nov 14 12:34:56 MST 2025
| Date         : Mon Mar  9 11:09:09 2026
| Host         : kasper-ubuntu-pc running 64-bit Ubuntu 22.04.5 LTS
| Command      : report_timing_summary -max_paths 10 -file receiver_top_timing_summary_routed.rpt -pb receiver_top_timing_summary_routed.pb -rpx receiver_top_timing_summary_routed.rpx -warn_on_violation
| Design       : receiver_top
| Device       : 7s15-ftgb196
| Speed File   : -1  PRODUCTION 1.23 2018-06-13
| Design State : Routed
-----------------------------------------------------------------------------------------------------------------------------------------------------------------------------------------------------------

Timing Summary Report

------------------------------------------------------------------------------------------------
| Timer Settings
| --------------
------------------------------------------------------------------------------------------------

  Enable Multi Corner Analysis               :  Yes
  Enable Pessimism Removal                   :  Yes
  Pessimism Removal Resolution               :  Nearest Common Node
  Enable Input Delay Default Clock           :  No
  Enable Preset / Clear Arcs                 :  No
  Disable Flight Delays                      :  No
  Ignore I/O Paths                           :  No
  Timing Early Launch at Borrowing Latches   :  No
  Borrow Time for Max Delay Exceptions       :  Yes
  Merge Timing Exceptions                    :  Yes
  Inter-SLR Compensation                     :  Conservative

  Corner  Analyze    Analyze    
  Name    Max Paths  Min Paths  
  ------  ---------  ---------  
  Slow    Yes        Yes        
  Fast    Yes        Yes        


------------------------------------------------------------------------------------------------
| Report Methodology
| ------------------
------------------------------------------------------------------------------------------------

Rule    Severity  Description                                           Violations  
------  --------  ----------------------------------------------------  ----------  
XDCC-4  Warning   User Clock constraint overwritten with the same name  1           
XDCC-8  Warning   User Clock constraint overwritten on the same source  1           

Note: This report is based on the most recent report_methodology run and may not be up-to-date. Run report_methodology on the current design for the latest report.



check_timing report

Table of Contents
-----------------
1. checking no_clock (0)
2. checking constant_clock (0)
3. checking pulse_width_clock (0)
4. checking unconstrained_internal_endpoints (0)
5. checking no_input_delay (1)
6. checking no_output_delay (10)
7. checking multiple_clock (0)
8. checking generated_clocks (0)
9. checking loops (0)
10. checking partial_input_delay (0)
11. checking partial_output_delay (0)
12. checking latch_loops (0)

1. checking no_clock (0)
------------------------
 There are 0 register/latch pins with no clock.


2. checking constant_clock (0)
------------------------------
 There are 0 register/latch pins with constant_clock.


3. checking pulse_width_clock (0)
---------------------------------
 There are 0 register/latch pins which need pulse_width check


4. checking unconstrained_internal_endpoints (0)
------------------------------------------------
 There are 0 pins that are not constrained for maximum delay.

 There are 0 pins that are not constrained for maximum delay due to constant clock.


5. checking no_input_delay (1)
------------------------------
 There is 1 input port with no input delay specified. (HIGH)

 There are 0 input ports with no input delay but user has a false path constraint.


6. checking no_output_delay (10)
--------------------------------
 There are 10 ports with no output delay specified. (HIGH)

 There are 0 ports with no output delay but user has a false path constraint

 There are 0 ports with no output delay but with a timing clock defined on it or propagating through it


7. checking multiple_clock (0)
------------------------------
 There are 0 register/latch pins with multiple clocks.


8. checking generated_clocks (0)
--------------------------------
 There are 0 generated clocks that are not connected to a clock source.


9. checking loops (0)
---------------------
 There are 0 combinational loops in the design.


10. checking partial_input_delay (0)
------------------------------------
 There are 0 input ports with partial input delay specified.


11. checking partial_output_delay (0)
-------------------------------------
 There are 0 ports with partial output delay specified.


12. checking latch_loops (0)
----------------------------
 There are 0 combinational latch loops in the design through latch input



------------------------------------------------------------------------------------------------
| Design Timing Summary
| ---------------------
------------------------------------------------------------------------------------------------

    WNS(ns)      TNS(ns)  TNS Failing Endpoints  TNS Total Endpoints      WHS(ns)      THS(ns)  THS Failing Endpoints  THS Total Endpoints     WPWS(ns)     TPWS(ns)  TPWS Failing Endpoints  TPWS Total Endpoints  
    -------      -------  ---------------------  -------------------      -------      -------  ---------------------  -------------------     --------     --------  ----------------------  --------------------  
     55.937        0.000                      0                  525        0.142        0.000                      0                  525       15.000        0.000                       0                   208  


All user specified timing constraints are met.


------------------------------------------------------------------------------------------------
| Clock Summary
| -------------
------------------------------------------------------------------------------------------------

Clock           Waveform(ns)       Period(ns)      Frequency(MHz)
-----           ------------       ----------      --------------
CLK100_I        {0.000 20.000}     40.000          25.000          
  clk48         {0.000 31.250}     62.500          16.000          
  clk_feedback  {0.000 20.000}     40.000          25.000          


------------------------------------------------------------------------------------------------
| Intra Clock Table
| -----------------
------------------------------------------------------------------------------------------------

Clock               WNS(ns)      TNS(ns)  TNS Failing Endpoints  TNS Total Endpoints      WHS(ns)      THS(ns)  THS Failing Endpoints  THS Total Endpoints     WPWS(ns)     TPWS(ns)  TPWS Failing Endpoints  TPWS Total Endpoints  
-----               -------      -------  ---------------------  -------------------      -------      -------  ---------------------  -------------------     --------     --------  ----------------------  --------------------  
CLK100_I                                                                                                                                                         15.000        0.000                       0                     1  
  clk48              55.937        0.000                      0                  525        0.142        0.000                      0                  525       30.750        0.000                       0                   205  
  clk_feedback                                                                                                                                                   38.751        0.000                       0                     2  


------------------------------------------------------------------------------------------------
| Inter Clock Table
| -----------------
------------------------------------------------------------------------------------------------

From Clock    To Clock          WNS(ns)      TNS(ns)  TNS Failing Endpoints  TNS Total Endpoints      WHS(ns)      THS(ns)  THS Failing Endpoints  THS Total Endpoints  
----------    --------          -------      -------  ---------------------  -------------------      -------      -------  ---------------------  -------------------  


------------------------------------------------------------------------------------------------
| Other Path Groups Table
| -----------------------
------------------------------------------------------------------------------------------------

Path Group    From Clock    To Clock          WNS(ns)      TNS(ns)  TNS Failing Endpoints  TNS Total Endpoints      WHS(ns)      THS(ns)  THS Failing Endpoints  THS Total Endpoints  
----------    ----------    --------          -------      -------  ---------------------  -------------------      -------      -------  ---------------------  -------------------  


------------------------------------------------------------------------------------------------
| Timing Details
| --------------
------------------------------------------------------------------------------------------------


---------------------------------------------------------------------------------------------------
From Clock:  CLK100_I
  To Clock:  CLK100_I

Setup :           NA  Failing Endpoints,  Worst Slack           NA  ,  Total Violation           NA
Hold  :           NA  Failing Endpoints,  Worst Slack           NA  ,  Total Violation           NA
PW    :            0  Failing Endpoints,  Worst Slack       15.000ns,  Total Violation        0.000ns
---------------------------------------------------------------------------------------------------


Pulse Width Checks
--------------------------------------------------------------------------------------
Clock Name:         CLK100_I
Waveform(ns):       { 0.000 20.000 }
Period(ns):         40.000
Sources:            { CLK100_I }

Check Type        Corner  Lib Pin            Reference Pin  Required(ns)  Actual(ns)  Slack(ns)  Location         Pin
Min Period        n/a     MMCME2_ADV/CLKIN1  n/a            1.249         40.000      38.751     MMCME2_ADV_X0Y0  QLINK1/MMCM48_INST/MMCME2_BASE_inst/CLKIN1
Max Period        n/a     MMCME2_ADV/CLKIN1  n/a            100.000       40.000      60.000     MMCME2_ADV_X0Y0  QLINK1/MMCM48_INST/MMCME2_BASE_inst/CLKIN1
Low Pulse Width   Slow    MMCME2_ADV/CLKIN1  n/a            5.000         20.000      15.000     MMCME2_ADV_X0Y0  QLINK1/MMCM48_INST/MMCME2_BASE_inst/CLKIN1
Low Pulse Width   Fast    MMCME2_ADV/CLKIN1  n/a            5.000         20.000      15.000     MMCME2_ADV_X0Y0  QLINK1/MMCM48_INST/MMCME2_BASE_inst/CLKIN1
High Pulse Width  Slow    MMCME2_ADV/CLKIN1  n/a            5.000         20.000      15.000     MMCME2_ADV_X0Y0  QLINK1/MMCM48_INST/MMCME2_BASE_inst/CLKIN1
High Pulse Width  Fast    MMCME2_ADV/CLKIN1  n/a            5.000         20.000      15.000     MMCME2_ADV_X0Y0  QLINK1/MMCM48_INST/MMCME2_BASE_inst/CLKIN1



---------------------------------------------------------------------------------------------------
From Clock:  clk48
  To Clock:  clk48

Setup :            0  Failing Endpoints,  Worst Slack       55.937ns,  Total Violation        0.000ns
Hold  :            0  Failing Endpoints,  Worst Slack        0.142ns,  Total Violation        0.000ns
PW    :            0  Failing Endpoints,  Worst Slack       30.750ns,  Total Violation        0.000ns
---------------------------------------------------------------------------------------------------


Max Delay Paths
--------------------------------------------------------------------------------------
Slack (MET) :             55.937ns  (required time - arrival time)
  Source:                 QLINK1/U1/nxt_data_reg[1]/C
                            (rising edge-triggered cell FDRE clocked by clk48  {rise@0.000ns fall@31.250ns period=62.500ns})
  Destination:            QLINK1/data32_reg[31]/D
                            (rising edge-triggered cell FDRE clocked by clk48  {rise@0.000ns fall@31.250ns period=62.500ns})
  Path Group:             clk48
  Path Type:              Setup (Max at Slow Process Corner)
  Requirement:            62.500ns  (clk48 rise@62.500ns - clk48 rise@0.000ns)
  Data Path Delay:        6.111ns  (logic 1.438ns (23.530%)  route 4.673ns (76.470%))
  Logic Levels:           4  (LUT3=1 LUT4=1 LUT5=1 LUT6=1)
  Clock Path Skew:        -0.035ns (DCD - SCD + CPR)
    Destination Clock Delay (DCD):    5.811ns = ( 68.311 - 62.500 ) 
    Source Clock Delay      (SCD):    6.156ns
    Clock Pessimism Removal (CPR):    0.311ns
  Clock Uncertainty:      0.146ns  ((TSJ^2 + DJ^2)^1/2) / 2 + PE
    Total System Jitter     (TSJ):    0.071ns
    Discrete Jitter          (DJ):    0.283ns
    Phase Error              (PE):    0.000ns

    Location             Delay type                Incr(ns)  Path(ns)    Netlist Resource(s)
  -------------------------------------------------------------------    -------------------
                         (clock clk48 rise edge)      0.000     0.000 r  
    G11                                               0.000     0.000 r  CLK100_I (IN)
                         net (fo=0)                   0.000     0.000    CLK100_I
    G11                  IBUF (Prop_ibuf_I_O)         1.432     1.432 r  CLK100_I_IBUF_inst/O
                         net (fo=1, routed)           1.233     2.665    QLINK1/MMCM48_INST/CLK100_I_IBUF
    MMCME2_ADV_X0Y0      MMCME2_ADV (Prop_mmcme2_adv_CLKIN1_CLKOUT0)
                                                      0.088     2.753 r  QLINK1/MMCM48_INST/MMCME2_BASE_inst/CLKOUT0
                         net (fo=1, routed)           1.622     4.376    clk48
    BUFGCTRL_X0Y0        BUFG (Prop_bufg_I_O)         0.096     4.472 r  clk48_BUFG_inst/O
                         net (fo=203, routed)         1.684     6.156    QLINK1/U1/clk48_BUFG
    SLICE_X33Y21         FDRE                                         r  QLINK1/U1/nxt_data_reg[1]/C
  -------------------------------------------------------------------    -------------------
    SLICE_X33Y21         FDRE (Prop_fdre_C_Q)         0.456     6.612 r  QLINK1/U1/nxt_data_reg[1]/Q
                         net (fo=14, routed)          2.035     8.647    QLINK1/U1/dec_data[1]
    SLICE_X33Y24         LUT5 (Prop_lut5_I1_O)        0.152     8.799 r  QLINK1/U1/adr[4]_i_3/O
                         net (fo=3, routed)           0.183     8.982    QLINK1/U1/adr[4]_i_3_n_0
    SLICE_X33Y24         LUT6 (Prop_lut6_I5_O)        0.326     9.308 f  QLINK1/U1/FSM_onehot_rx_state[17]_i_3/O
                         net (fo=3, routed)           0.636     9.944    QLINK1/U1/FSM_onehot_rx_state[17]_i_3_n_0
    SLICE_X35Y24         LUT3 (Prop_lut3_I0_O)        0.150    10.094 f  QLINK1/U1/adr[7]_i_3/O
                         net (fo=10, routed)          1.342    11.436    QLINK1/U1/adr[7]_i_3_n_0
    SLICE_X37Y21         LUT4 (Prop_lut4_I2_O)        0.354    11.790 r  QLINK1/U1/data32[31]_i_2/O
                         net (fo=1, routed)           0.478    12.268    QLINK1/U1_n_1
    SLICE_X37Y20         FDRE                                         r  QLINK1/data32_reg[31]/D
  -------------------------------------------------------------------    -------------------

                         (clock clk48 rise edge)     62.500    62.500 r  
    G11                                               0.000    62.500 r  CLK100_I (IN)
                         net (fo=0)                   0.000    62.500    CLK100_I
    G11                  IBUF (Prop_ibuf_I_O)         1.362    63.862 r  CLK100_I_IBUF_inst/O
                         net (fo=1, routed)           1.162    65.024    QLINK1/MMCM48_INST/CLK100_I_IBUF
    MMCME2_ADV_X0Y0      MMCME2_ADV (Prop_mmcme2_adv_CLKIN1_CLKOUT0)
                                                      0.083    65.107 r  QLINK1/MMCM48_INST/MMCME2_BASE_inst/CLKOUT0
                         net (fo=1, routed)           1.543    66.650    clk48
    BUFGCTRL_X0Y0        BUFG (Prop_bufg_I_O)         0.091    66.741 r  clk48_BUFG_inst/O
                         net (fo=203, routed)         1.569    68.311    QLINK1/clk48_BUFG
    SLICE_X37Y20         FDRE                                         r  QLINK1/data32_reg[31]/C
                         clock pessimism              0.311    68.621    
                         clock uncertainty           -0.146    68.475    
    SLICE_X37Y20         FDRE (Setup_fdre_C_D)       -0.270    68.205    QLINK1/data32_reg[31]
  -------------------------------------------------------------------
                         required time                         68.205    
                         arrival time                         -12.268    
  -------------------------------------------------------------------
                         slack                                 55.937    

Slack (MET) :             56.153ns  (required time - arrival time)
  Source:                 QLINK1/U1/nxt_data_reg[1]/C
                            (rising edge-triggered cell FDRE clocked by clk48  {rise@0.000ns fall@31.250ns period=62.500ns})
  Destination:            QLINK1/adr_reg[0]/CE
                            (rising edge-triggered cell FDRE clocked by clk48  {rise@0.000ns fall@31.250ns period=62.500ns})
  Path Group:             clk48
  Path Type:              Setup (Max at Slow Process Corner)
  Requirement:            62.500ns  (clk48 rise@62.500ns - clk48 rise@0.000ns)
  Data Path Delay:        5.752ns  (logic 1.207ns (20.985%)  route 4.545ns (79.015%))
  Logic Levels:           4  (LUT3=1 LUT5=2 LUT6=1)
  Clock Path Skew:        -0.036ns (DCD - SCD + CPR)
    Destination Clock Delay (DCD):    5.810ns = ( 68.310 - 62.500 ) 
    Source Clock Delay      (SCD):    6.156ns
    Clock Pessimism Removal (CPR):    0.311ns
  Clock Uncertainty:      0.146ns  ((TSJ^2 + DJ^2)^1/2) / 2 + PE
    Total System Jitter     (TSJ):    0.071ns
    Discrete Jitter          (DJ):    0.283ns
    Phase Error              (PE):    0.000ns

    Location             Delay type                Incr(ns)  Path(ns)    Netlist Resource(s)
  -------------------------------------------------------------------    -------------------
                         (clock clk48 rise edge)      0.000     0.000 r  
    G11                                               0.000     0.000 r  CLK100_I (IN)
                         net (fo=0)                   0.000     0.000    CLK100_I
    G11                  IBUF (Prop_ibuf_I_O)         1.432     1.432 r  CLK100_I_IBUF_inst/O
                         net (fo=1, routed)           1.233     2.665    QLINK1/MMCM48_INST/CLK100_I_IBUF
    MMCME2_ADV_X0Y0      MMCME2_ADV (Prop_mmcme2_adv_CLKIN1_CLKOUT0)
                                                      0.088     2.753 r  QLINK1/MMCM48_INST/MMCME2_BASE_inst/CLKOUT0
                         net (fo=1, routed)           1.622     4.376    clk48
    BUFGCTRL_X0Y0        BUFG (Prop_bufg_I_O)         0.096     4.472 r  clk48_BUFG_inst/O
                         net (fo=203, routed)         1.684     6.156    QLINK1/U1/clk48_BUFG
    SLICE_X33Y21         FDRE                                         r  QLINK1/U1/nxt_data_reg[1]/C
  -------------------------------------------------------------------    -------------------
    SLICE_X33Y21         FDRE (Prop_fdre_C_Q)         0.456     6.612 r  QLINK1/U1/nxt_data_reg[1]/Q
                         net (fo=14, routed)          2.035     8.647    QLINK1/U1/dec_data[1]
    SLICE_X33Y24         LUT5 (Prop_lut5_I1_O)        0.152     8.799 r  QLINK1/U1/adr[4]_i_3/O
                         net (fo=3, routed)           0.183     8.982    QLINK1/U1/adr[4]_i_3_n_0
    SLICE_X33Y24         LUT6 (Prop_lut6_I5_O)        0.326     9.308 f  QLINK1/U1/FSM_onehot_rx_state[17]_i_3/O
                         net (fo=3, routed)           0.636     9.944    QLINK1/U1/FSM_onehot_rx_state[17]_i_3_n_0
    SLICE_X35Y24         LUT5 (Prop_lut5_I0_O)        0.124    10.068 f  QLINK1/U1/FSM_onehot_rx_state[17]_i_2/O
                         net (fo=23, routed)          1.070    11.138    QLINK1/U1/FSM_onehot_rx_state[17]_i_2_n_0
    SLICE_X37Y22         LUT3 (Prop_lut3_I2_O)        0.149    11.287 r  QLINK1/U1/adr[3]_i_1/O
                         net (fo=4, routed)           0.621    11.908    QLINK1/U1_n_68
    SLICE_X36Y21         FDRE                                         r  QLINK1/adr_reg[0]/CE
  -------------------------------------------------------------------    -------------------

                         (clock clk48 rise edge)     62.500    62.500 r  
    G11                                               0.000    62.500 r  CLK100_I (IN)
                         net (fo=0)                   0.000    62.500    CLK100_I
    G11                  IBUF (Prop_ibuf_I_O)         1.362    63.862 r  CLK100_I_IBUF_inst/O
                         net (fo=1, routed)           1.162    65.024    QLINK1/MMCM48_INST/CLK100_I_IBUF
    MMCME2_ADV_X0Y0      MMCME2_ADV (Prop_mmcme2_adv_CLKIN1_CLKOUT0)
                                                      0.083    65.107 r  QLINK1/MMCM48_INST/MMCME2_BASE_inst/CLKOUT0
                         net (fo=1, routed)           1.543    66.650    clk48
    BUFGCTRL_X0Y0        BUFG (Prop_bufg_I_O)         0.091    66.741 r  clk48_BUFG_inst/O
                         net (fo=203, routed)         1.568    68.310    QLINK1/clk48_BUFG
    SLICE_X36Y21         FDRE                                         r  QLINK1/adr_reg[0]/C
                         clock pessimism              0.311    68.620    
                         clock uncertainty           -0.146    68.474    
    SLICE_X36Y21         FDRE (Setup_fdre_C_CE)      -0.413    68.061    QLINK1/adr_reg[0]
  -------------------------------------------------------------------
                         required time                         68.061    
                         arrival time                         -11.908    
  -------------------------------------------------------------------
                         slack                                 56.153    

Slack (MET) :             56.153ns  (required time - arrival time)
  Source:                 QLINK1/U1/nxt_data_reg[1]/C
                            (rising edge-triggered cell FDRE clocked by clk48  {rise@0.000ns fall@31.250ns period=62.500ns})
  Destination:            QLINK1/adr_reg[1]/CE
                            (rising edge-triggered cell FDRE clocked by clk48  {rise@0.000ns fall@31.250ns period=62.500ns})
  Path Group:             clk48
  Path Type:              Setup (Max at Slow Process Corner)
  Requirement:            62.500ns  (clk48 rise@62.500ns - clk48 rise@0.000ns)
  Data Path Delay:        5.752ns  (logic 1.207ns (20.985%)  route 4.545ns (79.015%))
  Logic Levels:           4  (LUT3=1 LUT5=2 LUT6=1)
  Clock Path Skew:        -0.036ns (DCD - SCD + CPR)
    Destination Clock Delay (DCD):    5.810ns = ( 68.310 - 62.500 ) 
    Source Clock Delay      (SCD):    6.156ns
    Clock Pessimism Removal (CPR):    0.311ns
  Clock Uncertainty:      0.146ns  ((TSJ^2 + DJ^2)^1/2) / 2 + PE
    Total System Jitter     (TSJ):    0.071ns
    Discrete Jitter          (DJ):    0.283ns
    Phase Error              (PE):    0.000ns

    Location             Delay type                Incr(ns)  Path(ns)    Netlist Resource(s)
  -------------------------------------------------------------------    -------------------
                         (clock clk48 rise edge)      0.000     0.000 r  
    G11                                               0.000     0.000 r  CLK100_I (IN)
                         net (fo=0)                   0.000     0.000    CLK100_I
    G11                  IBUF (Prop_ibuf_I_O)         1.432     1.432 r  CLK100_I_IBUF_inst/O
                         net (fo=1, routed)           1.233     2.665    QLINK1/MMCM48_INST/CLK100_I_IBUF
    MMCME2_ADV_X0Y0      MMCME2_ADV (Prop_mmcme2_adv_CLKIN1_CLKOUT0)
                                                      0.088     2.753 r  QLINK1/MMCM48_INST/MMCME2_BASE_inst/CLKOUT0
                         net (fo=1, routed)           1.622     4.376    clk48
    BUFGCTRL_X0Y0        BUFG (Prop_bufg_I_O)         0.096     4.472 r  clk48_BUFG_inst/O
                         net (fo=203, routed)         1.684     6.156    QLINK1/U1/clk48_BUFG
    SLICE_X33Y21         FDRE                                         r  QLINK1/U1/nxt_data_reg[1]/C
  -------------------------------------------------------------------    -------------------
    SLICE_X33Y21         FDRE (Prop_fdre_C_Q)         0.456     6.612 r  QLINK1/U1/nxt_data_reg[1]/Q
                         net (fo=14, routed)          2.035     8.647    QLINK1/U1/dec_data[1]
    SLICE_X33Y24         LUT5 (Prop_lut5_I1_O)        0.152     8.799 r  QLINK1/U1/adr[4]_i_3/O
                         net (fo=3, routed)           0.183     8.982    QLINK1/U1/adr[4]_i_3_n_0
    SLICE_X33Y24         LUT6 (Prop_lut6_I5_O)        0.326     9.308 f  QLINK1/U1/FSM_onehot_rx_state[17]_i_3/O
                         net (fo=3, routed)           0.636     9.944    QLINK1/U1/FSM_onehot_rx_state[17]_i_3_n_0
    SLICE_X35Y24         LUT5 (Prop_lut5_I0_O)        0.124    10.068 f  QLINK1/U1/FSM_onehot_rx_state[17]_i_2/O
                         net (fo=23, routed)          1.070    11.138    QLINK1/U1/FSM_onehot_rx_state[17]_i_2_n_0
    SLICE_X37Y22         LUT3 (Prop_lut3_I2_O)        0.149    11.287 r  QLINK1/U1/adr[3]_i_1/O
                         net (fo=4, routed)           0.621    11.908    QLINK1/U1_n_68
    SLICE_X36Y21         FDRE                                         r  QLINK1/adr_reg[1]/CE
  -------------------------------------------------------------------    -------------------

                         (clock clk48 rise edge)     62.500    62.500 r  
    G11                                               0.000    62.500 r  CLK100_I (IN)
                         net (fo=0)                   0.000    62.500    CLK100_I
    G11                  IBUF (Prop_ibuf_I_O)         1.362    63.862 r  CLK100_I_IBUF_inst/O
                         net (fo=1, routed)           1.162    65.024    QLINK1/MMCM48_INST/CLK100_I_IBUF
    MMCME2_ADV_X0Y0      MMCME2_ADV (Prop_mmcme2_adv_CLKIN1_CLKOUT0)
                                                      0.083    65.107 r  QLINK1/MMCM48_INST/MMCME2_BASE_inst/CLKOUT0
                         net (fo=1, routed)           1.543    66.650    clk48
    BUFGCTRL_X0Y0        BUFG (Prop_bufg_I_O)         0.091    66.741 r  clk48_BUFG_inst/O
                         net (fo=203, routed)         1.568    68.310    QLINK1/clk48_BUFG
    SLICE_X36Y21         FDRE                                         r  QLINK1/adr_reg[1]/C
                         clock pessimism              0.311    68.620    
                         clock uncertainty           -0.146    68.474    
    SLICE_X36Y21         FDRE (Setup_fdre_C_CE)      -0.413    68.061    QLINK1/adr_reg[1]
  -------------------------------------------------------------------
                         required time                         68.061    
                         arrival time                         -11.908    
  -------------------------------------------------------------------
                         slack                                 56.153    

Slack (MET) :             56.153ns  (required time - arrival time)
  Source:                 QLINK1/U1/nxt_data_reg[1]/C
                            (rising edge-triggered cell FDRE clocked by clk48  {rise@0.000ns fall@31.250ns period=62.500ns})
  Destination:            QLINK1/adr_reg[2]/CE
                            (rising edge-triggered cell FDRE clocked by clk48  {rise@0.000ns fall@31.250ns period=62.500ns})
  Path Group:             clk48
  Path Type:              Setup (Max at Slow Process Corner)
  Requirement:            62.500ns  (clk48 rise@62.500ns - clk48 rise@0.000ns)
  Data Path Delay:        5.752ns  (logic 1.207ns (20.985%)  route 4.545ns (79.015%))
  Logic Levels:           4  (LUT3=1 LUT5=2 LUT6=1)
  Clock Path Skew:        -0.036ns (DCD - SCD + CPR)
    Destination Clock Delay (DCD):    5.810ns = ( 68.310 - 62.500 ) 
    Source Clock Delay      (SCD):    6.156ns
    Clock Pessimism Removal (CPR):    0.311ns
  Clock Uncertainty:      0.146ns  ((TSJ^2 + DJ^2)^1/2) / 2 + PE
    Total System Jitter     (TSJ):    0.071ns
    Discrete Jitter          (DJ):    0.283ns
    Phase Error              (PE):    0.000ns

    Location             Delay type                Incr(ns)  Path(ns)    Netlist Resource(s)
  -------------------------------------------------------------------    -------------------
                         (clock clk48 rise edge)      0.000     0.000 r  
    G11                                               0.000     0.000 r  CLK100_I (IN)
                         net (fo=0)                   0.000     0.000    CLK100_I
    G11                  IBUF (Prop_ibuf_I_O)         1.432     1.432 r  CLK100_I_IBUF_inst/O
                         net (fo=1, routed)           1.233     2.665    QLINK1/MMCM48_INST/CLK100_I_IBUF
    MMCME2_ADV_X0Y0      MMCME2_ADV (Prop_mmcme2_adv_CLKIN1_CLKOUT0)
                                                      0.088     2.753 r  QLINK1/MMCM48_INST/MMCME2_BASE_inst/CLKOUT0
                         net (fo=1, routed)           1.622     4.376    clk48
    BUFGCTRL_X0Y0        BUFG (Prop_bufg_I_O)         0.096     4.472 r  clk48_BUFG_inst/O
                         net (fo=203, routed)         1.684     6.156    QLINK1/U1/clk48_BUFG
    SLICE_X33Y21         FDRE                                         r  QLINK1/U1/nxt_data_reg[1]/C
  -------------------------------------------------------------------    -------------------
    SLICE_X33Y21         FDRE (Prop_fdre_C_Q)         0.456     6.612 r  QLINK1/U1/nxt_data_reg[1]/Q
                         net (fo=14, routed)          2.035     8.647    QLINK1/U1/dec_data[1]
    SLICE_X33Y24         LUT5 (Prop_lut5_I1_O)        0.152     8.799 r  QLINK1/U1/adr[4]_i_3/O
                         net (fo=3, routed)           0.183     8.982    QLINK1/U1/adr[4]_i_3_n_0
    SLICE_X33Y24         LUT6 (Prop_lut6_I5_O)        0.326     9.308 f  QLINK1/U1/FSM_onehot_rx_state[17]_i_3/O
                         net (fo=3, routed)           0.636     9.944    QLINK1/U1/FSM_onehot_rx_state[17]_i_3_n_0
    SLICE_X35Y24         LUT5 (Prop_lut5_I0_O)        0.124    10.068 f  QLINK1/U1/FSM_onehot_rx_state[17]_i_2/O
                         net (fo=23, routed)          1.070    11.138    QLINK1/U1/FSM_onehot_rx_state[17]_i_2_n_0
    SLICE_X37Y22         LUT3 (Prop_lut3_I2_O)        0.149    11.287 r  QLINK1/U1/adr[3]_i_1/O
                         net (fo=4, routed)           0.621    11.908    QLINK1/U1_n_68
    SLICE_X36Y21         FDRE                                         r  QLINK1/adr_reg[2]/CE
  -------------------------------------------------------------------    -------------------

                         (clock clk48 rise edge)     62.500    62.500 r  
    G11                                               0.000    62.500 r  CLK100_I (IN)
                         net (fo=0)                   0.000    62.500    CLK100_I
    G11                  IBUF (Prop_ibuf_I_O)         1.362    63.862 r  CLK100_I_IBUF_inst/O
                         net (fo=1, routed)           1.162    65.024    QLINK1/MMCM48_INST/CLK100_I_IBUF
    MMCME2_ADV_X0Y0      MMCME2_ADV (Prop_mmcme2_adv_CLKIN1_CLKOUT0)
                                                      0.083    65.107 r  QLINK1/MMCM48_INST/MMCME2_BASE_inst/CLKOUT0
                         net (fo=1, routed)           1.543    66.650    clk48
    BUFGCTRL_X0Y0        BUFG (Prop_bufg_I_O)         0.091    66.741 r  clk48_BUFG_inst/O
                         net (fo=203, routed)         1.568    68.310    QLINK1/clk48_BUFG
    SLICE_X36Y21         FDRE                                         r  QLINK1/adr_reg[2]/C
                         clock pessimism              0.311    68.620    
                         clock uncertainty           -0.146    68.474    
    SLICE_X36Y21         FDRE (Setup_fdre_C_CE)      -0.413    68.061    QLINK1/adr_reg[2]
  -------------------------------------------------------------------
                         required time                         68.061    
                         arrival time                         -11.908    
  -------------------------------------------------------------------
                         slack                                 56.153    

Slack (MET) :             56.153ns  (required time - arrival time)
  Source:                 QLINK1/U1/nxt_data_reg[1]/C
                            (rising edge-triggered cell FDRE clocked by clk48  {rise@0.000ns fall@31.250ns period=62.500ns})
  Destination:            QLINK1/adr_reg[3]/CE
                            (rising edge-triggered cell FDRE clocked by clk48  {rise@0.000ns fall@31.250ns period=62.500ns})
  Path Group:             clk48
  Path Type:              Setup (Max at Slow Process Corner)
  Requirement:            62.500ns  (clk48 rise@62.500ns - clk48 rise@0.000ns)
  Data Path Delay:        5.752ns  (logic 1.207ns (20.985%)  route 4.545ns (79.015%))
  Logic Levels:           4  (LUT3=1 LUT5=2 LUT6=1)
  Clock Path Skew:        -0.036ns (DCD - SCD + CPR)
    Destination Clock Delay (DCD):    5.810ns = ( 68.310 - 62.500 ) 
    Source Clock Delay      (SCD):    6.156ns
    Clock Pessimism Removal (CPR):    0.311ns
  Clock Uncertainty:      0.146ns  ((TSJ^2 + DJ^2)^1/2) / 2 + PE
    Total System Jitter     (TSJ):    0.071ns
    Discrete Jitter          (DJ):    0.283ns
    Phase Error              (PE):    0.000ns

    Location             Delay type                Incr(ns)  Path(ns)    Netlist Resource(s)
  -------------------------------------------------------------------    -------------------
                         (clock clk48 rise edge)      0.000     0.000 r  
    G11                                               0.000     0.000 r  CLK100_I (IN)
                         net (fo=0)                   0.000     0.000    CLK100_I
    G11                  IBUF (Prop_ibuf_I_O)         1.432     1.432 r  CLK100_I_IBUF_inst/O
                         net (fo=1, routed)           1.233     2.665    QLINK1/MMCM48_INST/CLK100_I_IBUF
    MMCME2_ADV_X0Y0      MMCME2_ADV (Prop_mmcme2_adv_CLKIN1_CLKOUT0)
                                                      0.088     2.753 r  QLINK1/MMCM48_INST/MMCME2_BASE_inst/CLKOUT0
                         net (fo=1, routed)           1.622     4.376    clk48
    BUFGCTRL_X0Y0        BUFG (Prop_bufg_I_O)         0.096     4.472 r  clk48_BUFG_inst/O
                         net (fo=203, routed)         1.684     6.156    QLINK1/U1/clk48_BUFG
    SLICE_X33Y21         FDRE                                         r  QLINK1/U1/nxt_data_reg[1]/C
  -------------------------------------------------------------------    -------------------
    SLICE_X33Y21         FDRE (Prop_fdre_C_Q)         0.456     6.612 r  QLINK1/U1/nxt_data_reg[1]/Q
                         net (fo=14, routed)          2.035     8.647    QLINK1/U1/dec_data[1]
    SLICE_X33Y24         LUT5 (Prop_lut5_I1_O)        0.152     8.799 r  QLINK1/U1/adr[4]_i_3/O
                         net (fo=3, routed)           0.183     8.982    QLINK1/U1/adr[4]_i_3_n_0
    SLICE_X33Y24         LUT6 (Prop_lut6_I5_O)        0.326     9.308 f  QLINK1/U1/FSM_onehot_rx_state[17]_i_3/O
                         net (fo=3, routed)           0.636     9.944    QLINK1/U1/FSM_onehot_rx_state[17]_i_3_n_0
    SLICE_X35Y24         LUT5 (Prop_lut5_I0_O)        0.124    10.068 f  QLINK1/U1/FSM_onehot_rx_state[17]_i_2/O
                         net (fo=23, routed)          1.070    11.138    QLINK1/U1/FSM_onehot_rx_state[17]_i_2_n_0
    SLICE_X37Y22         LUT3 (Prop_lut3_I2_O)        0.149    11.287 r  QLINK1/U1/adr[3]_i_1/O
                         net (fo=4, routed)           0.621    11.908    QLINK1/U1_n_68
    SLICE_X36Y21         FDRE                                         r  QLINK1/adr_reg[3]/CE
  -------------------------------------------------------------------    -------------------

                         (clock clk48 rise edge)     62.500    62.500 r  
    G11                                               0.000    62.500 r  CLK100_I (IN)
                         net (fo=0)                   0.000    62.500    CLK100_I
    G11                  IBUF (Prop_ibuf_I_O)         1.362    63.862 r  CLK100_I_IBUF_inst/O
                         net (fo=1, routed)           1.162    65.024    QLINK1/MMCM48_INST/CLK100_I_IBUF
    MMCME2_ADV_X0Y0      MMCME2_ADV (Prop_mmcme2_adv_CLKIN1_CLKOUT0)
                                                      0.083    65.107 r  QLINK1/MMCM48_INST/MMCME2_BASE_inst/CLKOUT0
                         net (fo=1, routed)           1.543    66.650    clk48
    BUFGCTRL_X0Y0        BUFG (Prop_bufg_I_O)         0.091    66.741 r  clk48_BUFG_inst/O
                         net (fo=203, routed)         1.568    68.310    QLINK1/clk48_BUFG
    SLICE_X36Y21         FDRE                                         r  QLINK1/adr_reg[3]/C
                         clock pessimism              0.311    68.620    
                         clock uncertainty           -0.146    68.474    
    SLICE_X36Y21         FDRE (Setup_fdre_C_CE)      -0.413    68.061    QLINK1/adr_reg[3]
  -------------------------------------------------------------------
                         required time                         68.061    
                         arrival time                         -11.908    
  -------------------------------------------------------------------
                         slack                                 56.153    

Slack (MET) :             56.232ns  (required time - arrival time)
  Source:                 QLINK1/U1/nxt_data_reg[1]/C
                            (rising edge-triggered cell FDRE clocked by clk48  {rise@0.000ns fall@31.250ns period=62.500ns})
  Destination:            QLINK1/data32_reg[14]/D
                            (rising edge-triggered cell FDRE clocked by clk48  {rise@0.000ns fall@31.250ns period=62.500ns})
  Path Group:             clk48
  Path Type:              Setup (Max at Slow Process Corner)
  Requirement:            62.500ns  (clk48 rise@62.500ns - clk48 rise@0.000ns)
  Data Path Delay:        5.828ns  (logic 1.210ns (20.763%)  route 4.618ns (79.237%))
  Logic Levels:           4  (LUT3=2 LUT5=1 LUT6=1)
  Clock Path Skew:        -0.025ns (DCD - SCD + CPR)
    Destination Clock Delay (DCD):    5.807ns = ( 68.307 - 62.500 ) 
    Source Clock Delay      (SCD):    6.156ns
    Clock Pessimism Removal (CPR):    0.325ns
  Clock Uncertainty:      0.146ns  ((TSJ^2 + DJ^2)^1/2) / 2 + PE
    Total System Jitter     (TSJ):    0.071ns
    Discrete Jitter          (DJ):    0.283ns
    Phase Error              (PE):    0.000ns

    Location             Delay type                Incr(ns)  Path(ns)    Netlist Resource(s)
  -------------------------------------------------------------------    -------------------
                         (clock clk48 rise edge)      0.000     0.000 r  
    G11                                               0.000     0.000 r  CLK100_I (IN)
                         net (fo=0)                   0.000     0.000    CLK100_I
    G11                  IBUF (Prop_ibuf_I_O)         1.432     1.432 r  CLK100_I_IBUF_inst/O
                         net (fo=1, routed)           1.233     2.665    QLINK1/MMCM48_INST/CLK100_I_IBUF
    MMCME2_ADV_X0Y0      MMCME2_ADV (Prop_mmcme2_adv_CLKIN1_CLKOUT0)
                                                      0.088     2.753 r  QLINK1/MMCM48_INST/MMCME2_BASE_inst/CLKOUT0
                         net (fo=1, routed)           1.622     4.376    clk48
    BUFGCTRL_X0Y0        BUFG (Prop_bufg_I_O)         0.096     4.472 r  clk48_BUFG_inst/O
                         net (fo=203, routed)         1.684     6.156    QLINK1/U1/clk48_BUFG
    SLICE_X33Y21         FDRE                                         r  QLINK1/U1/nxt_data_reg[1]/C
  -------------------------------------------------------------------    -------------------
    SLICE_X33Y21         FDRE (Prop_fdre_C_Q)         0.456     6.612 r  QLINK1/U1/nxt_data_reg[1]/Q
                         net (fo=14, routed)          2.035     8.647    QLINK1/U1/dec_data[1]
    SLICE_X33Y24         LUT5 (Prop_lut5_I1_O)        0.152     8.799 r  QLINK1/U1/adr[4]_i_3/O
                         net (fo=3, routed)           0.183     8.982    QLINK1/U1/adr[4]_i_3_n_0
    SLICE_X33Y24         LUT6 (Prop_lut6_I5_O)        0.326     9.308 f  QLINK1/U1/FSM_onehot_rx_state[17]_i_3/O
                         net (fo=3, routed)           0.486     9.795    QLINK1/U1/FSM_onehot_rx_state[17]_i_3_n_0
    SLICE_X35Y24         LUT3 (Prop_lut3_I0_O)        0.124     9.919 f  QLINK1/U1/adr[6]_i_2/O
                         net (fo=10, routed)          1.574    11.492    QLINK1/U1/adr[6]_i_2_n_0
    SLICE_X32Y21         LUT3 (Prop_lut3_I1_O)        0.152    11.644 r  QLINK1/U1/data32[14]_i_1/O
                         net (fo=1, routed)           0.339    11.984    QLINK1/U1_n_18
    SLICE_X32Y22         FDRE                                         r  QLINK1/data32_reg[14]/D
  -------------------------------------------------------------------    -------------------

                         (clock clk48 rise edge)     62.500    62.500 r  
    G11                                               0.000    62.500 r  CLK100_I (IN)
                         net (fo=0)                   0.000    62.500    CLK100_I
    G11                  IBUF (Prop_ibuf_I_O)         1.362    63.862 r  CLK100_I_IBUF_inst/O
                         net (fo=1, routed)           1.162    65.024    QLINK1/MMCM48_INST/CLK100_I_IBUF
    MMCME2_ADV_X0Y0      MMCME2_ADV (Prop_mmcme2_adv_CLKIN1_CLKOUT0)
                                                      0.083    65.107 r  QLINK1/MMCM48_INST/MMCME2_BASE_inst/CLKOUT0
                         net (fo=1, routed)           1.543    66.650    clk48
    BUFGCTRL_X0Y0        BUFG (Prop_bufg_I_O)         0.091    66.741 r  clk48_BUFG_inst/O
                         net (fo=203, routed)         1.565    68.307    QLINK1/clk48_BUFG
    SLICE_X32Y22         FDRE                                         r  QLINK1/data32_reg[14]/C
                         clock pessimism              0.325    68.631    
                         clock uncertainty           -0.146    68.485    
    SLICE_X32Y22         FDRE (Setup_fdre_C_D)       -0.269    68.216    QLINK1/data32_reg[14]
  -------------------------------------------------------------------
                         required time                         68.216    
                         arrival time                         -11.984    
  -------------------------------------------------------------------
                         slack                                 56.232    

Slack (MET) :             56.259ns  (required time - arrival time)
  Source:                 QLINK1/U1/nxt_data_reg[1]/C
                            (rising edge-triggered cell FDRE clocked by clk48  {rise@0.000ns fall@31.250ns period=62.500ns})
  Destination:            QLINK1/data32_reg[20]/CE
                            (rising edge-triggered cell FDRE clocked by clk48  {rise@0.000ns fall@31.250ns period=62.500ns})
  Path Group:             clk48
  Path Type:              Setup (Max at Slow Process Corner)
  Requirement:            62.500ns  (clk48 rise@62.500ns - clk48 rise@0.000ns)
  Data Path Delay:        5.684ns  (logic 1.211ns (21.307%)  route 4.473ns (78.693%))
  Logic Levels:           4  (LUT3=1 LUT5=2 LUT6=1)
  Clock Path Skew:        -0.035ns (DCD - SCD + CPR)
    Destination Clock Delay (DCD):    5.811ns = ( 68.311 - 62.500 ) 
    Source Clock Delay      (SCD):    6.156ns
    Clock Pessimism Removal (CPR):    0.311ns
  Clock Uncertainty:      0.146ns  ((TSJ^2 + DJ^2)^1/2) / 2 + PE
    Total System Jitter     (TSJ):    0.071ns
    Discrete Jitter          (DJ):    0.283ns
    Phase Error              (PE):    0.000ns

    Location             Delay type                Incr(ns)  Path(ns)    Netlist Resource(s)
  -------------------------------------------------------------------    -------------------
                         (clock clk48 rise edge)      0.000     0.000 r  
    G11                                               0.000     0.000 r  CLK100_I (IN)
                         net (fo=0)                   0.000     0.000    CLK100_I
    G11                  IBUF (Prop_ibuf_I_O)         1.432     1.432 r  CLK100_I_IBUF_inst/O
                         net (fo=1, routed)           1.233     2.665    QLINK1/MMCM48_INST/CLK100_I_IBUF
    MMCME2_ADV_X0Y0      MMCME2_ADV (Prop_mmcme2_adv_CLKIN1_CLKOUT0)
                                                      0.088     2.753 r  QLINK1/MMCM48_INST/MMCME2_BASE_inst/CLKOUT0
                         net (fo=1, routed)           1.622     4.376    clk48
    BUFGCTRL_X0Y0        BUFG (Prop_bufg_I_O)         0.096     4.472 r  clk48_BUFG_inst/O
                         net (fo=203, routed)         1.684     6.156    QLINK1/U1/clk48_BUFG
    SLICE_X33Y21         FDRE                                         r  QLINK1/U1/nxt_data_reg[1]/C
  -------------------------------------------------------------------    -------------------
    SLICE_X33Y21         FDRE (Prop_fdre_C_Q)         0.456     6.612 r  QLINK1/U1/nxt_data_reg[1]/Q
                         net (fo=14, routed)          2.035     8.647    QLINK1/U1/dec_data[1]
    SLICE_X33Y24         LUT5 (Prop_lut5_I1_O)        0.152     8.799 r  QLINK1/U1/adr[4]_i_3/O
                         net (fo=3, routed)           0.183     8.982    QLINK1/U1/adr[4]_i_3_n_0
    SLICE_X33Y24         LUT6 (Prop_lut6_I5_O)        0.326     9.308 f  QLINK1/U1/FSM_onehot_rx_state[17]_i_3/O
                         net (fo=3, routed)           0.636     9.944    QLINK1/U1/FSM_onehot_rx_state[17]_i_3_n_0
    SLICE_X35Y24         LUT5 (Prop_lut5_I0_O)        0.124    10.068 f  QLINK1/U1/FSM_onehot_rx_state[17]_i_2/O
                         net (fo=23, routed)          1.283    11.351    QLINK1/U1/FSM_onehot_rx_state[17]_i_2_n_0
    SLICE_X38Y20         LUT3 (Prop_lut3_I1_O)        0.153    11.504 r  QLINK1/U1/data32[23]_i_1/O
                         net (fo=4, routed)           0.335    11.840    QLINK1/U1_n_61
    SLICE_X38Y19         FDRE                                         r  QLINK1/data32_reg[20]/CE
  -------------------------------------------------------------------    -------------------

                         (clock clk48 rise edge)     62.500    62.500 r  
    G11                                               0.000    62.500 r  CLK100_I (IN)
                         net (fo=0)                   0.000    62.500    CLK100_I
    G11                  IBUF (Prop_ibuf_I_O)         1.362    63.862 r  CLK100_I_IBUF_inst/O
                         net (fo=1, routed)           1.162    65.024    QLINK1/MMCM48_INST/CLK100_I_IBUF
    MMCME2_ADV_X0Y0      MMCME2_ADV (Prop_mmcme2_adv_CLKIN1_CLKOUT0)
                                                      0.083    65.107 r  QLINK1/MMCM48_INST/MMCME2_BASE_inst/CLKOUT0
                         net (fo=1, routed)           1.543    66.650    clk48
    BUFGCTRL_X0Y0        BUFG (Prop_bufg_I_O)         0.091    66.741 r  clk48_BUFG_inst/O
                         net (fo=203, routed)         1.569    68.311    QLINK1/clk48_BUFG
    SLICE_X38Y19         FDRE                                         r  QLINK1/data32_reg[20]/C
                         clock pessimism              0.311    68.621    
                         clock uncertainty           -0.146    68.475    
    SLICE_X38Y19         FDRE (Setup_fdre_C_CE)      -0.376    68.099    QLINK1/data32_reg[20]
  -------------------------------------------------------------------
                         required time                         68.099    
                         arrival time                         -11.840    
  -------------------------------------------------------------------
                         slack                                 56.259    

Slack (MET) :             56.259ns  (required time - arrival time)
  Source:                 QLINK1/U1/nxt_data_reg[1]/C
                            (rising edge-triggered cell FDRE clocked by clk48  {rise@0.000ns fall@31.250ns period=62.500ns})
  Destination:            QLINK1/data32_reg[21]/CE
                            (rising edge-triggered cell FDRE clocked by clk48  {rise@0.000ns fall@31.250ns period=62.500ns})
  Path Group:             clk48
  Path Type:              Setup (Max at Slow Process Corner)
  Requirement:            62.500ns  (clk48 rise@62.500ns - clk48 rise@0.000ns)
  Data Path Delay:        5.684ns  (logic 1.211ns (21.307%)  route 4.473ns (78.693%))
  Logic Levels:           4  (LUT3=1 LUT5=2 LUT6=1)
  Clock Path Skew:        -0.035ns (DCD - SCD + CPR)
    Destination Clock Delay (DCD):    5.811ns = ( 68.311 - 62.500 ) 
    Source Clock Delay      (SCD):    6.156ns
    Clock Pessimism Removal (CPR):    0.311ns
  Clock Uncertainty:      0.146ns  ((TSJ^2 + DJ^2)^1/2) / 2 + PE
    Total System Jitter     (TSJ):    0.071ns
    Discrete Jitter          (DJ):    0.283ns
    Phase Error              (PE):    0.000ns

    Location             Delay type                Incr(ns)  Path(ns)    Netlist Resource(s)
  -------------------------------------------------------------------    -------------------
                         (clock clk48 rise edge)      0.000     0.000 r  
    G11                                               0.000     0.000 r  CLK100_I (IN)
                         net (fo=0)                   0.000     0.000    CLK100_I
    G11                  IBUF (Prop_ibuf_I_O)         1.432     1.432 r  CLK100_I_IBUF_inst/O
                         net (fo=1, routed)           1.233     2.665    QLINK1/MMCM48_INST/CLK100_I_IBUF
    MMCME2_ADV_X0Y0      MMCME2_ADV (Prop_mmcme2_adv_CLKIN1_CLKOUT0)
                                                      0.088     2.753 r  QLINK1/MMCM48_INST/MMCME2_BASE_inst/CLKOUT0
                         net (fo=1, routed)           1.622     4.376    clk48
    BUFGCTRL_X0Y0        BUFG (Prop_bufg_I_O)         0.096     4.472 r  clk48_BUFG_inst/O
                         net (fo=203, routed)         1.684     6.156    QLINK1/U1/clk48_BUFG
    SLICE_X33Y21         FDRE                                         r  QLINK1/U1/nxt_data_reg[1]/C
  -------------------------------------------------------------------    -------------------
    SLICE_X33Y21         FDRE (Prop_fdre_C_Q)         0.456     6.612 r  QLINK1/U1/nxt_data_reg[1]/Q
                         net (fo=14, routed)          2.035     8.647    QLINK1/U1/dec_data[1]
    SLICE_X33Y24         LUT5 (Prop_lut5_I1_O)        0.152     8.799 r  QLINK1/U1/adr[4]_i_3/O
                         net (fo=3, routed)           0.183     8.982    QLINK1/U1/adr[4]_i_3_n_0
    SLICE_X33Y24         LUT6 (Prop_lut6_I5_O)        0.326     9.308 f  QLINK1/U1/FSM_onehot_rx_state[17]_i_3/O
                         net (fo=3, routed)           0.636     9.944    QLINK1/U1/FSM_onehot_rx_state[17]_i_3_n_0
    SLICE_X35Y24         LUT5 (Prop_lut5_I0_O)        0.124    10.068 f  QLINK1/U1/FSM_onehot_rx_state[17]_i_2/O
                         net (fo=23, routed)          1.283    11.351    QLINK1/U1/FSM_onehot_rx_state[17]_i_2_n_0
    SLICE_X38Y20         LUT3 (Prop_lut3_I1_O)        0.153    11.504 r  QLINK1/U1/data32[23]_i_1/O
                         net (fo=4, routed)           0.335    11.840    QLINK1/U1_n_61
    SLICE_X38Y19         FDRE                                         r  QLINK1/data32_reg[21]/CE
  -------------------------------------------------------------------    -------------------

                         (clock clk48 rise edge)     62.500    62.500 r  
    G11                                               0.000    62.500 r  CLK100_I (IN)
                         net (fo=0)                   0.000    62.500    CLK100_I
    G11                  IBUF (Prop_ibuf_I_O)         1.362    63.862 r  CLK100_I_IBUF_inst/O
                         net (fo=1, routed)           1.162    65.024    QLINK1/MMCM48_INST/CLK100_I_IBUF
    MMCME2_ADV_X0Y0      MMCME2_ADV (Prop_mmcme2_adv_CLKIN1_CLKOUT0)
                                                      0.083    65.107 r  QLINK1/MMCM48_INST/MMCME2_BASE_inst/CLKOUT0
                         net (fo=1, routed)           1.543    66.650    clk48
    BUFGCTRL_X0Y0        BUFG (Prop_bufg_I_O)         0.091    66.741 r  clk48_BUFG_inst/O
                         net (fo=203, routed)         1.569    68.311    QLINK1/clk48_BUFG
    SLICE_X38Y19         FDRE                                         r  QLINK1/data32_reg[21]/C
                         clock pessimism              0.311    68.621    
                         clock uncertainty           -0.146    68.475    
    SLICE_X38Y19         FDRE (Setup_fdre_C_CE)      -0.376    68.099    QLINK1/data32_reg[21]
  -------------------------------------------------------------------
                         required time                         68.099    
                         arrival time                         -11.840    
  -------------------------------------------------------------------
                         slack                                 56.259    

Slack (MET) :             56.259ns  (required time - arrival time)
  Source:                 QLINK1/U1/nxt_data_reg[1]/C
                            (rising edge-triggered cell FDRE clocked by clk48  {rise@0.000ns fall@31.250ns period=62.500ns})
  Destination:            QLINK1/data32_reg[22]/CE
                            (rising edge-triggered cell FDRE clocked by clk48  {rise@0.000ns fall@31.250ns period=62.500ns})
  Path Group:             clk48
  Path Type:              Setup (Max at Slow Process Corner)
  Requirement:            62.500ns  (clk48 rise@62.500ns - clk48 rise@0.000ns)
  Data Path Delay:        5.684ns  (logic 1.211ns (21.307%)  route 4.473ns (78.693%))
  Logic Levels:           4  (LUT3=1 LUT5=2 LUT6=1)
  Clock Path Skew:        -0.035ns (DCD - SCD + CPR)
    Destination Clock Delay (DCD):    5.811ns = ( 68.311 - 62.500 ) 
    Source Clock Delay      (SCD):    6.156ns
    Clock Pessimism Removal (CPR):    0.311ns
  Clock Uncertainty:      0.146ns  ((TSJ^2 + DJ^2)^1/2) / 2 + PE
    Total System Jitter     (TSJ):    0.071ns
    Discrete Jitter          (DJ):    0.283ns
    Phase Error              (PE):    0.000ns

    Location             Delay type                Incr(ns)  Path(ns)    Netlist Resource(s)
  -------------------------------------------------------------------    -------------------
                         (clock clk48 rise edge)      0.000     0.000 r  
    G11                                               0.000     0.000 r  CLK100_I (IN)
                         net (fo=0)                   0.000     0.000    CLK100_I
    G11                  IBUF (Prop_ibuf_I_O)         1.432     1.432 r  CLK100_I_IBUF_inst/O
                         net (fo=1, routed)           1.233     2.665    QLINK1/MMCM48_INST/CLK100_I_IBUF
    MMCME2_ADV_X0Y0      MMCME2_ADV (Prop_mmcme2_adv_CLKIN1_CLKOUT0)
                                                      0.088     2.753 r  QLINK1/MMCM48_INST/MMCME2_BASE_inst/CLKOUT0
                         net (fo=1, routed)           1.622     4.376    clk48
    BUFGCTRL_X0Y0        BUFG (Prop_bufg_I_O)         0.096     4.472 r  clk48_BUFG_inst/O
                         net (fo=203, routed)         1.684     6.156    QLINK1/U1/clk48_BUFG
    SLICE_X33Y21         FDRE                                         r  QLINK1/U1/nxt_data_reg[1]/C
  -------------------------------------------------------------------    -------------------
    SLICE_X33Y21         FDRE (Prop_fdre_C_Q)         0.456     6.612 r  QLINK1/U1/nxt_data_reg[1]/Q
                         net (fo=14, routed)          2.035     8.647    QLINK1/U1/dec_data[1]
    SLICE_X33Y24         LUT5 (Prop_lut5_I1_O)        0.152     8.799 r  QLINK1/U1/adr[4]_i_3/O
                         net (fo=3, routed)           0.183     8.982    QLINK1/U1/adr[4]_i_3_n_0
    SLICE_X33Y24         LUT6 (Prop_lut6_I5_O)        0.326     9.308 f  QLINK1/U1/FSM_onehot_rx_state[17]_i_3/O
                         net (fo=3, routed)           0.636     9.944    QLINK1/U1/FSM_onehot_rx_state[17]_i_3_n_0
    SLICE_X35Y24         LUT5 (Prop_lut5_I0_O)        0.124    10.068 f  QLINK1/U1/FSM_onehot_rx_state[17]_i_2/O
                         net (fo=23, routed)          1.283    11.351    QLINK1/U1/FSM_onehot_rx_state[17]_i_2_n_0
    SLICE_X38Y20         LUT3 (Prop_lut3_I1_O)        0.153    11.504 r  QLINK1/U1/data32[23]_i_1/O
                         net (fo=4, routed)           0.335    11.840    QLINK1/U1_n_61
    SLICE_X38Y19         FDRE                                         r  QLINK1/data32_reg[22]/CE
  -------------------------------------------------------------------    -------------------

                         (clock clk48 rise edge)     62.500    62.500 r  
    G11                                               0.000    62.500 r  CLK100_I (IN)
                         net (fo=0)                   0.000    62.500    CLK100_I
    G11                  IBUF (Prop_ibuf_I_O)         1.362    63.862 r  CLK100_I_IBUF_inst/O
                         net (fo=1, routed)           1.162    65.024    QLINK1/MMCM48_INST/CLK100_I_IBUF
    MMCME2_ADV_X0Y0      MMCME2_ADV (Prop_mmcme2_adv_CLKIN1_CLKOUT0)
                                                      0.083    65.107 r  QLINK1/MMCM48_INST/MMCME2_BASE_inst/CLKOUT0
                         net (fo=1, routed)           1.543    66.650    clk48
    BUFGCTRL_X0Y0        BUFG (Prop_bufg_I_O)         0.091    66.741 r  clk48_BUFG_inst/O
                         net (fo=203, routed)         1.569    68.311    QLINK1/clk48_BUFG
    SLICE_X38Y19         FDRE                                         r  QLINK1/data32_reg[22]/C
                         clock pessimism              0.311    68.621    
                         clock uncertainty           -0.146    68.475    
    SLICE_X38Y19         FDRE (Setup_fdre_C_CE)      -0.376    68.099    QLINK1/data32_reg[22]
  -------------------------------------------------------------------
                         required time                         68.099    
                         arrival time                         -11.840    
  -------------------------------------------------------------------
                         slack                                 56.259    

Slack (MET) :             56.259ns  (required time - arrival time)
  Source:                 QLINK1/U1/nxt_data_reg[1]/C
                            (rising edge-triggered cell FDRE clocked by clk48  {rise@0.000ns fall@31.250ns period=62.500ns})
  Destination:            QLINK1/data32_reg[23]/CE
                            (rising edge-triggered cell FDRE clocked by clk48  {rise@0.000ns fall@31.250ns period=62.500ns})
  Path Group:             clk48
  Path Type:              Setup (Max at Slow Process Corner)
  Requirement:            62.500ns  (clk48 rise@62.500ns - clk48 rise@0.000ns)
  Data Path Delay:        5.684ns  (logic 1.211ns (21.307%)  route 4.473ns (78.693%))
  Logic Levels:           4  (LUT3=1 LUT5=2 LUT6=1)
  Clock Path Skew:        -0.035ns (DCD - SCD + CPR)
    Destination Clock Delay (DCD):    5.811ns = ( 68.311 - 62.500 ) 
    Source Clock Delay      (SCD):    6.156ns
    Clock Pessimism Removal (CPR):    0.311ns
  Clock Uncertainty:      0.146ns  ((TSJ^2 + DJ^2)^1/2) / 2 + PE
    Total System Jitter     (TSJ):    0.071ns
    Discrete Jitter          (DJ):    0.283ns
    Phase Error              (PE):    0.000ns

    Location             Delay type                Incr(ns)  Path(ns)    Netlist Resource(s)
  -------------------------------------------------------------------    -------------------
                         (clock clk48 rise edge)      0.000     0.000 r  
    G11                                               0.000     0.000 r  CLK100_I (IN)
                         net (fo=0)                   0.000     0.000    CLK100_I
    G11                  IBUF (Prop_ibuf_I_O)         1.432     1.432 r  CLK100_I_IBUF_inst/O
                         net (fo=1, routed)           1.233     2.665    QLINK1/MMCM48_INST/CLK100_I_IBUF
    MMCME2_ADV_X0Y0      MMCME2_ADV (Prop_mmcme2_adv_CLKIN1_CLKOUT0)
                                                      0.088     2.753 r  QLINK1/MMCM48_INST/MMCME2_BASE_inst/CLKOUT0
                         net (fo=1, routed)           1.622     4.376    clk48
    BUFGCTRL_X0Y0        BUFG (Prop_bufg_I_O)         0.096     4.472 r  clk48_BUFG_inst/O
                         net (fo=203, routed)         1.684     6.156    QLINK1/U1/clk48_BUFG
    SLICE_X33Y21         FDRE                                         r  QLINK1/U1/nxt_data_reg[1]/C
  -------------------------------------------------------------------    -------------------
    SLICE_X33Y21         FDRE (Prop_fdre_C_Q)         0.456     6.612 r  QLINK1/U1/nxt_data_reg[1]/Q
                         net (fo=14, routed)          2.035     8.647    QLINK1/U1/dec_data[1]
    SLICE_X33Y24         LUT5 (Prop_lut5_I1_O)        0.152     8.799 r  QLINK1/U1/adr[4]_i_3/O
                         net (fo=3, routed)           0.183     8.982    QLINK1/U1/adr[4]_i_3_n_0
    SLICE_X33Y24         LUT6 (Prop_lut6_I5_O)        0.326     9.308 f  QLINK1/U1/FSM_onehot_rx_state[17]_i_3/O
                         net (fo=3, routed)           0.636     9.944    QLINK1/U1/FSM_onehot_rx_state[17]_i_3_n_0
    SLICE_X35Y24         LUT5 (Prop_lut5_I0_O)        0.124    10.068 f  QLINK1/U1/FSM_onehot_rx_state[17]_i_2/O
                         net (fo=23, routed)          1.283    11.351    QLINK1/U1/FSM_onehot_rx_state[17]_i_2_n_0
    SLICE_X38Y20         LUT3 (Prop_lut3_I1_O)        0.153    11.504 r  QLINK1/U1/data32[23]_i_1/O
                         net (fo=4, routed)           0.335    11.840    QLINK1/U1_n_61
    SLICE_X38Y19         FDRE                                         r  QLINK1/data32_reg[23]/CE
  -------------------------------------------------------------------    -------------------

                         (clock clk48 rise edge)     62.500    62.500 r  
    G11                                               0.000    62.500 r  CLK100_I (IN)
                         net (fo=0)                   0.000    62.500    CLK100_I
    G11                  IBUF (Prop_ibuf_I_O)         1.362    63.862 r  CLK100_I_IBUF_inst/O
                         net (fo=1, routed)           1.162    65.024    QLINK1/MMCM48_INST/CLK100_I_IBUF
    MMCME2_ADV_X0Y0      MMCME2_ADV (Prop_mmcme2_adv_CLKIN1_CLKOUT0)
                                                      0.083    65.107 r  QLINK1/MMCM48_INST/MMCME2_BASE_inst/CLKOUT0
                         net (fo=1, routed)           1.543    66.650    clk48
    BUFGCTRL_X0Y0        BUFG (Prop_bufg_I_O)         0.091    66.741 r  clk48_BUFG_inst/O
                         net (fo=203, routed)         1.569    68.311    QLINK1/clk48_BUFG
    SLICE_X38Y19         FDRE                                         r  QLINK1/data32_reg[23]/C
                         clock pessimism              0.311    68.621    
                         clock uncertainty           -0.146    68.475    
    SLICE_X38Y19         FDRE (Setup_fdre_C_CE)      -0.376    68.099    QLINK1/data32_reg[23]
  -------------------------------------------------------------------
                         required time                         68.099    
                         arrival time                         -11.840    
  -------------------------------------------------------------------
                         slack                                 56.259    





Min Delay Paths
--------------------------------------------------------------------------------------
Slack (MET) :             0.142ns  (arrival time - required time)
  Source:                 QLINK1/led_idx_reg[0]/C
                            (rising edge-triggered cell FDRE clocked by clk48  {rise@0.000ns fall@31.250ns period=62.500ns})
  Destination:            QLINK1/LED_O_reg/D
                            (rising edge-triggered cell FDRE clocked by clk48  {rise@0.000ns fall@31.250ns period=62.500ns})
  Path Group:             clk48
  Path Type:              Hold (Min at Fast Process Corner)
  Requirement:            0.000ns  (clk48 rise@0.000ns - clk48 rise@0.000ns)
  Data Path Delay:        0.275ns  (logic 0.186ns (67.585%)  route 0.089ns (32.415%))
  Logic Levels:           1  (LUT6=1)
  Clock Path Skew:        0.013ns (DCD - SCD - CPR)
    Destination Clock Delay (DCD):    2.282ns
    Source Clock Delay      (SCD):    1.739ns
    Clock Pessimism Removal (CPR):    0.530ns

    Location             Delay type                Incr(ns)  Path(ns)    Netlist Resource(s)
  -------------------------------------------------------------------    -------------------
                         (clock clk48 rise edge)      0.000     0.000 r  
    G11                                               0.000     0.000 r  CLK100_I (IN)
                         net (fo=0)                   0.000     0.000    CLK100_I
    G11                  IBUF (Prop_ibuf_I_O)         0.201     0.201 r  CLK100_I_IBUF_inst/O
                         net (fo=1, routed)           0.440     0.641    QLINK1/MMCM48_INST/CLK100_I_IBUF
    MMCME2_ADV_X0Y0      MMCME2_ADV (Prop_mmcme2_adv_CLKIN1_CLKOUT0)
                                                      0.050     0.691 r  QLINK1/MMCM48_INST/MMCME2_BASE_inst/CLKOUT0
                         net (fo=1, routed)           0.462     1.153    clk48
    BUFGCTRL_X0Y0        BUFG (Prop_bufg_I_O)         0.026     1.179 r  clk48_BUFG_inst/O
                         net (fo=203, routed)         0.561     1.739    QLINK1/clk48_BUFG
    SLICE_X29Y16         FDRE                                         r  QLINK1/led_idx_reg[0]/C
  -------------------------------------------------------------------    -------------------
    SLICE_X29Y16         FDRE (Prop_fdre_C_Q)         0.141     1.880 f  QLINK1/led_idx_reg[0]/Q
                         net (fo=7, routed)           0.089     1.969    QLINK1/led_idx_reg[0]
    SLICE_X28Y16         LUT6 (Prop_lut6_I2_O)        0.045     2.014 r  QLINK1/LED_O_i_1/O
                         net (fo=1, routed)           0.000     2.014    QLINK1/LED_O_i_1_n_0
    SLICE_X28Y16         FDRE                                         r  QLINK1/LED_O_reg/D
  -------------------------------------------------------------------    -------------------

                         (clock clk48 rise edge)      0.000     0.000 r  
    G11                                               0.000     0.000 r  CLK100_I (IN)
                         net (fo=0)                   0.000     0.000    CLK100_I
    G11                  IBUF (Prop_ibuf_I_O)         0.388     0.388 r  CLK100_I_IBUF_inst/O
                         net (fo=1, routed)           0.480     0.868    QLINK1/MMCM48_INST/CLK100_I_IBUF
    MMCME2_ADV_X0Y0      MMCME2_ADV (Prop_mmcme2_adv_CLKIN1_CLKOUT0)
                                                      0.053     0.921 r  QLINK1/MMCM48_INST/MMCME2_BASE_inst/CLKOUT0
                         net (fo=1, routed)           0.505     1.426    clk48
    BUFGCTRL_X0Y0        BUFG (Prop_bufg_I_O)         0.029     1.455 r  clk48_BUFG_inst/O
                         net (fo=203, routed)         0.828     2.282    QLINK1/clk48_BUFG
    SLICE_X28Y16         FDRE                                         r  QLINK1/LED_O_reg/C
                         clock pessimism             -0.530     1.752    
    SLICE_X28Y16         FDRE (Hold_fdre_C_D)         0.120     1.872    QLINK1/LED_O_reg
  -------------------------------------------------------------------
                         required time                         -1.872    
                         arrival time                           2.014    
  -------------------------------------------------------------------
                         slack                                  0.142    

Slack (MET) :             0.152ns  (arrival time - required time)
  Source:                 data_r_reg[9]/C
                            (rising edge-triggered cell FDRE clocked by clk48  {rise@0.000ns fall@31.250ns period=62.500ns})
  Destination:            QLINK1/data32_reg[16]/D
                            (rising edge-triggered cell FDRE clocked by clk48  {rise@0.000ns fall@31.250ns period=62.500ns})
  Path Group:             clk48
  Path Type:              Hold (Min at Fast Process Corner)
  Requirement:            0.000ns  (clk48 rise@0.000ns - clk48 rise@0.000ns)
  Data Path Delay:        0.285ns  (logic 0.186ns (65.209%)  route 0.099ns (34.791%))
  Logic Levels:           1  (LUT5=1)
  Clock Path Skew:        0.013ns (DCD - SCD - CPR)
    Destination Clock Delay (DCD):    2.305ns
    Source Clock Delay      (SCD):    1.761ns
    Clock Pessimism Removal (CPR):    0.531ns

    Location             Delay type                Incr(ns)  Path(ns)    Netlist Resource(s)
  -------------------------------------------------------------------    -------------------
                         (clock clk48 rise edge)      0.000     0.000 r  
    G11                                               0.000     0.000 r  CLK100_I (IN)
                         net (fo=0)                   0.000     0.000    CLK100_I
    G11                  IBUF (Prop_ibuf_I_O)         0.201     0.201 r  CLK100_I_IBUF_inst/O
                         net (fo=1, routed)           0.440     0.641    QLINK1/MMCM48_INST/CLK100_I_IBUF
    MMCME2_ADV_X0Y0      MMCME2_ADV (Prop_mmcme2_adv_CLKIN1_CLKOUT0)
                                                      0.050     0.691 r  QLINK1/MMCM48_INST/MMCME2_BASE_inst/CLKOUT0
                         net (fo=1, routed)           0.462     1.153    clk48
    BUFGCTRL_X0Y0        BUFG (Prop_bufg_I_O)         0.026     1.179 r  clk48_BUFG_inst/O
                         net (fo=203, routed)         0.583     1.761    clk48_BUFG
    SLICE_X39Y22         FDRE                                         r  data_r_reg[9]/C
  -------------------------------------------------------------------    -------------------
    SLICE_X39Y22         FDRE (Prop_fdre_C_Q)         0.141     1.902 r  data_r_reg[9]/Q
                         net (fo=6, routed)           0.099     2.001    QLINK1/U1/data_r[8]
    SLICE_X38Y22         LUT5 (Prop_lut5_I1_O)        0.045     2.046 r  QLINK1/U1/data32[16]_i_1/O
                         net (fo=1, routed)           0.000     2.046    QLINK1/U1_n_16
    SLICE_X38Y22         FDRE                                         r  QLINK1/data32_reg[16]/D
  -------------------------------------------------------------------    -------------------

                         (clock clk48 rise edge)      0.000     0.000 r  
    G11                                               0.000     0.000 r  CLK100_I (IN)
                         net (fo=0)                   0.000     0.000    CLK100_I
    G11                  IBUF (Prop_ibuf_I_O)         0.388     0.388 r  CLK100_I_IBUF_inst/O
                         net (fo=1, routed)           0.480     0.868    QLINK1/MMCM48_INST/CLK100_I_IBUF
    MMCME2_ADV_X0Y0      MMCME2_ADV (Prop_mmcme2_adv_CLKIN1_CLKOUT0)
                                                      0.053     0.921 r  QLINK1/MMCM48_INST/MMCME2_BASE_inst/CLKOUT0
                         net (fo=1, routed)           0.505     1.426    clk48
    BUFGCTRL_X0Y0        BUFG (Prop_bufg_I_O)         0.029     1.455 r  clk48_BUFG_inst/O
                         net (fo=203, routed)         0.851     2.305    QLINK1/clk48_BUFG
    SLICE_X38Y22         FDRE                                         r  QLINK1/data32_reg[16]/C
                         clock pessimism             -0.531     1.774    
    SLICE_X38Y22         FDRE (Hold_fdre_C_D)         0.120     1.894    QLINK1/data32_reg[16]
  -------------------------------------------------------------------
                         required time                         -1.894    
                         arrival time                           2.046    
  -------------------------------------------------------------------
                         slack                                  0.152    

Slack (MET) :             0.160ns  (arrival time - required time)
  Source:                 QLINK1/buf_reset_reg/C
                            (rising edge-triggered cell FDRE clocked by clk48  {rise@0.000ns fall@31.250ns period=62.500ns})
  Destination:            QLINK1/sys_reset_reg/D
                            (rising edge-triggered cell FDRE clocked by clk48  {rise@0.000ns fall@31.250ns period=62.500ns})
  Path Group:             clk48
  Path Type:              Hold (Min at Fast Process Corner)
  Requirement:            0.000ns  (clk48 rise@0.000ns - clk48 rise@0.000ns)
  Data Path Delay:        0.220ns  (logic 0.164ns (74.580%)  route 0.056ns (25.420%))
  Logic Levels:           0  
  Clock Path Skew:        0.000ns (DCD - SCD - CPR)
    Destination Clock Delay (DCD):    2.285ns
    Source Clock Delay      (SCD):    1.741ns
    Clock Pessimism Removal (CPR):    0.544ns

    Location             Delay type                Incr(ns)  Path(ns)    Netlist Resource(s)
  -------------------------------------------------------------------    -------------------
                         (clock clk48 rise edge)      0.000     0.000 r  
    G11                                               0.000     0.000 r  CLK100_I (IN)
                         net (fo=0)                   0.000     0.000    CLK100_I
    G11                  IBUF (Prop_ibuf_I_O)         0.201     0.201 r  CLK100_I_IBUF_inst/O
                         net (fo=1, routed)           0.440     0.641    QLINK1/MMCM48_INST/CLK100_I_IBUF
    MMCME2_ADV_X0Y0      MMCME2_ADV (Prop_mmcme2_adv_CLKIN1_CLKOUT0)
                                                      0.050     0.691 r  QLINK1/MMCM48_INST/MMCME2_BASE_inst/CLKOUT0
                         net (fo=1, routed)           0.462     1.153    clk48
    BUFGCTRL_X0Y0        BUFG (Prop_bufg_I_O)         0.026     1.179 r  clk48_BUFG_inst/O
                         net (fo=203, routed)         0.563     1.741    QLINK1/clk48_BUFG
    SLICE_X28Y12         FDRE                                         r  QLINK1/buf_reset_reg/C
  -------------------------------------------------------------------    -------------------
    SLICE_X28Y12         FDRE (Prop_fdre_C_Q)         0.164     1.905 r  QLINK1/buf_reset_reg/Q
                         net (fo=1, routed)           0.056     1.961    QLINK1/buf_reset
    SLICE_X28Y12         FDRE                                         r  QLINK1/sys_reset_reg/D
  -------------------------------------------------------------------    -------------------

                         (clock clk48 rise edge)      0.000     0.000 r  
    G11                                               0.000     0.000 r  CLK100_I (IN)
                         net (fo=0)                   0.000     0.000    CLK100_I
    G11                  IBUF (Prop_ibuf_I_O)         0.388     0.388 r  CLK100_I_IBUF_inst/O
                         net (fo=1, routed)           0.480     0.868    QLINK1/MMCM48_INST/CLK100_I_IBUF
    MMCME2_ADV_X0Y0      MMCME2_ADV (Prop_mmcme2_adv_CLKIN1_CLKOUT0)
                                                      0.053     0.921 r  QLINK1/MMCM48_INST/MMCME2_BASE_inst/CLKOUT0
                         net (fo=1, routed)           0.505     1.426    clk48
    BUFGCTRL_X0Y0        BUFG (Prop_bufg_I_O)         0.029     1.455 r  clk48_BUFG_inst/O
                         net (fo=203, routed)         0.831     2.285    QLINK1/clk48_BUFG
    SLICE_X28Y12         FDRE                                         r  QLINK1/sys_reset_reg/C
                         clock pessimism             -0.544     1.741    
    SLICE_X28Y12         FDRE (Hold_fdre_C_D)         0.060     1.801    QLINK1/sys_reset_reg
  -------------------------------------------------------------------
                         required time                         -1.801    
                         arrival time                           1.961    
  -------------------------------------------------------------------
                         slack                                  0.160    

Slack (MET) :             0.163ns  (arrival time - required time)
  Source:                 data_r_reg[30]/C
                            (rising edge-triggered cell FDRE clocked by clk48  {rise@0.000ns fall@31.250ns period=62.500ns})
  Destination:            QLINK1/data32_reg[17]/D
                            (rising edge-triggered cell FDRE clocked by clk48  {rise@0.000ns fall@31.250ns period=62.500ns})
  Path Group:             clk48
  Path Type:              Hold (Min at Fast Process Corner)
  Requirement:            0.000ns  (clk48 rise@0.000ns - clk48 rise@0.000ns)
  Data Path Delay:        0.296ns  (logic 0.186ns (62.765%)  route 0.110ns (37.235%))
  Logic Levels:           1  (LUT5=1)
  Clock Path Skew:        0.013ns (DCD - SCD - CPR)
    Destination Clock Delay (DCD):    2.307ns
    Source Clock Delay      (SCD):    1.762ns
    Clock Pessimism Removal (CPR):    0.532ns

    Location             Delay type                Incr(ns)  Path(ns)    Netlist Resource(s)
  -------------------------------------------------------------------    -------------------
                         (clock clk48 rise edge)      0.000     0.000 r  
    G11                                               0.000     0.000 r  CLK100_I (IN)
                         net (fo=0)                   0.000     0.000    CLK100_I
    G11                  IBUF (Prop_ibuf_I_O)         0.201     0.201 r  CLK100_I_IBUF_inst/O
                         net (fo=1, routed)           0.440     0.641    QLINK1/MMCM48_INST/CLK100_I_IBUF
    MMCME2_ADV_X0Y0      MMCME2_ADV (Prop_mmcme2_adv_CLKIN1_CLKOUT0)
                                                      0.050     0.691 r  QLINK1/MMCM48_INST/MMCME2_BASE_inst/CLKOUT0
                         net (fo=1, routed)           0.462     1.153    clk48
    BUFGCTRL_X0Y0        BUFG (Prop_bufg_I_O)         0.026     1.179 r  clk48_BUFG_inst/O
                         net (fo=203, routed)         0.584     1.762    clk48_BUFG
    SLICE_X39Y20         FDRE                                         r  data_r_reg[30]/C
  -------------------------------------------------------------------    -------------------
    SLICE_X39Y20         FDRE (Prop_fdre_C_Q)         0.141     1.903 r  data_r_reg[30]/Q
                         net (fo=6, routed)           0.110     2.014    QLINK1/U1/data_r[9]
    SLICE_X38Y20         LUT5 (Prop_lut5_I1_O)        0.045     2.059 r  QLINK1/U1/data32[17]_i_1/O
                         net (fo=1, routed)           0.000     2.059    QLINK1/U1_n_15
    SLICE_X38Y20         FDRE                                         r  QLINK1/data32_reg[17]/D
  -------------------------------------------------------------------    -------------------

                         (clock clk48 rise edge)      0.000     0.000 r  
    G11                                               0.000     0.000 r  CLK100_I (IN)
                         net (fo=0)                   0.000     0.000    CLK100_I
    G11                  IBUF (Prop_ibuf_I_O)         0.388     0.388 r  CLK100_I_IBUF_inst/O
                         net (fo=1, routed)           0.480     0.868    QLINK1/MMCM48_INST/CLK100_I_IBUF
    MMCME2_ADV_X0Y0      MMCME2_ADV (Prop_mmcme2_adv_CLKIN1_CLKOUT0)
                                                      0.053     0.921 r  QLINK1/MMCM48_INST/MMCME2_BASE_inst/CLKOUT0
                         net (fo=1, routed)           0.505     1.426    clk48
    BUFGCTRL_X0Y0        BUFG (Prop_bufg_I_O)         0.029     1.455 r  clk48_BUFG_inst/O
                         net (fo=203, routed)         0.853     2.307    QLINK1/clk48_BUFG
    SLICE_X38Y20         FDRE                                         r  QLINK1/data32_reg[17]/C
                         clock pessimism             -0.532     1.775    
    SLICE_X38Y20         FDRE (Hold_fdre_C_D)         0.120     1.895    QLINK1/data32_reg[17]
  -------------------------------------------------------------------
                         required time                         -1.895    
                         arrival time                           2.059    
  -------------------------------------------------------------------
                         slack                                  0.163    

Slack (MET) :             0.174ns  (arrival time - required time)
  Source:                 QLINK1/U2/tx_req_reg/C
                            (rising edge-triggered cell FDRE clocked by clk48  {rise@0.000ns fall@31.250ns period=62.500ns})
  Destination:            QLINK1/U2/tx_done_reg/D
                            (rising edge-triggered cell FDRE clocked by clk48  {rise@0.000ns fall@31.250ns period=62.500ns})
  Path Group:             clk48
  Path Type:              Hold (Min at Fast Process Corner)
  Requirement:            0.000ns  (clk48 rise@0.000ns - clk48 rise@0.000ns)
  Data Path Delay:        0.307ns  (logic 0.186ns (60.498%)  route 0.121ns (39.502%))
  Logic Levels:           1  (LUT5=1)
  Clock Path Skew:        0.013ns (DCD - SCD - CPR)
    Destination Clock Delay (DCD):    2.280ns
    Source Clock Delay      (SCD):    1.737ns
    Clock Pessimism Removal (CPR):    0.530ns

    Location             Delay type                Incr(ns)  Path(ns)    Netlist Resource(s)
  -------------------------------------------------------------------    -------------------
                         (clock clk48 rise edge)      0.000     0.000 r  
    G11                                               0.000     0.000 r  CLK100_I (IN)
                         net (fo=0)                   0.000     0.000    CLK100_I
    G11                  IBUF (Prop_ibuf_I_O)         0.201     0.201 r  CLK100_I_IBUF_inst/O
                         net (fo=1, routed)           0.440     0.641    QLINK1/MMCM48_INST/CLK100_I_IBUF
    MMCME2_ADV_X0Y0      MMCME2_ADV (Prop_mmcme2_adv_CLKIN1_CLKOUT0)
                                                      0.050     0.691 r  QLINK1/MMCM48_INST/MMCME2_BASE_inst/CLKOUT0
                         net (fo=1, routed)           0.462     1.153    clk48
    BUFGCTRL_X0Y0        BUFG (Prop_bufg_I_O)         0.026     1.179 r  clk48_BUFG_inst/O
                         net (fo=203, routed)         0.559     1.737    QLINK1/U2/clk48_BUFG
    SLICE_X29Y18         FDRE                                         r  QLINK1/U2/tx_req_reg/C
  -------------------------------------------------------------------    -------------------
    SLICE_X29Y18         FDRE (Prop_fdre_C_Q)         0.141     1.878 r  QLINK1/U2/tx_req_reg/Q
                         net (fo=6, routed)           0.121     2.000    QLINK1/U2/enc_busy
    SLICE_X28Y18         LUT5 (Prop_lut5_I3_O)        0.045     2.045 r  QLINK1/U2/tx_done_i_1/O
                         net (fo=1, routed)           0.000     2.045    QLINK1/U2/tx_done_i_1_n_0
    SLICE_X28Y18         FDRE                                         r  QLINK1/U2/tx_done_reg/D
  -------------------------------------------------------------------    -------------------

                         (clock clk48 rise edge)      0.000     0.000 r  
    G11                                               0.000     0.000 r  CLK100_I (IN)
                         net (fo=0)                   0.000     0.000    CLK100_I
    G11                  IBUF (Prop_ibuf_I_O)         0.388     0.388 r  CLK100_I_IBUF_inst/O
                         net (fo=1, routed)           0.480     0.868    QLINK1/MMCM48_INST/CLK100_I_IBUF
    MMCME2_ADV_X0Y0      MMCME2_ADV (Prop_mmcme2_adv_CLKIN1_CLKOUT0)
                                                      0.053     0.921 r  QLINK1/MMCM48_INST/MMCME2_BASE_inst/CLKOUT0
                         net (fo=1, routed)           0.505     1.426    clk48
    BUFGCTRL_X0Y0        BUFG (Prop_bufg_I_O)         0.029     1.455 r  clk48_BUFG_inst/O
                         net (fo=203, routed)         0.826     2.280    QLINK1/U2/clk48_BUFG
    SLICE_X28Y18         FDRE                                         r  QLINK1/U2/tx_done_reg/C
                         clock pessimism             -0.530     1.750    
    SLICE_X28Y18         FDRE (Hold_fdre_C_D)         0.120     1.870    QLINK1/U2/tx_done_reg
  -------------------------------------------------------------------
                         required time                         -1.870    
                         arrival time                           2.045    
  -------------------------------------------------------------------
                         slack                                  0.174    

Slack (MET) :             0.177ns  (arrival time - required time)
  Source:                 QLINK1/adr_reg[0]/C
                            (rising edge-triggered cell FDRE clocked by clk48  {rise@0.000ns fall@31.250ns period=62.500ns})
  Destination:            data_r_reg[0]/D
                            (rising edge-triggered cell FDSE clocked by clk48  {rise@0.000ns fall@31.250ns period=62.500ns})
  Path Group:             clk48
  Path Type:              Hold (Min at Fast Process Corner)
  Requirement:            0.000ns  (clk48 rise@0.000ns - clk48 rise@0.000ns)
  Data Path Delay:        0.270ns  (logic 0.141ns (52.133%)  route 0.129ns (47.867%))
  Logic Levels:           0  
  Clock Path Skew:        0.034ns (DCD - SCD - CPR)
    Destination Clock Delay (DCD):    2.305ns
    Source Clock Delay      (SCD):    1.761ns
    Clock Pessimism Removal (CPR):    0.510ns

    Location             Delay type                Incr(ns)  Path(ns)    Netlist Resource(s)
  -------------------------------------------------------------------    -------------------
                         (clock clk48 rise edge)      0.000     0.000 r  
    G11                                               0.000     0.000 r  CLK100_I (IN)
                         net (fo=0)                   0.000     0.000    CLK100_I
    G11                  IBUF (Prop_ibuf_I_O)         0.201     0.201 r  CLK100_I_IBUF_inst/O
                         net (fo=1, routed)           0.440     0.641    QLINK1/MMCM48_INST/CLK100_I_IBUF
    MMCME2_ADV_X0Y0      MMCME2_ADV (Prop_mmcme2_adv_CLKIN1_CLKOUT0)
                                                      0.050     0.691 r  QLINK1/MMCM48_INST/MMCME2_BASE_inst/CLKOUT0
                         net (fo=1, routed)           0.462     1.153    clk48
    BUFGCTRL_X0Y0        BUFG (Prop_bufg_I_O)         0.026     1.179 r  clk48_BUFG_inst/O
                         net (fo=203, routed)         0.583     1.761    QLINK1/clk48_BUFG
    SLICE_X36Y21         FDRE                                         r  QLINK1/adr_reg[0]/C
  -------------------------------------------------------------------    -------------------
    SLICE_X36Y21         FDRE (Prop_fdre_C_Q)         0.141     1.902 r  QLINK1/adr_reg[0]/Q
                         net (fo=5, routed)           0.129     2.032    adr[0]
    SLICE_X34Y21         FDSE                                         r  data_r_reg[0]/D
  -------------------------------------------------------------------    -------------------

                         (clock clk48 rise edge)      0.000     0.000 r  
    G11                                               0.000     0.000 r  CLK100_I (IN)
                         net (fo=0)                   0.000     0.000    CLK100_I
    G11                  IBUF (Prop_ibuf_I_O)         0.388     0.388 r  CLK100_I_IBUF_inst/O
                         net (fo=1, routed)           0.480     0.868    QLINK1/MMCM48_INST/CLK100_I_IBUF
    MMCME2_ADV_X0Y0      MMCME2_ADV (Prop_mmcme2_adv_CLKIN1_CLKOUT0)
                                                      0.053     0.921 r  QLINK1/MMCM48_INST/MMCME2_BASE_inst/CLKOUT0
                         net (fo=1, routed)           0.505     1.426    clk48
    BUFGCTRL_X0Y0        BUFG (Prop_bufg_I_O)         0.029     1.455 r  clk48_BUFG_inst/O
                         net (fo=203, routed)         0.851     2.305    clk48_BUFG
    SLICE_X34Y21         FDSE                                         r  data_r_reg[0]/C
                         clock pessimism             -0.510     1.795    
    SLICE_X34Y21         FDSE (Hold_fdse_C_D)         0.059     1.854    data_r_reg[0]
  -------------------------------------------------------------------
                         required time                         -1.854    
                         arrival time                           2.032    
  -------------------------------------------------------------------
                         slack                                  0.177    

Slack (MET) :             0.184ns  (arrival time - required time)
  Source:                 QLINK1/clk_cnt_reg[30]/C
                            (rising edge-triggered cell FDRE clocked by clk48  {rise@0.000ns fall@31.250ns period=62.500ns})
  Destination:            QLINK1/timestamp_reg[30]/D
                            (rising edge-triggered cell FDRE clocked by clk48  {rise@0.000ns fall@31.250ns period=62.500ns})
  Path Group:             clk48
  Path Type:              Hold (Min at Fast Process Corner)
  Requirement:            0.000ns  (clk48 rise@0.000ns - clk48 rise@0.000ns)
  Data Path Delay:        0.262ns  (logic 0.141ns (53.837%)  route 0.121ns (46.163%))
  Logic Levels:           0  
  Clock Path Skew:        0.015ns (DCD - SCD - CPR)
    Destination Clock Delay (DCD):    2.278ns
    Source Clock Delay      (SCD):    1.734ns
    Clock Pessimism Removal (CPR):    0.529ns

    Location             Delay type                Incr(ns)  Path(ns)    Netlist Resource(s)
  -------------------------------------------------------------------    -------------------
                         (clock clk48 rise edge)      0.000     0.000 r  
    G11                                               0.000     0.000 r  CLK100_I (IN)
                         net (fo=0)                   0.000     0.000    CLK100_I
    G11                  IBUF (Prop_ibuf_I_O)         0.201     0.201 r  CLK100_I_IBUF_inst/O
                         net (fo=1, routed)           0.440     0.641    QLINK1/MMCM48_INST/CLK100_I_IBUF
    MMCME2_ADV_X0Y0      MMCME2_ADV (Prop_mmcme2_adv_CLKIN1_CLKOUT0)
                                                      0.050     0.691 r  QLINK1/MMCM48_INST/MMCME2_BASE_inst/CLKOUT0
                         net (fo=1, routed)           0.462     1.153    clk48
    BUFGCTRL_X0Y0        BUFG (Prop_bufg_I_O)         0.026     1.179 r  clk48_BUFG_inst/O
                         net (fo=203, routed)         0.556     1.734    QLINK1/clk48_BUFG
    SLICE_X31Y21         FDRE                                         r  QLINK1/clk_cnt_reg[30]/C
  -------------------------------------------------------------------    -------------------
    SLICE_X31Y21         FDRE (Prop_fdre_C_Q)         0.141     1.875 r  QLINK1/clk_cnt_reg[30]/Q
                         net (fo=2, routed)           0.121     1.996    QLINK1/clk_cnt_reg[30]
    SLICE_X30Y20         FDRE                                         r  QLINK1/timestamp_reg[30]/D
  -------------------------------------------------------------------    -------------------

                         (clock clk48 rise edge)      0.000     0.000 r  
    G11                                               0.000     0.000 r  CLK100_I (IN)
                         net (fo=0)                   0.000     0.000    CLK100_I
    G11                  IBUF (Prop_ibuf_I_O)         0.388     0.388 r  CLK100_I_IBUF_inst/O
                         net (fo=1, routed)           0.480     0.868    QLINK1/MMCM48_INST/CLK100_I_IBUF
    MMCME2_ADV_X0Y0      MMCME2_ADV (Prop_mmcme2_adv_CLKIN1_CLKOUT0)
                                                      0.053     0.921 r  QLINK1/MMCM48_INST/MMCME2_BASE_inst/CLKOUT0
                         net (fo=1, routed)           0.505     1.426    clk48
    BUFGCTRL_X0Y0        BUFG (Prop_bufg_I_O)         0.029     1.455 r  clk48_BUFG_inst/O
                         net (fo=203, routed)         0.824     2.278    QLINK1/clk48_BUFG
    SLICE_X30Y20         FDRE                                         r  QLINK1/timestamp_reg[30]/C
                         clock pessimism             -0.529     1.749    
    SLICE_X30Y20         FDRE (Hold_fdre_C_D)         0.063     1.812    QLINK1/timestamp_reg[30]
  -------------------------------------------------------------------
                         required time                         -1.812    
                         arrival time                           1.996    
  -------------------------------------------------------------------
                         slack                                  0.184    

Slack (MET) :             0.185ns  (arrival time - required time)
  Source:                 QLINK1/clk_cnt_reg[31]/C
                            (rising edge-triggered cell FDRE clocked by clk48  {rise@0.000ns fall@31.250ns period=62.500ns})
  Destination:            QLINK1/timestamp_reg[31]/D
                            (rising edge-triggered cell FDRE clocked by clk48  {rise@0.000ns fall@31.250ns period=62.500ns})
  Path Group:             clk48
  Path Type:              Hold (Min at Fast Process Corner)
  Requirement:            0.000ns  (clk48 rise@0.000ns - clk48 rise@0.000ns)
  Data Path Delay:        0.263ns  (logic 0.141ns (53.584%)  route 0.122ns (46.416%))
  Logic Levels:           0  
  Clock Path Skew:        0.015ns (DCD - SCD - CPR)
    Destination Clock Delay (DCD):    2.278ns
    Source Clock Delay      (SCD):    1.734ns
    Clock Pessimism Removal (CPR):    0.529ns

    Location             Delay type                Incr(ns)  Path(ns)    Netlist Resource(s)
  -------------------------------------------------------------------    -------------------
                         (clock clk48 rise edge)      0.000     0.000 r  
    G11                                               0.000     0.000 r  CLK100_I (IN)
                         net (fo=0)                   0.000     0.000    CLK100_I
    G11                  IBUF (Prop_ibuf_I_O)         0.201     0.201 r  CLK100_I_IBUF_inst/O
                         net (fo=1, routed)           0.440     0.641    QLINK1/MMCM48_INST/CLK100_I_IBUF
    MMCME2_ADV_X0Y0      MMCME2_ADV (Prop_mmcme2_adv_CLKIN1_CLKOUT0)
                                                      0.050     0.691 r  QLINK1/MMCM48_INST/MMCME2_BASE_inst/CLKOUT0
                         net (fo=1, routed)           0.462     1.153    clk48
    BUFGCTRL_X0Y0        BUFG (Prop_bufg_I_O)         0.026     1.179 r  clk48_BUFG_inst/O
                         net (fo=203, routed)         0.556     1.734    QLINK1/clk48_BUFG
    SLICE_X31Y21         FDRE                                         r  QLINK1/clk_cnt_reg[31]/C
  -------------------------------------------------------------------    -------------------
    SLICE_X31Y21         FDRE (Prop_fdre_C_Q)         0.141     1.875 r  QLINK1/clk_cnt_reg[31]/Q
                         net (fo=2, routed)           0.122     1.997    QLINK1/clk_cnt_reg[31]
    SLICE_X30Y20         FDRE                                         r  QLINK1/timestamp_reg[31]/D
  -------------------------------------------------------------------    -------------------

                         (clock clk48 rise edge)      0.000     0.000 r  
    G11                                               0.000     0.000 r  CLK100_I (IN)
                         net (fo=0)                   0.000     0.000    CLK100_I
    G11                  IBUF (Prop_ibuf_I_O)         0.388     0.388 r  CLK100_I_IBUF_inst/O
                         net (fo=1, routed)           0.480     0.868    QLINK1/MMCM48_INST/CLK100_I_IBUF
    MMCME2_ADV_X0Y0      MMCME2_ADV (Prop_mmcme2_adv_CLKIN1_CLKOUT0)
                                                      0.053     0.921 r  QLINK1/MMCM48_INST/MMCME2_BASE_inst/CLKOUT0
                         net (fo=1, routed)           0.505     1.426    clk48
    BUFGCTRL_X0Y0        BUFG (Prop_bufg_I_O)         0.029     1.455 r  clk48_BUFG_inst/O
                         net (fo=203, routed)         0.824     2.278    QLINK1/clk48_BUFG
    SLICE_X30Y20         FDRE                                         r  QLINK1/timestamp_reg[31]/C
                         clock pessimism             -0.529     1.749    
    SLICE_X30Y20         FDRE (Hold_fdre_C_D)         0.063     1.812    QLINK1/timestamp_reg[31]
  -------------------------------------------------------------------
                         required time                         -1.812    
                         arrival time                           1.997    
  -------------------------------------------------------------------
                         slack                                  0.185    

Slack (MET) :             0.185ns  (arrival time - required time)
  Source:                 QLINK1/clk_cnt_reg[14]/C
                            (rising edge-triggered cell FDRE clocked by clk48  {rise@0.000ns fall@31.250ns period=62.500ns})
  Destination:            QLINK1/timestamp_reg[14]/D
                            (rising edge-triggered cell FDRE clocked by clk48  {rise@0.000ns fall@31.250ns period=62.500ns})
  Path Group:             clk48
  Path Type:              Hold (Min at Fast Process Corner)
  Requirement:            0.000ns  (clk48 rise@0.000ns - clk48 rise@0.000ns)
  Data Path Delay:        0.263ns  (logic 0.141ns (53.571%)  route 0.122ns (46.429%))
  Logic Levels:           0  
  Clock Path Skew:        0.015ns (DCD - SCD - CPR)
    Destination Clock Delay (DCD):    2.282ns
    Source Clock Delay      (SCD):    1.738ns
    Clock Pessimism Removal (CPR):    0.529ns

    Location             Delay type                Incr(ns)  Path(ns)    Netlist Resource(s)
  -------------------------------------------------------------------    -------------------
                         (clock clk48 rise edge)      0.000     0.000 r  
    G11                                               0.000     0.000 r  CLK100_I (IN)
                         net (fo=0)                   0.000     0.000    CLK100_I
    G11                  IBUF (Prop_ibuf_I_O)         0.201     0.201 r  CLK100_I_IBUF_inst/O
                         net (fo=1, routed)           0.440     0.641    QLINK1/MMCM48_INST/CLK100_I_IBUF
    MMCME2_ADV_X0Y0      MMCME2_ADV (Prop_mmcme2_adv_CLKIN1_CLKOUT0)
                                                      0.050     0.691 r  QLINK1/MMCM48_INST/MMCME2_BASE_inst/CLKOUT0
                         net (fo=1, routed)           0.462     1.153    clk48
    BUFGCTRL_X0Y0        BUFG (Prop_bufg_I_O)         0.026     1.179 r  clk48_BUFG_inst/O
                         net (fo=203, routed)         0.560     1.738    QLINK1/clk48_BUFG
    SLICE_X31Y17         FDRE                                         r  QLINK1/clk_cnt_reg[14]/C
  -------------------------------------------------------------------    -------------------
    SLICE_X31Y17         FDRE (Prop_fdre_C_Q)         0.141     1.879 r  QLINK1/clk_cnt_reg[14]/Q
                         net (fo=3, routed)           0.122     2.001    QLINK1/clk_cnt_reg[14]
    SLICE_X30Y16         FDRE                                         r  QLINK1/timestamp_reg[14]/D
  -------------------------------------------------------------------    -------------------

                         (clock clk48 rise edge)      0.000     0.000 r  
    G11                                               0.000     0.000 r  CLK100_I (IN)
                         net (fo=0)                   0.000     0.000    CLK100_I
    G11                  IBUF (Prop_ibuf_I_O)         0.388     0.388 r  CLK100_I_IBUF_inst/O
                         net (fo=1, routed)           0.480     0.868    QLINK1/MMCM48_INST/CLK100_I_IBUF
    MMCME2_ADV_X0Y0      MMCME2_ADV (Prop_mmcme2_adv_CLKIN1_CLKOUT0)
                                                      0.053     0.921 r  QLINK1/MMCM48_INST/MMCME2_BASE_inst/CLKOUT0
                         net (fo=1, routed)           0.505     1.426    clk48
    BUFGCTRL_X0Y0        BUFG (Prop_bufg_I_O)         0.029     1.455 r  clk48_BUFG_inst/O
                         net (fo=203, routed)         0.828     2.282    QLINK1/clk48_BUFG
    SLICE_X30Y16         FDRE                                         r  QLINK1/timestamp_reg[14]/C
                         clock pessimism             -0.529     1.753    
    SLICE_X30Y16         FDRE (Hold_fdre_C_D)         0.063     1.816    QLINK1/timestamp_reg[14]
  -------------------------------------------------------------------
                         required time                         -1.816    
                         arrival time                           2.001    
  -------------------------------------------------------------------
                         slack                                  0.185    

Slack (MET) :             0.189ns  (arrival time - required time)
  Source:                 QLINK1/clk_cnt_reg[28]/C
                            (rising edge-triggered cell FDRE clocked by clk48  {rise@0.000ns fall@31.250ns period=62.500ns})
  Destination:            QLINK1/timestamp_reg[28]/D
                            (rising edge-triggered cell FDRE clocked by clk48  {rise@0.000ns fall@31.250ns period=62.500ns})
  Path Group:             clk48
  Path Type:              Hold (Min at Fast Process Corner)
  Requirement:            0.000ns  (clk48 rise@0.000ns - clk48 rise@0.000ns)
  Data Path Delay:        0.263ns  (logic 0.141ns (53.584%)  route 0.122ns (46.416%))
  Logic Levels:           0  
  Clock Path Skew:        0.015ns (DCD - SCD - CPR)
    Destination Clock Delay (DCD):    2.278ns
    Source Clock Delay      (SCD):    1.734ns
    Clock Pessimism Removal (CPR):    0.529ns

    Location             Delay type                Incr(ns)  Path(ns)    Netlist Resource(s)
  -------------------------------------------------------------------    -------------------
                         (clock clk48 rise edge)      0.000     0.000 r  
    G11                                               0.000     0.000 r  CLK100_I (IN)
                         net (fo=0)                   0.000     0.000    CLK100_I
    G11                  IBUF (Prop_ibuf_I_O)         0.201     0.201 r  CLK100_I_IBUF_inst/O
                         net (fo=1, routed)           0.440     0.641    QLINK1/MMCM48_INST/CLK100_I_IBUF
    MMCME2_ADV_X0Y0      MMCME2_ADV (Prop_mmcme2_adv_CLKIN1_CLKOUT0)
                                                      0.050     0.691 r  QLINK1/MMCM48_INST/MMCME2_BASE_inst/CLKOUT0
                         net (fo=1, routed)           0.462     1.153    clk48
    BUFGCTRL_X0Y0        BUFG (Prop_bufg_I_O)         0.026     1.179 r  clk48_BUFG_inst/O
                         net (fo=203, routed)         0.556     1.734    QLINK1/clk48_BUFG
    SLICE_X31Y21         FDRE                                         r  QLINK1/clk_cnt_reg[28]/C
  -------------------------------------------------------------------    -------------------
    SLICE_X31Y21         FDRE (Prop_fdre_C_Q)         0.141     1.875 r  QLINK1/clk_cnt_reg[28]/Q
                         net (fo=2, routed)           0.122     1.997    QLINK1/clk_cnt_reg[28]
    SLICE_X30Y20         FDRE                                         r  QLINK1/timestamp_reg[28]/D
  -------------------------------------------------------------------    -------------------

                         (clock clk48 rise edge)      0.000     0.000 r  
    G11                                               0.000     0.000 r  CLK100_I (IN)
                         net (fo=0)                   0.000     0.000    CLK100_I
    G11                  IBUF (Prop_ibuf_I_O)         0.388     0.388 r  CLK100_I_IBUF_inst/O
                         net (fo=1, routed)           0.480     0.868    QLINK1/MMCM48_INST/CLK100_I_IBUF
    MMCME2_ADV_X0Y0      MMCME2_ADV (Prop_mmcme2_adv_CLKIN1_CLKOUT0)
                                                      0.053     0.921 r  QLINK1/MMCM48_INST/MMCME2_BASE_inst/CLKOUT0
                         net (fo=1, routed)           0.505     1.426    clk48
    BUFGCTRL_X0Y0        BUFG (Prop_bufg_I_O)         0.029     1.455 r  clk48_BUFG_inst/O
                         net (fo=203, routed)         0.824     2.278    QLINK1/clk48_BUFG
    SLICE_X30Y20         FDRE                                         r  QLINK1/timestamp_reg[28]/C
                         clock pessimism             -0.529     1.749    
    SLICE_X30Y20         FDRE (Hold_fdre_C_D)         0.059     1.808    QLINK1/timestamp_reg[28]
  -------------------------------------------------------------------
                         required time                         -1.808    
                         arrival time                           1.997    
  -------------------------------------------------------------------
                         slack                                  0.189    





Pulse Width Checks
--------------------------------------------------------------------------------------
Clock Name:         clk48
Waveform(ns):       { 0.000 31.250 }
Period(ns):         62.500
Sources:            { QLINK1/MMCM48_INST/MMCME2_BASE_inst/CLKOUT0 }

Check Type        Corner  Lib Pin             Reference Pin  Required(ns)  Actual(ns)  Slack(ns)  Location         Pin
Min Period        n/a     BUFG/I              n/a            2.155         62.500      60.345     BUFGCTRL_X0Y0    clk48_BUFG_inst/I
Min Period        n/a     MMCME2_ADV/CLKOUT0  n/a            1.249         62.500      61.251     MMCME2_ADV_X0Y0  QLINK1/MMCM48_INST/MMCME2_BASE_inst/CLKOUT0
Min Period        n/a     FDSE/C              n/a            1.000         62.500      61.500     SLICE_X34Y21     data_r_reg[0]/C
Min Period        n/a     FDRE/C              n/a            1.000         62.500      61.500     SLICE_X35Y20     data_r_reg[1]/C
Min Period        n/a     FDSE/C              n/a            1.000         62.500      61.500     SLICE_X35Y20     data_r_reg[2]/C
Min Period        n/a     FDRE/C              n/a            1.000         62.500      61.500     SLICE_X39Y20     data_r_reg[30]/C
Min Period        n/a     FDRE/C              n/a            1.000         62.500      61.500     SLICE_X35Y20     data_r_reg[3]/C
Min Period        n/a     FDSE/C              n/a            1.000         62.500      61.500     SLICE_X35Y19     data_r_reg[4]/C
Min Period        n/a     FDRE/C              n/a            1.000         62.500      61.500     SLICE_X35Y19     data_r_reg[5]/C
Min Period        n/a     FDSE/C              n/a            1.000         62.500      61.500     SLICE_X35Y19     data_r_reg[6]/C
Max Period        n/a     MMCME2_ADV/CLKOUT0  n/a            213.360       62.500      150.860    MMCME2_ADV_X0Y0  QLINK1/MMCM48_INST/MMCME2_BASE_inst/CLKOUT0
Low Pulse Width   Slow    FDSE/C              n/a            0.500         31.250      30.750     SLICE_X34Y21     data_r_reg[0]/C
Low Pulse Width   Fast    FDSE/C              n/a            0.500         31.250      30.750     SLICE_X34Y21     data_r_reg[0]/C
Low Pulse Width   Slow    FDRE/C              n/a            0.500         31.250      30.750     SLICE_X35Y20     data_r_reg[1]/C
Low Pulse Width   Fast    FDRE/C              n/a            0.500         31.250      30.750     SLICE_X35Y20     data_r_reg[1]/C
Low Pulse Width   Slow    FDSE/C              n/a            0.500         31.250      30.750     SLICE_X35Y20     data_r_reg[2]/C
Low Pulse Width   Fast    FDSE/C              n/a            0.500         31.250      30.750     SLICE_X35Y20     data_r_reg[2]/C
Low Pulse Width   Slow    FDRE/C              n/a            0.500         31.250      30.750     SLICE_X39Y20     data_r_reg[30]/C
Low Pulse Width   Fast    FDRE/C              n/a            0.500         31.250      30.750     SLICE_X39Y20     data_r_reg[30]/C
Low Pulse Width   Slow    FDRE/C              n/a            0.500         31.250      30.750     SLICE_X35Y20     data_r_reg[3]/C
Low Pulse Width   Fast    FDRE/C              n/a            0.500         31.250      30.750     SLICE_X35Y20     data_r_reg[3]/C
High Pulse Width  Slow    FDSE/C              n/a            0.500         31.250      30.750     SLICE_X34Y21     data_r_reg[0]/C
High Pulse Width  Fast    FDSE/C              n/a            0.500         31.250      30.750     SLICE_X34Y21     data_r_reg[0]/C
High Pulse Width  Slow    FDRE/C              n/a            0.500         31.250      30.750     SLICE_X35Y20     data_r_reg[1]/C
High Pulse Width  Fast    FDRE/C              n/a            0.500         31.250      30.750     SLICE_X35Y20     data_r_reg[1]/C
High Pulse Width  Slow    FDSE/C              n/a            0.500         31.250      30.750     SLICE_X35Y20     data_r_reg[2]/C
High Pulse Width  Fast    FDSE/C              n/a            0.500         31.250      30.750     SLICE_X35Y20     data_r_reg[2]/C
High Pulse Width  Slow    FDRE/C              n/a            0.500         31.250      30.750     SLICE_X39Y20     data_r_reg[30]/C
High Pulse Width  Fast    FDRE/C              n/a            0.500         31.250      30.750     SLICE_X39Y20     data_r_reg[30]/C
High Pulse Width  Slow    FDRE/C              n/a            0.500         31.250      30.750     SLICE_X35Y20     data_r_reg[3]/C
High Pulse Width  Fast    FDRE/C              n/a            0.500         31.250      30.750     SLICE_X35Y20     data_r_reg[3]/C



---------------------------------------------------------------------------------------------------
From Clock:  clk_feedback
  To Clock:  clk_feedback

Setup :           NA  Failing Endpoints,  Worst Slack           NA  ,  Total Violation           NA
Hold  :           NA  Failing Endpoints,  Worst Slack           NA  ,  Total Violation           NA
PW    :            0  Failing Endpoints,  Worst Slack       38.751ns,  Total Violation        0.000ns
---------------------------------------------------------------------------------------------------


Pulse Width Checks
--------------------------------------------------------------------------------------
Clock Name:         clk_feedback
Waveform(ns):       { 0.000 20.000 }
Period(ns):         40.000
Sources:            { QLINK1/MMCM48_INST/MMCME2_BASE_inst/CLKFBOUT }

Check Type  Corner  Lib Pin              Reference Pin  Required(ns)  Actual(ns)  Slack(ns)  Location         Pin
Min Period  n/a     MMCME2_ADV/CLKFBOUT  n/a            1.249         40.000      38.751     MMCME2_ADV_X0Y0  QLINK1/MMCM48_INST/MMCME2_BASE_inst/CLKFBOUT
Min Period  n/a     MMCME2_ADV/CLKFBIN   n/a            1.249         40.000      38.751     MMCME2_ADV_X0Y0  QLINK1/MMCM48_INST/MMCME2_BASE_inst/CLKFBIN
Max Period  n/a     MMCME2_ADV/CLKFBIN   n/a            100.000       40.000      60.000     MMCME2_ADV_X0Y0  QLINK1/MMCM48_INST/MMCME2_BASE_inst/CLKFBIN
Max Period  n/a     MMCME2_ADV/CLKFBOUT  n/a            213.360       40.000      173.360    MMCME2_ADV_X0Y0  QLINK1/MMCM48_INST/MMCME2_BASE_inst/CLKFBOUT



