Copyright 1986-2022 Xilinx, Inc. All Rights Reserved. Copyright 2022-2025 Advanced Micro Devices, Inc. All Rights Reserved.
-----------------------------------------------------------------------------------------------------------------------------------------------------------------------------------------------------------------------
| Tool Version : Vivado v.2025.2 (lin64) Build 6299465 Fri Nov 14 12:34:56 MST 2025
| Date         : Thu Apr  2 10:36:13 2026
| Host         : kasper-ubuntu-pc running 64-bit Ubuntu 22.04.5 LTS
| Command      : report_timing_summary -max_paths 10 -file Sindri_QLink_top_timing_summary_routed.rpt -pb Sindri_QLink_top_timing_summary_routed.pb -rpx Sindri_QLink_top_timing_summary_routed.rpx -warn_on_violation
| Design       : Sindri_QLink_top
| Device       : 7s15-ftgb196
| Speed File   : -1  PRODUCTION 1.23 2018-06-13
| Design State : Routed
-----------------------------------------------------------------------------------------------------------------------------------------------------------------------------------------------------------------------

Timing Summary Report

------------------------------------------------------------------------------------------------
| Timer Settings
| --------------
------------------------------------------------------------------------------------------------

  Enable Multi Corner Analysis               :  Yes
  Enable Pessimism Removal                   :  Yes
  Pessimism Removal Resolution               :  Nearest Common Node
  Enable Input Delay Default Clock           :  No
  Enable Preset / Clear Arcs                 :  No
  Disable Flight Delays                      :  No
  Ignore I/O Paths                           :  No
  Timing Early Launch at Borrowing Latches   :  No
  Borrow Time for Max Delay Exceptions       :  Yes
  Merge Timing Exceptions                    :  Yes
  Inter-SLR Compensation                     :  Conservative

  Corner  Analyze    Analyze    
  Name    Max Paths  Min Paths  
  ------  ---------  ---------  
  Slow    Yes        Yes        
  Fast    Yes        Yes        


------------------------------------------------------------------------------------------------
| Report Methodology
| ------------------
------------------------------------------------------------------------------------------------

No report available as report_methodology has not been run prior. Run report_methodology on the current design for the summary of methodology violations.



check_timing report

Table of Contents
-----------------
1. checking no_clock (0)
2. checking constant_clock (0)
3. checking pulse_width_clock (0)
4. checking unconstrained_internal_endpoints (0)
5. checking no_input_delay (1)
6. checking no_output_delay (5)
7. checking multiple_clock (0)
8. checking generated_clocks (0)
9. checking loops (0)
10. checking partial_input_delay (0)
11. checking partial_output_delay (0)
12. checking latch_loops (0)

1. checking no_clock (0)
------------------------
 There are 0 register/latch pins with no clock.


2. checking constant_clock (0)
------------------------------
 There are 0 register/latch pins with constant_clock.


3. checking pulse_width_clock (0)
---------------------------------
 There are 0 register/latch pins which need pulse_width check


4. checking unconstrained_internal_endpoints (0)
------------------------------------------------
 There are 0 pins that are not constrained for maximum delay.

 There are 0 pins that are not constrained for maximum delay due to constant clock.


5. checking no_input_delay (1)
------------------------------
 There is 1 input port with no input delay specified. (HIGH)

 There are 0 input ports with no input delay but user has a false path constraint.


6. checking no_output_delay (5)
-------------------------------
 There are 5 ports with no output delay specified. (HIGH)

 There are 0 ports with no output delay but user has a false path constraint

 There are 0 ports with no output delay but with a timing clock defined on it or propagating through it


7. checking multiple_clock (0)
------------------------------
 There are 0 register/latch pins with multiple clocks.


8. checking generated_clocks (0)
--------------------------------
 There are 0 generated clocks that are not connected to a clock source.


9. checking loops (0)
---------------------
 There are 0 combinational loops in the design.


10. checking partial_input_delay (0)
------------------------------------
 There are 0 input ports with partial input delay specified.


11. checking partial_output_delay (0)
-------------------------------------
 There are 0 ports with partial output delay specified.


12. checking latch_loops (0)
----------------------------
 There are 0 combinational latch loops in the design through latch input



------------------------------------------------------------------------------------------------
| Design Timing Summary
| ---------------------
------------------------------------------------------------------------------------------------

    WNS(ns)      TNS(ns)  TNS Failing Endpoints  TNS Total Endpoints      WHS(ns)      THS(ns)  THS Failing Endpoints  THS Total Endpoints     WPWS(ns)     TPWS(ns)  TPWS Failing Endpoints  TPWS Total Endpoints  
    -------      -------  ---------------------  -------------------      -------      -------  ---------------------  -------------------     --------     --------  ----------------------  --------------------  
     14.710        0.000                      0                  510        0.151        0.000                      0                  510        9.917        0.000                       0                   203  


All user specified timing constraints are met.


------------------------------------------------------------------------------------------------
| Clock Summary
| -------------
------------------------------------------------------------------------------------------------

Clock           Waveform(ns)       Period(ns)      Frequency(MHz)
-----           ------------       ----------      --------------
CLK12_I         {0.000 41.166}     83.333          12.000          
  clk48         {0.000 10.417}     20.833          48.000          
  clk_feedback  {0.000 41.666}     83.333          12.000          


------------------------------------------------------------------------------------------------
| Intra Clock Table
| -----------------
------------------------------------------------------------------------------------------------

Clock               WNS(ns)      TNS(ns)  TNS Failing Endpoints  TNS Total Endpoints      WHS(ns)      THS(ns)  THS Failing Endpoints  THS Total Endpoints     WPWS(ns)     TPWS(ns)  TPWS Failing Endpoints  TPWS Total Endpoints  
-----               -------      -------  ---------------------  -------------------      -------      -------  ---------------------  -------------------     --------     --------  ----------------------  --------------------  
CLK12_I                                                                                                                                                          16.667        0.000                       0                     1  
  clk48              14.710        0.000                      0                  510        0.151        0.000                      0                  510        9.917        0.000                       0                   200  
  clk_feedback                                                                                                                                                   16.667        0.000                       0                     2  


------------------------------------------------------------------------------------------------
| Inter Clock Table
| -----------------
------------------------------------------------------------------------------------------------

From Clock    To Clock          WNS(ns)      TNS(ns)  TNS Failing Endpoints  TNS Total Endpoints      WHS(ns)      THS(ns)  THS Failing Endpoints  THS Total Endpoints  
----------    --------          -------      -------  ---------------------  -------------------      -------      -------  ---------------------  -------------------  


------------------------------------------------------------------------------------------------
| Other Path Groups Table
| -----------------------
------------------------------------------------------------------------------------------------

Path Group    From Clock    To Clock          WNS(ns)      TNS(ns)  TNS Failing Endpoints  TNS Total Endpoints      WHS(ns)      THS(ns)  THS Failing Endpoints  THS Total Endpoints  
----------    ----------    --------          -------      -------  ---------------------  -------------------      -------      -------  ---------------------  -------------------  


------------------------------------------------------------------------------------------------
| Timing Details
| --------------
------------------------------------------------------------------------------------------------


---------------------------------------------------------------------------------------------------
From Clock:  CLK12_I
  To Clock:  CLK12_I

Setup :           NA  Failing Endpoints,  Worst Slack           NA  ,  Total Violation           NA
Hold  :           NA  Failing Endpoints,  Worst Slack           NA  ,  Total Violation           NA
PW    :            0  Failing Endpoints,  Worst Slack       16.667ns,  Total Violation        0.000ns
---------------------------------------------------------------------------------------------------


Pulse Width Checks
--------------------------------------------------------------------------------------
Clock Name:         CLK12_I
Waveform(ns):       { 0.000 41.166 }
Period(ns):         83.333
Sources:            { CLK12_I }

Check Type        Corner  Lib Pin            Reference Pin  Required(ns)  Actual(ns)  Slack(ns)  Location         Pin
Min Period        n/a     MMCME2_ADV/CLKIN1  n/a            1.249         83.333      82.084     MMCME2_ADV_X0Y0  QLINK1/MMCM48_INST/MMCME2_BASE_inst/CLKIN1
Max Period        n/a     MMCME2_ADV/CLKIN1  n/a            100.000       83.333      16.667     MMCME2_ADV_X0Y0  QLINK1/MMCM48_INST/MMCME2_BASE_inst/CLKIN1
Low Pulse Width   Slow    MMCME2_ADV/CLKIN1  n/a            10.000        42.167      32.167     MMCME2_ADV_X0Y0  QLINK1/MMCM48_INST/MMCME2_BASE_inst/CLKIN1
Low Pulse Width   Fast    MMCME2_ADV/CLKIN1  n/a            10.000        42.167      32.167     MMCME2_ADV_X0Y0  QLINK1/MMCM48_INST/MMCME2_BASE_inst/CLKIN1
High Pulse Width  Slow    MMCME2_ADV/CLKIN1  n/a            10.000        41.166      31.166     MMCME2_ADV_X0Y0  QLINK1/MMCM48_INST/MMCME2_BASE_inst/CLKIN1
High Pulse Width  Fast    MMCME2_ADV/CLKIN1  n/a            10.000        41.166      31.166     MMCME2_ADV_X0Y0  QLINK1/MMCM48_INST/MMCME2_BASE_inst/CLKIN1



---------------------------------------------------------------------------------------------------
From Clock:  clk48
  To Clock:  clk48

Setup :            0  Failing Endpoints,  Worst Slack       14.710ns,  Total Violation        0.000ns
Hold  :            0  Failing Endpoints,  Worst Slack        0.151ns,  Total Violation        0.000ns
PW    :            0  Failing Endpoints,  Worst Slack        9.917ns,  Total Violation        0.000ns
---------------------------------------------------------------------------------------------------


Max Delay Paths
--------------------------------------------------------------------------------------
Slack (MET) :             14.710ns  (required time - arrival time)
  Source:                 QLINK1/U1/nxt_data_reg[6]/C
                            (rising edge-triggered cell FDRE clocked by clk48  {rise@0.000ns fall@10.417ns period=20.833ns})
  Destination:            QLINK1/data32_reg[29]/D
                            (rising edge-triggered cell FDRE clocked by clk48  {rise@0.000ns fall@10.417ns period=20.833ns})
  Path Group:             clk48
  Path Type:              Setup (Max at Slow Process Corner)
  Requirement:            20.833ns  (clk48 rise@20.833ns - clk48 rise@0.000ns)
  Data Path Delay:        5.592ns  (logic 1.172ns (20.959%)  route 4.420ns (79.041%))
  Logic Levels:           4  (LUT4=2 LUT5=1 LUT6=1)
  Clock Path Skew:        -0.027ns (DCD - SCD + CPR)
    Destination Clock Delay (DCD):    5.762ns = ( 26.595 - 20.833 ) 
    Source Clock Delay      (SCD):    6.114ns
    Clock Pessimism Removal (CPR):    0.325ns
  Clock Uncertainty:      0.243ns  ((TSJ^2 + DJ^2)^1/2) / 2 + PE
    Total System Jitter     (TSJ):    0.071ns
    Discrete Jitter          (DJ):    0.481ns
    Phase Error              (PE):    0.000ns

    Location             Delay type                Incr(ns)  Path(ns)    Netlist Resource(s)
  -------------------------------------------------------------------    -------------------
                         (clock clk48 rise edge)      0.000     0.000 r  
    H11                                               0.000     0.000 r  CLK12_I (IN)
                         net (fo=0)                   0.000     0.000    CLK12_I
    H11                  IBUF (Prop_ibuf_I_O)         1.438     1.438 r  CLK12_I_IBUF_inst/O
                         net (fo=1, routed)           1.233     2.671    QLINK1/MMCM48_INST/CLK12_I_IBUF
    MMCME2_ADV_X0Y0      MMCME2_ADV (Prop_mmcme2_adv_CLKIN1_CLKOUT0)
                                                      0.088     2.759 r  QLINK1/MMCM48_INST/MMCME2_BASE_inst/CLKOUT0
                         net (fo=1, routed)           1.622     4.381    clk48
    BUFGCTRL_X0Y0        BUFG (Prop_bufg_I_O)         0.096     4.477 r  clk48_BUFG_inst/O
                         net (fo=198, routed)         1.636     6.114    QLINK1/U1/clk48_BUFG
    SLICE_X9Y2           FDRE                                         r  QLINK1/U1/nxt_data_reg[6]/C
  -------------------------------------------------------------------    -------------------
    SLICE_X9Y2           FDRE (Prop_fdre_C_Q)         0.456     6.570 r  QLINK1/U1/nxt_data_reg[6]/Q
                         net (fo=15, routed)          1.541     8.110    QLINK1/U1/dec_data[6]
    SLICE_X8Y2           LUT4 (Prop_lut4_I1_O)        0.150     8.260 f  QLINK1/U1/FSM_onehot_rx_state[17]_i_23/O
                         net (fo=1, routed)           0.436     8.697    QLINK1/U1/FSM_onehot_rx_state[17]_i_23_n_0
    SLICE_X8Y2           LUT6 (Prop_lut6_I4_O)        0.326     9.023 r  QLINK1/U1/FSM_onehot_rx_state[17]_i_9/O
                         net (fo=2, routed)           0.960     9.983    QLINK1/U1/FSM_onehot_rx_state[17]_i_9_n_0
    SLICE_X7Y3           LUT5 (Prop_lut5_I1_O)        0.124    10.107 f  QLINK1/U1/adr[5]_i_2/O
                         net (fo=10, routed)          0.649    10.756    QLINK1/U1/adr[5]_i_2_n_0
    SLICE_X10Y8          LUT4 (Prop_lut4_I2_O)        0.116    10.872 r  QLINK1/U1/data32[29]_i_1/O
                         net (fo=1, routed)           0.834    11.706    QLINK1/U1_n_13
    SLICE_X10Y7          FDRE                                         r  QLINK1/data32_reg[29]/D
  -------------------------------------------------------------------    -------------------

                         (clock clk48 rise edge)     20.833    20.833 r  
    H11                                               0.000    20.833 r  CLK12_I (IN)
                         net (fo=0)                   0.000    20.833    CLK12_I
    H11                  IBUF (Prop_ibuf_I_O)         1.368    22.201 r  CLK12_I_IBUF_inst/O
                         net (fo=1, routed)           1.162    23.363    QLINK1/MMCM48_INST/CLK12_I_IBUF
    MMCME2_ADV_X0Y0      MMCME2_ADV (Prop_mmcme2_adv_CLKIN1_CLKOUT0)
                                                      0.083    23.446 r  QLINK1/MMCM48_INST/MMCME2_BASE_inst/CLKOUT0
                         net (fo=1, routed)           1.543    24.989    clk48
    BUFGCTRL_X0Y0        BUFG (Prop_bufg_I_O)         0.091    25.080 r  clk48_BUFG_inst/O
                         net (fo=198, routed)         1.515    26.595    QLINK1/clk48_BUFG
    SLICE_X10Y7          FDRE                                         r  QLINK1/data32_reg[29]/C
                         clock pessimism              0.325    26.920    
                         clock uncertainty           -0.243    26.677    
    SLICE_X10Y7          FDRE (Setup_fdre_C_D)       -0.262    26.415    QLINK1/data32_reg[29]
  -------------------------------------------------------------------
                         required time                         26.415    
                         arrival time                         -11.706    
  -------------------------------------------------------------------
                         slack                                 14.710    

Slack (MET) :             14.796ns  (required time - arrival time)
  Source:                 QLINK1/U1/nxt_data_reg[1]/C
                            (rising edge-triggered cell FDRE clocked by clk48  {rise@0.000ns fall@10.417ns period=20.833ns})
  Destination:            QLINK1/data32_reg[10]/CE
                            (rising edge-triggered cell FDRE clocked by clk48  {rise@0.000ns fall@10.417ns period=20.833ns})
  Path Group:             clk48
  Path Type:              Setup (Max at Slow Process Corner)
  Requirement:            20.833ns  (clk48 rise@20.833ns - clk48 rise@0.000ns)
  Data Path Delay:        5.348ns  (logic 1.208ns (22.589%)  route 4.140ns (77.411%))
  Logic Levels:           4  (LUT4=1 LUT5=1 LUT6=2)
  Clock Path Skew:        -0.040ns (DCD - SCD + CPR)
    Destination Clock Delay (DCD):    5.763ns = ( 26.596 - 20.833 ) 
    Source Clock Delay      (SCD):    6.114ns
    Clock Pessimism Removal (CPR):    0.311ns
  Clock Uncertainty:      0.243ns  ((TSJ^2 + DJ^2)^1/2) / 2 + PE
    Total System Jitter     (TSJ):    0.071ns
    Discrete Jitter          (DJ):    0.481ns
    Phase Error              (PE):    0.000ns

    Location             Delay type                Incr(ns)  Path(ns)    Netlist Resource(s)
  -------------------------------------------------------------------    -------------------
                         (clock clk48 rise edge)      0.000     0.000 r  
    H11                                               0.000     0.000 r  CLK12_I (IN)
                         net (fo=0)                   0.000     0.000    CLK12_I
    H11                  IBUF (Prop_ibuf_I_O)         1.438     1.438 r  CLK12_I_IBUF_inst/O
                         net (fo=1, routed)           1.233     2.671    QLINK1/MMCM48_INST/CLK12_I_IBUF
    MMCME2_ADV_X0Y0      MMCME2_ADV (Prop_mmcme2_adv_CLKIN1_CLKOUT0)
                                                      0.088     2.759 r  QLINK1/MMCM48_INST/MMCME2_BASE_inst/CLKOUT0
                         net (fo=1, routed)           1.622     4.381    clk48
    BUFGCTRL_X0Y0        BUFG (Prop_bufg_I_O)         0.096     4.477 r  clk48_BUFG_inst/O
                         net (fo=198, routed)         1.636     6.114    QLINK1/U1/clk48_BUFG
    SLICE_X11Y1          FDRE                                         r  QLINK1/U1/nxt_data_reg[1]/C
  -------------------------------------------------------------------    -------------------
    SLICE_X11Y1          FDRE (Prop_fdre_C_Q)         0.456     6.570 f  QLINK1/U1/nxt_data_reg[1]/Q
                         net (fo=19, routed)          1.360     7.930    QLINK1/U1/dec_data[1]
    SLICE_X9Y2           LUT4 (Prop_lut4_I0_O)        0.152     8.082 r  QLINK1/U1/FSM_onehot_rx_state[17]_i_18/O
                         net (fo=2, routed)           0.681     8.762    QLINK1/U1/FSM_onehot_rx_state[17]_i_18_n_0
    SLICE_X8Y2           LUT6 (Prop_lut6_I3_O)        0.326     9.088 r  QLINK1/U1/FSM_onehot_rx_state[17]_i_7/O
                         net (fo=3, routed)           0.625     9.713    QLINK1/U1/FSM_onehot_rx_state[17]_i_7_n_0
    SLICE_X8Y3           LUT6 (Prop_lut6_I3_O)        0.124     9.837 r  QLINK1/U1/FSM_onehot_rx_state[17]_i_3/O
                         net (fo=33, routed)          1.148    10.985    QLINK1/U1/FSM_onehot_rx_state[17]_i_3_n_0
    SLICE_X7Y8           LUT5 (Prop_lut5_I1_O)        0.150    11.135 r  QLINK1/U1/data32[11]_i_1/O
                         net (fo=4, routed)           0.327    11.461    QLINK1/U1_n_66
    SLICE_X5Y8           FDRE                                         r  QLINK1/data32_reg[10]/CE
  -------------------------------------------------------------------    -------------------

                         (clock clk48 rise edge)     20.833    20.833 r  
    H11                                               0.000    20.833 r  CLK12_I (IN)
                         net (fo=0)                   0.000    20.833    CLK12_I
    H11                  IBUF (Prop_ibuf_I_O)         1.368    22.201 r  CLK12_I_IBUF_inst/O
                         net (fo=1, routed)           1.162    23.363    QLINK1/MMCM48_INST/CLK12_I_IBUF
    MMCME2_ADV_X0Y0      MMCME2_ADV (Prop_mmcme2_adv_CLKIN1_CLKOUT0)
                                                      0.083    23.446 r  QLINK1/MMCM48_INST/MMCME2_BASE_inst/CLKOUT0
                         net (fo=1, routed)           1.543    24.989    clk48
    BUFGCTRL_X0Y0        BUFG (Prop_bufg_I_O)         0.091    25.080 r  clk48_BUFG_inst/O
                         net (fo=198, routed)         1.516    26.596    QLINK1/clk48_BUFG
    SLICE_X5Y8           FDRE                                         r  QLINK1/data32_reg[10]/C
                         clock pessimism              0.311    26.907    
                         clock uncertainty           -0.243    26.664    
    SLICE_X5Y8           FDRE (Setup_fdre_C_CE)      -0.407    26.257    QLINK1/data32_reg[10]
  -------------------------------------------------------------------
                         required time                         26.257    
                         arrival time                         -11.461    
  -------------------------------------------------------------------
                         slack                                 14.796    

Slack (MET) :             14.796ns  (required time - arrival time)
  Source:                 QLINK1/U1/nxt_data_reg[1]/C
                            (rising edge-triggered cell FDRE clocked by clk48  {rise@0.000ns fall@10.417ns period=20.833ns})
  Destination:            QLINK1/data32_reg[11]/CE
                            (rising edge-triggered cell FDRE clocked by clk48  {rise@0.000ns fall@10.417ns period=20.833ns})
  Path Group:             clk48
  Path Type:              Setup (Max at Slow Process Corner)
  Requirement:            20.833ns  (clk48 rise@20.833ns - clk48 rise@0.000ns)
  Data Path Delay:        5.348ns  (logic 1.208ns (22.589%)  route 4.140ns (77.411%))
  Logic Levels:           4  (LUT4=1 LUT5=1 LUT6=2)
  Clock Path Skew:        -0.040ns (DCD - SCD + CPR)
    Destination Clock Delay (DCD):    5.763ns = ( 26.596 - 20.833 ) 
    Source Clock Delay      (SCD):    6.114ns
    Clock Pessimism Removal (CPR):    0.311ns
  Clock Uncertainty:      0.243ns  ((TSJ^2 + DJ^2)^1/2) / 2 + PE
    Total System Jitter     (TSJ):    0.071ns
    Discrete Jitter          (DJ):    0.481ns
    Phase Error              (PE):    0.000ns

    Location             Delay type                Incr(ns)  Path(ns)    Netlist Resource(s)
  -------------------------------------------------------------------    -------------------
                         (clock clk48 rise edge)      0.000     0.000 r  
    H11                                               0.000     0.000 r  CLK12_I (IN)
                         net (fo=0)                   0.000     0.000    CLK12_I
    H11                  IBUF (Prop_ibuf_I_O)         1.438     1.438 r  CLK12_I_IBUF_inst/O
                         net (fo=1, routed)           1.233     2.671    QLINK1/MMCM48_INST/CLK12_I_IBUF
    MMCME2_ADV_X0Y0      MMCME2_ADV (Prop_mmcme2_adv_CLKIN1_CLKOUT0)
                                                      0.088     2.759 r  QLINK1/MMCM48_INST/MMCME2_BASE_inst/CLKOUT0
                         net (fo=1, routed)           1.622     4.381    clk48
    BUFGCTRL_X0Y0        BUFG (Prop_bufg_I_O)         0.096     4.477 r  clk48_BUFG_inst/O
                         net (fo=198, routed)         1.636     6.114    QLINK1/U1/clk48_BUFG
    SLICE_X11Y1          FDRE                                         r  QLINK1/U1/nxt_data_reg[1]/C
  -------------------------------------------------------------------    -------------------
    SLICE_X11Y1          FDRE (Prop_fdre_C_Q)         0.456     6.570 f  QLINK1/U1/nxt_data_reg[1]/Q
                         net (fo=19, routed)          1.360     7.930    QLINK1/U1/dec_data[1]
    SLICE_X9Y2           LUT4 (Prop_lut4_I0_O)        0.152     8.082 r  QLINK1/U1/FSM_onehot_rx_state[17]_i_18/O
                         net (fo=2, routed)           0.681     8.762    QLINK1/U1/FSM_onehot_rx_state[17]_i_18_n_0
    SLICE_X8Y2           LUT6 (Prop_lut6_I3_O)        0.326     9.088 r  QLINK1/U1/FSM_onehot_rx_state[17]_i_7/O
                         net (fo=3, routed)           0.625     9.713    QLINK1/U1/FSM_onehot_rx_state[17]_i_7_n_0
    SLICE_X8Y3           LUT6 (Prop_lut6_I3_O)        0.124     9.837 r  QLINK1/U1/FSM_onehot_rx_state[17]_i_3/O
                         net (fo=33, routed)          1.148    10.985    QLINK1/U1/FSM_onehot_rx_state[17]_i_3_n_0
    SLICE_X7Y8           LUT5 (Prop_lut5_I1_O)        0.150    11.135 r  QLINK1/U1/data32[11]_i_1/O
                         net (fo=4, routed)           0.327    11.461    QLINK1/U1_n_66
    SLICE_X5Y8           FDRE                                         r  QLINK1/data32_reg[11]/CE
  -------------------------------------------------------------------    -------------------

                         (clock clk48 rise edge)     20.833    20.833 r  
    H11                                               0.000    20.833 r  CLK12_I (IN)
                         net (fo=0)                   0.000    20.833    CLK12_I
    H11                  IBUF (Prop_ibuf_I_O)         1.368    22.201 r  CLK12_I_IBUF_inst/O
                         net (fo=1, routed)           1.162    23.363    QLINK1/MMCM48_INST/CLK12_I_IBUF
    MMCME2_ADV_X0Y0      MMCME2_ADV (Prop_mmcme2_adv_CLKIN1_CLKOUT0)
                                                      0.083    23.446 r  QLINK1/MMCM48_INST/MMCME2_BASE_inst/CLKOUT0
                         net (fo=1, routed)           1.543    24.989    clk48
    BUFGCTRL_X0Y0        BUFG (Prop_bufg_I_O)         0.091    25.080 r  clk48_BUFG_inst/O
                         net (fo=198, routed)         1.516    26.596    QLINK1/clk48_BUFG
    SLICE_X5Y8           FDRE                                         r  QLINK1/data32_reg[11]/C
                         clock pessimism              0.311    26.907    
                         clock uncertainty           -0.243    26.664    
    SLICE_X5Y8           FDRE (Setup_fdre_C_CE)      -0.407    26.257    QLINK1/data32_reg[11]
  -------------------------------------------------------------------
                         required time                         26.257    
                         arrival time                         -11.461    
  -------------------------------------------------------------------
                         slack                                 14.796    

Slack (MET) :             14.796ns  (required time - arrival time)
  Source:                 QLINK1/U1/nxt_data_reg[1]/C
                            (rising edge-triggered cell FDRE clocked by clk48  {rise@0.000ns fall@10.417ns period=20.833ns})
  Destination:            QLINK1/data32_reg[8]/CE
                            (rising edge-triggered cell FDRE clocked by clk48  {rise@0.000ns fall@10.417ns period=20.833ns})
  Path Group:             clk48
  Path Type:              Setup (Max at Slow Process Corner)
  Requirement:            20.833ns  (clk48 rise@20.833ns - clk48 rise@0.000ns)
  Data Path Delay:        5.348ns  (logic 1.208ns (22.589%)  route 4.140ns (77.411%))
  Logic Levels:           4  (LUT4=1 LUT5=1 LUT6=2)
  Clock Path Skew:        -0.040ns (DCD - SCD + CPR)
    Destination Clock Delay (DCD):    5.763ns = ( 26.596 - 20.833 ) 
    Source Clock Delay      (SCD):    6.114ns
    Clock Pessimism Removal (CPR):    0.311ns
  Clock Uncertainty:      0.243ns  ((TSJ^2 + DJ^2)^1/2) / 2 + PE
    Total System Jitter     (TSJ):    0.071ns
    Discrete Jitter          (DJ):    0.481ns
    Phase Error              (PE):    0.000ns

    Location             Delay type                Incr(ns)  Path(ns)    Netlist Resource(s)
  -------------------------------------------------------------------    -------------------
                         (clock clk48 rise edge)      0.000     0.000 r  
    H11                                               0.000     0.000 r  CLK12_I (IN)
                         net (fo=0)                   0.000     0.000    CLK12_I
    H11                  IBUF (Prop_ibuf_I_O)         1.438     1.438 r  CLK12_I_IBUF_inst/O
                         net (fo=1, routed)           1.233     2.671    QLINK1/MMCM48_INST/CLK12_I_IBUF
    MMCME2_ADV_X0Y0      MMCME2_ADV (Prop_mmcme2_adv_CLKIN1_CLKOUT0)
                                                      0.088     2.759 r  QLINK1/MMCM48_INST/MMCME2_BASE_inst/CLKOUT0
                         net (fo=1, routed)           1.622     4.381    clk48
    BUFGCTRL_X0Y0        BUFG (Prop_bufg_I_O)         0.096     4.477 r  clk48_BUFG_inst/O
                         net (fo=198, routed)         1.636     6.114    QLINK1/U1/clk48_BUFG
    SLICE_X11Y1          FDRE                                         r  QLINK1/U1/nxt_data_reg[1]/C
  -------------------------------------------------------------------    -------------------
    SLICE_X11Y1          FDRE (Prop_fdre_C_Q)         0.456     6.570 f  QLINK1/U1/nxt_data_reg[1]/Q
                         net (fo=19, routed)          1.360     7.930    QLINK1/U1/dec_data[1]
    SLICE_X9Y2           LUT4 (Prop_lut4_I0_O)        0.152     8.082 r  QLINK1/U1/FSM_onehot_rx_state[17]_i_18/O
                         net (fo=2, routed)           0.681     8.762    QLINK1/U1/FSM_onehot_rx_state[17]_i_18_n_0
    SLICE_X8Y2           LUT6 (Prop_lut6_I3_O)        0.326     9.088 r  QLINK1/U1/FSM_onehot_rx_state[17]_i_7/O
                         net (fo=3, routed)           0.625     9.713    QLINK1/U1/FSM_onehot_rx_state[17]_i_7_n_0
    SLICE_X8Y3           LUT6 (Prop_lut6_I3_O)        0.124     9.837 r  QLINK1/U1/FSM_onehot_rx_state[17]_i_3/O
                         net (fo=33, routed)          1.148    10.985    QLINK1/U1/FSM_onehot_rx_state[17]_i_3_n_0
    SLICE_X7Y8           LUT5 (Prop_lut5_I1_O)        0.150    11.135 r  QLINK1/U1/data32[11]_i_1/O
                         net (fo=4, routed)           0.327    11.461    QLINK1/U1_n_66
    SLICE_X5Y8           FDRE                                         r  QLINK1/data32_reg[8]/CE
  -------------------------------------------------------------------    -------------------

                         (clock clk48 rise edge)     20.833    20.833 r  
    H11                                               0.000    20.833 r  CLK12_I (IN)
                         net (fo=0)                   0.000    20.833    CLK12_I
    H11                  IBUF (Prop_ibuf_I_O)         1.368    22.201 r  CLK12_I_IBUF_inst/O
                         net (fo=1, routed)           1.162    23.363    QLINK1/MMCM48_INST/CLK12_I_IBUF
    MMCME2_ADV_X0Y0      MMCME2_ADV (Prop_mmcme2_adv_CLKIN1_CLKOUT0)
                                                      0.083    23.446 r  QLINK1/MMCM48_INST/MMCME2_BASE_inst/CLKOUT0
                         net (fo=1, routed)           1.543    24.989    clk48
    BUFGCTRL_X0Y0        BUFG (Prop_bufg_I_O)         0.091    25.080 r  clk48_BUFG_inst/O
                         net (fo=198, routed)         1.516    26.596    QLINK1/clk48_BUFG
    SLICE_X5Y8           FDRE                                         r  QLINK1/data32_reg[8]/C
                         clock pessimism              0.311    26.907    
                         clock uncertainty           -0.243    26.664    
    SLICE_X5Y8           FDRE (Setup_fdre_C_CE)      -0.407    26.257    QLINK1/data32_reg[8]
  -------------------------------------------------------------------
                         required time                         26.257    
                         arrival time                         -11.461    
  -------------------------------------------------------------------
                         slack                                 14.796    

Slack (MET) :             14.796ns  (required time - arrival time)
  Source:                 QLINK1/U1/nxt_data_reg[1]/C
                            (rising edge-triggered cell FDRE clocked by clk48  {rise@0.000ns fall@10.417ns period=20.833ns})
  Destination:            QLINK1/data32_reg[9]/CE
                            (rising edge-triggered cell FDRE clocked by clk48  {rise@0.000ns fall@10.417ns period=20.833ns})
  Path Group:             clk48
  Path Type:              Setup (Max at Slow Process Corner)
  Requirement:            20.833ns  (clk48 rise@20.833ns - clk48 rise@0.000ns)
  Data Path Delay:        5.348ns  (logic 1.208ns (22.589%)  route 4.140ns (77.411%))
  Logic Levels:           4  (LUT4=1 LUT5=1 LUT6=2)
  Clock Path Skew:        -0.040ns (DCD - SCD + CPR)
    Destination Clock Delay (DCD):    5.763ns = ( 26.596 - 20.833 ) 
    Source Clock Delay      (SCD):    6.114ns
    Clock Pessimism Removal (CPR):    0.311ns
  Clock Uncertainty:      0.243ns  ((TSJ^2 + DJ^2)^1/2) / 2 + PE
    Total System Jitter     (TSJ):    0.071ns
    Discrete Jitter          (DJ):    0.481ns
    Phase Error              (PE):    0.000ns

    Location             Delay type                Incr(ns)  Path(ns)    Netlist Resource(s)
  -------------------------------------------------------------------    -------------------
                         (clock clk48 rise edge)      0.000     0.000 r  
    H11                                               0.000     0.000 r  CLK12_I (IN)
                         net (fo=0)                   0.000     0.000    CLK12_I
    H11                  IBUF (Prop_ibuf_I_O)         1.438     1.438 r  CLK12_I_IBUF_inst/O
                         net (fo=1, routed)           1.233     2.671    QLINK1/MMCM48_INST/CLK12_I_IBUF
    MMCME2_ADV_X0Y0      MMCME2_ADV (Prop_mmcme2_adv_CLKIN1_CLKOUT0)
                                                      0.088     2.759 r  QLINK1/MMCM48_INST/MMCME2_BASE_inst/CLKOUT0
                         net (fo=1, routed)           1.622     4.381    clk48
    BUFGCTRL_X0Y0        BUFG (Prop_bufg_I_O)         0.096     4.477 r  clk48_BUFG_inst/O
                         net (fo=198, routed)         1.636     6.114    QLINK1/U1/clk48_BUFG
    SLICE_X11Y1          FDRE                                         r  QLINK1/U1/nxt_data_reg[1]/C
  -------------------------------------------------------------------    -------------------
    SLICE_X11Y1          FDRE (Prop_fdre_C_Q)         0.456     6.570 f  QLINK1/U1/nxt_data_reg[1]/Q
                         net (fo=19, routed)          1.360     7.930    QLINK1/U1/dec_data[1]
    SLICE_X9Y2           LUT4 (Prop_lut4_I0_O)        0.152     8.082 r  QLINK1/U1/FSM_onehot_rx_state[17]_i_18/O
                         net (fo=2, routed)           0.681     8.762    QLINK1/U1/FSM_onehot_rx_state[17]_i_18_n_0
    SLICE_X8Y2           LUT6 (Prop_lut6_I3_O)        0.326     9.088 r  QLINK1/U1/FSM_onehot_rx_state[17]_i_7/O
                         net (fo=3, routed)           0.625     9.713    QLINK1/U1/FSM_onehot_rx_state[17]_i_7_n_0
    SLICE_X8Y3           LUT6 (Prop_lut6_I3_O)        0.124     9.837 r  QLINK1/U1/FSM_onehot_rx_state[17]_i_3/O
                         net (fo=33, routed)          1.148    10.985    QLINK1/U1/FSM_onehot_rx_state[17]_i_3_n_0
    SLICE_X7Y8           LUT5 (Prop_lut5_I1_O)        0.150    11.135 r  QLINK1/U1/data32[11]_i_1/O
                         net (fo=4, routed)           0.327    11.461    QLINK1/U1_n_66
    SLICE_X5Y8           FDRE                                         r  QLINK1/data32_reg[9]/CE
  -------------------------------------------------------------------    -------------------

                         (clock clk48 rise edge)     20.833    20.833 r  
    H11                                               0.000    20.833 r  CLK12_I (IN)
                         net (fo=0)                   0.000    20.833    CLK12_I
    H11                  IBUF (Prop_ibuf_I_O)         1.368    22.201 r  CLK12_I_IBUF_inst/O
                         net (fo=1, routed)           1.162    23.363    QLINK1/MMCM48_INST/CLK12_I_IBUF
    MMCME2_ADV_X0Y0      MMCME2_ADV (Prop_mmcme2_adv_CLKIN1_CLKOUT0)
                                                      0.083    23.446 r  QLINK1/MMCM48_INST/MMCME2_BASE_inst/CLKOUT0
                         net (fo=1, routed)           1.543    24.989    clk48
    BUFGCTRL_X0Y0        BUFG (Prop_bufg_I_O)         0.091    25.080 r  clk48_BUFG_inst/O
                         net (fo=198, routed)         1.516    26.596    QLINK1/clk48_BUFG
    SLICE_X5Y8           FDRE                                         r  QLINK1/data32_reg[9]/C
                         clock pessimism              0.311    26.907    
                         clock uncertainty           -0.243    26.664    
    SLICE_X5Y8           FDRE (Setup_fdre_C_CE)      -0.407    26.257    QLINK1/data32_reg[9]
  -------------------------------------------------------------------
                         required time                         26.257    
                         arrival time                         -11.461    
  -------------------------------------------------------------------
                         slack                                 14.796    

Slack (MET) :             14.938ns  (required time - arrival time)
  Source:                 QLINK1/U1/nxt_data_reg[1]/C
                            (rising edge-triggered cell FDRE clocked by clk48  {rise@0.000ns fall@10.417ns period=20.833ns})
  Destination:            QLINK1/data32_reg[12]/CE
                            (rising edge-triggered cell FDRE clocked by clk48  {rise@0.000ns fall@10.417ns period=20.833ns})
  Path Group:             clk48
  Path Type:              Setup (Max at Slow Process Corner)
  Requirement:            20.833ns  (clk48 rise@20.833ns - clk48 rise@0.000ns)
  Data Path Delay:        5.206ns  (logic 1.208ns (23.206%)  route 3.998ns (76.794%))
  Logic Levels:           4  (LUT4=1 LUT5=1 LUT6=2)
  Clock Path Skew:        -0.040ns (DCD - SCD + CPR)
    Destination Clock Delay (DCD):    5.763ns = ( 26.596 - 20.833 ) 
    Source Clock Delay      (SCD):    6.114ns
    Clock Pessimism Removal (CPR):    0.311ns
  Clock Uncertainty:      0.243ns  ((TSJ^2 + DJ^2)^1/2) / 2 + PE
    Total System Jitter     (TSJ):    0.071ns
    Discrete Jitter          (DJ):    0.481ns
    Phase Error              (PE):    0.000ns

    Location             Delay type                Incr(ns)  Path(ns)    Netlist Resource(s)
  -------------------------------------------------------------------    -------------------
                         (clock clk48 rise edge)      0.000     0.000 r  
    H11                                               0.000     0.000 r  CLK12_I (IN)
                         net (fo=0)                   0.000     0.000    CLK12_I
    H11                  IBUF (Prop_ibuf_I_O)         1.438     1.438 r  CLK12_I_IBUF_inst/O
                         net (fo=1, routed)           1.233     2.671    QLINK1/MMCM48_INST/CLK12_I_IBUF
    MMCME2_ADV_X0Y0      MMCME2_ADV (Prop_mmcme2_adv_CLKIN1_CLKOUT0)
                                                      0.088     2.759 r  QLINK1/MMCM48_INST/MMCME2_BASE_inst/CLKOUT0
                         net (fo=1, routed)           1.622     4.381    clk48
    BUFGCTRL_X0Y0        BUFG (Prop_bufg_I_O)         0.096     4.477 r  clk48_BUFG_inst/O
                         net (fo=198, routed)         1.636     6.114    QLINK1/U1/clk48_BUFG
    SLICE_X11Y1          FDRE                                         r  QLINK1/U1/nxt_data_reg[1]/C
  -------------------------------------------------------------------    -------------------
    SLICE_X11Y1          FDRE (Prop_fdre_C_Q)         0.456     6.570 f  QLINK1/U1/nxt_data_reg[1]/Q
                         net (fo=19, routed)          1.360     7.930    QLINK1/U1/dec_data[1]
    SLICE_X9Y2           LUT4 (Prop_lut4_I0_O)        0.152     8.082 r  QLINK1/U1/FSM_onehot_rx_state[17]_i_18/O
                         net (fo=2, routed)           0.681     8.762    QLINK1/U1/FSM_onehot_rx_state[17]_i_18_n_0
    SLICE_X8Y2           LUT6 (Prop_lut6_I3_O)        0.326     9.088 r  QLINK1/U1/FSM_onehot_rx_state[17]_i_7/O
                         net (fo=3, routed)           0.625     9.713    QLINK1/U1/FSM_onehot_rx_state[17]_i_7_n_0
    SLICE_X8Y3           LUT6 (Prop_lut6_I3_O)        0.124     9.837 r  QLINK1/U1/FSM_onehot_rx_state[17]_i_3/O
                         net (fo=33, routed)          0.863    10.700    QLINK1/U1/FSM_onehot_rx_state[17]_i_3_n_0
    SLICE_X7Y6           LUT5 (Prop_lut5_I1_O)        0.150    10.850 r  QLINK1/U1/data32[15]_i_1/O
                         net (fo=4, routed)           0.470    11.319    QLINK1/U1_n_65
    SLICE_X4Y8           FDRE                                         r  QLINK1/data32_reg[12]/CE
  -------------------------------------------------------------------    -------------------

                         (clock clk48 rise edge)     20.833    20.833 r  
    H11                                               0.000    20.833 r  CLK12_I (IN)
                         net (fo=0)                   0.000    20.833    CLK12_I
    H11                  IBUF (Prop_ibuf_I_O)         1.368    22.201 r  CLK12_I_IBUF_inst/O
                         net (fo=1, routed)           1.162    23.363    QLINK1/MMCM48_INST/CLK12_I_IBUF
    MMCME2_ADV_X0Y0      MMCME2_ADV (Prop_mmcme2_adv_CLKIN1_CLKOUT0)
                                                      0.083    23.446 r  QLINK1/MMCM48_INST/MMCME2_BASE_inst/CLKOUT0
                         net (fo=1, routed)           1.543    24.989    clk48
    BUFGCTRL_X0Y0        BUFG (Prop_bufg_I_O)         0.091    25.080 r  clk48_BUFG_inst/O
                         net (fo=198, routed)         1.516    26.596    QLINK1/clk48_BUFG
    SLICE_X4Y8           FDRE                                         r  QLINK1/data32_reg[12]/C
                         clock pessimism              0.311    26.907    
                         clock uncertainty           -0.243    26.664    
    SLICE_X4Y8           FDRE (Setup_fdre_C_CE)      -0.407    26.257    QLINK1/data32_reg[12]
  -------------------------------------------------------------------
                         required time                         26.257    
                         arrival time                         -11.319    
  -------------------------------------------------------------------
                         slack                                 14.938    

Slack (MET) :             14.938ns  (required time - arrival time)
  Source:                 QLINK1/U1/nxt_data_reg[1]/C
                            (rising edge-triggered cell FDRE clocked by clk48  {rise@0.000ns fall@10.417ns period=20.833ns})
  Destination:            QLINK1/data32_reg[13]/CE
                            (rising edge-triggered cell FDRE clocked by clk48  {rise@0.000ns fall@10.417ns period=20.833ns})
  Path Group:             clk48
  Path Type:              Setup (Max at Slow Process Corner)
  Requirement:            20.833ns  (clk48 rise@20.833ns - clk48 rise@0.000ns)
  Data Path Delay:        5.206ns  (logic 1.208ns (23.206%)  route 3.998ns (76.794%))
  Logic Levels:           4  (LUT4=1 LUT5=1 LUT6=2)
  Clock Path Skew:        -0.040ns (DCD - SCD + CPR)
    Destination Clock Delay (DCD):    5.763ns = ( 26.596 - 20.833 ) 
    Source Clock Delay      (SCD):    6.114ns
    Clock Pessimism Removal (CPR):    0.311ns
  Clock Uncertainty:      0.243ns  ((TSJ^2 + DJ^2)^1/2) / 2 + PE
    Total System Jitter     (TSJ):    0.071ns
    Discrete Jitter          (DJ):    0.481ns
    Phase Error              (PE):    0.000ns

    Location             Delay type                Incr(ns)  Path(ns)    Netlist Resource(s)
  -------------------------------------------------------------------    -------------------
                         (clock clk48 rise edge)      0.000     0.000 r  
    H11                                               0.000     0.000 r  CLK12_I (IN)
                         net (fo=0)                   0.000     0.000    CLK12_I
    H11                  IBUF (Prop_ibuf_I_O)         1.438     1.438 r  CLK12_I_IBUF_inst/O
                         net (fo=1, routed)           1.233     2.671    QLINK1/MMCM48_INST/CLK12_I_IBUF
    MMCME2_ADV_X0Y0      MMCME2_ADV (Prop_mmcme2_adv_CLKIN1_CLKOUT0)
                                                      0.088     2.759 r  QLINK1/MMCM48_INST/MMCME2_BASE_inst/CLKOUT0
                         net (fo=1, routed)           1.622     4.381    clk48
    BUFGCTRL_X0Y0        BUFG (Prop_bufg_I_O)         0.096     4.477 r  clk48_BUFG_inst/O
                         net (fo=198, routed)         1.636     6.114    QLINK1/U1/clk48_BUFG
    SLICE_X11Y1          FDRE                                         r  QLINK1/U1/nxt_data_reg[1]/C
  -------------------------------------------------------------------    -------------------
    SLICE_X11Y1          FDRE (Prop_fdre_C_Q)         0.456     6.570 f  QLINK1/U1/nxt_data_reg[1]/Q
                         net (fo=19, routed)          1.360     7.930    QLINK1/U1/dec_data[1]
    SLICE_X9Y2           LUT4 (Prop_lut4_I0_O)        0.152     8.082 r  QLINK1/U1/FSM_onehot_rx_state[17]_i_18/O
                         net (fo=2, routed)           0.681     8.762    QLINK1/U1/FSM_onehot_rx_state[17]_i_18_n_0
    SLICE_X8Y2           LUT6 (Prop_lut6_I3_O)        0.326     9.088 r  QLINK1/U1/FSM_onehot_rx_state[17]_i_7/O
                         net (fo=3, routed)           0.625     9.713    QLINK1/U1/FSM_onehot_rx_state[17]_i_7_n_0
    SLICE_X8Y3           LUT6 (Prop_lut6_I3_O)        0.124     9.837 r  QLINK1/U1/FSM_onehot_rx_state[17]_i_3/O
                         net (fo=33, routed)          0.863    10.700    QLINK1/U1/FSM_onehot_rx_state[17]_i_3_n_0
    SLICE_X7Y6           LUT5 (Prop_lut5_I1_O)        0.150    10.850 r  QLINK1/U1/data32[15]_i_1/O
                         net (fo=4, routed)           0.470    11.319    QLINK1/U1_n_65
    SLICE_X4Y8           FDRE                                         r  QLINK1/data32_reg[13]/CE
  -------------------------------------------------------------------    -------------------

                         (clock clk48 rise edge)     20.833    20.833 r  
    H11                                               0.000    20.833 r  CLK12_I (IN)
                         net (fo=0)                   0.000    20.833    CLK12_I
    H11                  IBUF (Prop_ibuf_I_O)         1.368    22.201 r  CLK12_I_IBUF_inst/O
                         net (fo=1, routed)           1.162    23.363    QLINK1/MMCM48_INST/CLK12_I_IBUF
    MMCME2_ADV_X0Y0      MMCME2_ADV (Prop_mmcme2_adv_CLKIN1_CLKOUT0)
                                                      0.083    23.446 r  QLINK1/MMCM48_INST/MMCME2_BASE_inst/CLKOUT0
                         net (fo=1, routed)           1.543    24.989    clk48
    BUFGCTRL_X0Y0        BUFG (Prop_bufg_I_O)         0.091    25.080 r  clk48_BUFG_inst/O
                         net (fo=198, routed)         1.516    26.596    QLINK1/clk48_BUFG
    SLICE_X4Y8           FDRE                                         r  QLINK1/data32_reg[13]/C
                         clock pessimism              0.311    26.907    
                         clock uncertainty           -0.243    26.664    
    SLICE_X4Y8           FDRE (Setup_fdre_C_CE)      -0.407    26.257    QLINK1/data32_reg[13]
  -------------------------------------------------------------------
                         required time                         26.257    
                         arrival time                         -11.319    
  -------------------------------------------------------------------
                         slack                                 14.938    

Slack (MET) :             14.938ns  (required time - arrival time)
  Source:                 QLINK1/U1/nxt_data_reg[1]/C
                            (rising edge-triggered cell FDRE clocked by clk48  {rise@0.000ns fall@10.417ns period=20.833ns})
  Destination:            QLINK1/data32_reg[14]/CE
                            (rising edge-triggered cell FDRE clocked by clk48  {rise@0.000ns fall@10.417ns period=20.833ns})
  Path Group:             clk48
  Path Type:              Setup (Max at Slow Process Corner)
  Requirement:            20.833ns  (clk48 rise@20.833ns - clk48 rise@0.000ns)
  Data Path Delay:        5.206ns  (logic 1.208ns (23.206%)  route 3.998ns (76.794%))
  Logic Levels:           4  (LUT4=1 LUT5=1 LUT6=2)
  Clock Path Skew:        -0.040ns (DCD - SCD + CPR)
    Destination Clock Delay (DCD):    5.763ns = ( 26.596 - 20.833 ) 
    Source Clock Delay      (SCD):    6.114ns
    Clock Pessimism Removal (CPR):    0.311ns
  Clock Uncertainty:      0.243ns  ((TSJ^2 + DJ^2)^1/2) / 2 + PE
    Total System Jitter     (TSJ):    0.071ns
    Discrete Jitter          (DJ):    0.481ns
    Phase Error              (PE):    0.000ns

    Location             Delay type                Incr(ns)  Path(ns)    Netlist Resource(s)
  -------------------------------------------------------------------    -------------------
                         (clock clk48 rise edge)      0.000     0.000 r  
    H11                                               0.000     0.000 r  CLK12_I (IN)
                         net (fo=0)                   0.000     0.000    CLK12_I
    H11                  IBUF (Prop_ibuf_I_O)         1.438     1.438 r  CLK12_I_IBUF_inst/O
                         net (fo=1, routed)           1.233     2.671    QLINK1/MMCM48_INST/CLK12_I_IBUF
    MMCME2_ADV_X0Y0      MMCME2_ADV (Prop_mmcme2_adv_CLKIN1_CLKOUT0)
                                                      0.088     2.759 r  QLINK1/MMCM48_INST/MMCME2_BASE_inst/CLKOUT0
                         net (fo=1, routed)           1.622     4.381    clk48
    BUFGCTRL_X0Y0        BUFG (Prop_bufg_I_O)         0.096     4.477 r  clk48_BUFG_inst/O
                         net (fo=198, routed)         1.636     6.114    QLINK1/U1/clk48_BUFG
    SLICE_X11Y1          FDRE                                         r  QLINK1/U1/nxt_data_reg[1]/C
  -------------------------------------------------------------------    -------------------
    SLICE_X11Y1          FDRE (Prop_fdre_C_Q)         0.456     6.570 f  QLINK1/U1/nxt_data_reg[1]/Q
                         net (fo=19, routed)          1.360     7.930    QLINK1/U1/dec_data[1]
    SLICE_X9Y2           LUT4 (Prop_lut4_I0_O)        0.152     8.082 r  QLINK1/U1/FSM_onehot_rx_state[17]_i_18/O
                         net (fo=2, routed)           0.681     8.762    QLINK1/U1/FSM_onehot_rx_state[17]_i_18_n_0
    SLICE_X8Y2           LUT6 (Prop_lut6_I3_O)        0.326     9.088 r  QLINK1/U1/FSM_onehot_rx_state[17]_i_7/O
                         net (fo=3, routed)           0.625     9.713    QLINK1/U1/FSM_onehot_rx_state[17]_i_7_n_0
    SLICE_X8Y3           LUT6 (Prop_lut6_I3_O)        0.124     9.837 r  QLINK1/U1/FSM_onehot_rx_state[17]_i_3/O
                         net (fo=33, routed)          0.863    10.700    QLINK1/U1/FSM_onehot_rx_state[17]_i_3_n_0
    SLICE_X7Y6           LUT5 (Prop_lut5_I1_O)        0.150    10.850 r  QLINK1/U1/data32[15]_i_1/O
                         net (fo=4, routed)           0.470    11.319    QLINK1/U1_n_65
    SLICE_X4Y8           FDRE                                         r  QLINK1/data32_reg[14]/CE
  -------------------------------------------------------------------    -------------------

                         (clock clk48 rise edge)     20.833    20.833 r  
    H11                                               0.000    20.833 r  CLK12_I (IN)
                         net (fo=0)                   0.000    20.833    CLK12_I
    H11                  IBUF (Prop_ibuf_I_O)         1.368    22.201 r  CLK12_I_IBUF_inst/O
                         net (fo=1, routed)           1.162    23.363    QLINK1/MMCM48_INST/CLK12_I_IBUF
    MMCME2_ADV_X0Y0      MMCME2_ADV (Prop_mmcme2_adv_CLKIN1_CLKOUT0)
                                                      0.083    23.446 r  QLINK1/MMCM48_INST/MMCME2_BASE_inst/CLKOUT0
                         net (fo=1, routed)           1.543    24.989    clk48
    BUFGCTRL_X0Y0        BUFG (Prop_bufg_I_O)         0.091    25.080 r  clk48_BUFG_inst/O
                         net (fo=198, routed)         1.516    26.596    QLINK1/clk48_BUFG
    SLICE_X4Y8           FDRE                                         r  QLINK1/data32_reg[14]/C
                         clock pessimism              0.311    26.907    
                         clock uncertainty           -0.243    26.664    
    SLICE_X4Y8           FDRE (Setup_fdre_C_CE)      -0.407    26.257    QLINK1/data32_reg[14]
  -------------------------------------------------------------------
                         required time                         26.257    
                         arrival time                         -11.319    
  -------------------------------------------------------------------
                         slack                                 14.938    

Slack (MET) :             14.938ns  (required time - arrival time)
  Source:                 QLINK1/U1/nxt_data_reg[1]/C
                            (rising edge-triggered cell FDRE clocked by clk48  {rise@0.000ns fall@10.417ns period=20.833ns})
  Destination:            QLINK1/data32_reg[15]/CE
                            (rising edge-triggered cell FDRE clocked by clk48  {rise@0.000ns fall@10.417ns period=20.833ns})
  Path Group:             clk48
  Path Type:              Setup (Max at Slow Process Corner)
  Requirement:            20.833ns  (clk48 rise@20.833ns - clk48 rise@0.000ns)
  Data Path Delay:        5.206ns  (logic 1.208ns (23.206%)  route 3.998ns (76.794%))
  Logic Levels:           4  (LUT4=1 LUT5=1 LUT6=2)
  Clock Path Skew:        -0.040ns (DCD - SCD + CPR)
    Destination Clock Delay (DCD):    5.763ns = ( 26.596 - 20.833 ) 
    Source Clock Delay      (SCD):    6.114ns
    Clock Pessimism Removal (CPR):    0.311ns
  Clock Uncertainty:      0.243ns  ((TSJ^2 + DJ^2)^1/2) / 2 + PE
    Total System Jitter     (TSJ):    0.071ns
    Discrete Jitter          (DJ):    0.481ns
    Phase Error              (PE):    0.000ns

    Location             Delay type                Incr(ns)  Path(ns)    Netlist Resource(s)
  -------------------------------------------------------------------    -------------------
                         (clock clk48 rise edge)      0.000     0.000 r  
    H11                                               0.000     0.000 r  CLK12_I (IN)
                         net (fo=0)                   0.000     0.000    CLK12_I
    H11                  IBUF (Prop_ibuf_I_O)         1.438     1.438 r  CLK12_I_IBUF_inst/O
                         net (fo=1, routed)           1.233     2.671    QLINK1/MMCM48_INST/CLK12_I_IBUF
    MMCME2_ADV_X0Y0      MMCME2_ADV (Prop_mmcme2_adv_CLKIN1_CLKOUT0)
                                                      0.088     2.759 r  QLINK1/MMCM48_INST/MMCME2_BASE_inst/CLKOUT0
                         net (fo=1, routed)           1.622     4.381    clk48
    BUFGCTRL_X0Y0        BUFG (Prop_bufg_I_O)         0.096     4.477 r  clk48_BUFG_inst/O
                         net (fo=198, routed)         1.636     6.114    QLINK1/U1/clk48_BUFG
    SLICE_X11Y1          FDRE                                         r  QLINK1/U1/nxt_data_reg[1]/C
  -------------------------------------------------------------------    -------------------
    SLICE_X11Y1          FDRE (Prop_fdre_C_Q)         0.456     6.570 f  QLINK1/U1/nxt_data_reg[1]/Q
                         net (fo=19, routed)          1.360     7.930    QLINK1/U1/dec_data[1]
    SLICE_X9Y2           LUT4 (Prop_lut4_I0_O)        0.152     8.082 r  QLINK1/U1/FSM_onehot_rx_state[17]_i_18/O
                         net (fo=2, routed)           0.681     8.762    QLINK1/U1/FSM_onehot_rx_state[17]_i_18_n_0
    SLICE_X8Y2           LUT6 (Prop_lut6_I3_O)        0.326     9.088 r  QLINK1/U1/FSM_onehot_rx_state[17]_i_7/O
                         net (fo=3, routed)           0.625     9.713    QLINK1/U1/FSM_onehot_rx_state[17]_i_7_n_0
    SLICE_X8Y3           LUT6 (Prop_lut6_I3_O)        0.124     9.837 r  QLINK1/U1/FSM_onehot_rx_state[17]_i_3/O
                         net (fo=33, routed)          0.863    10.700    QLINK1/U1/FSM_onehot_rx_state[17]_i_3_n_0
    SLICE_X7Y6           LUT5 (Prop_lut5_I1_O)        0.150    10.850 r  QLINK1/U1/data32[15]_i_1/O
                         net (fo=4, routed)           0.470    11.319    QLINK1/U1_n_65
    SLICE_X4Y8           FDRE                                         r  QLINK1/data32_reg[15]/CE
  -------------------------------------------------------------------    -------------------

                         (clock clk48 rise edge)     20.833    20.833 r  
    H11                                               0.000    20.833 r  CLK12_I (IN)
                         net (fo=0)                   0.000    20.833    CLK12_I
    H11                  IBUF (Prop_ibuf_I_O)         1.368    22.201 r  CLK12_I_IBUF_inst/O
                         net (fo=1, routed)           1.162    23.363    QLINK1/MMCM48_INST/CLK12_I_IBUF
    MMCME2_ADV_X0Y0      MMCME2_ADV (Prop_mmcme2_adv_CLKIN1_CLKOUT0)
                                                      0.083    23.446 r  QLINK1/MMCM48_INST/MMCME2_BASE_inst/CLKOUT0
                         net (fo=1, routed)           1.543    24.989    clk48
    BUFGCTRL_X0Y0        BUFG (Prop_bufg_I_O)         0.091    25.080 r  clk48_BUFG_inst/O
                         net (fo=198, routed)         1.516    26.596    QLINK1/clk48_BUFG
    SLICE_X4Y8           FDRE                                         r  QLINK1/data32_reg[15]/C
                         clock pessimism              0.311    26.907    
                         clock uncertainty           -0.243    26.664    
    SLICE_X4Y8           FDRE (Setup_fdre_C_CE)      -0.407    26.257    QLINK1/data32_reg[15]
  -------------------------------------------------------------------
                         required time                         26.257    
                         arrival time                         -11.319    
  -------------------------------------------------------------------
                         slack                                 14.938    

Slack (MET) :             14.959ns  (required time - arrival time)
  Source:                 QLINK1/U1/nxt_data_reg[1]/C
                            (rising edge-triggered cell FDRE clocked by clk48  {rise@0.000ns fall@10.417ns period=20.833ns})
  Destination:            QLINK1/data32_reg[0]/CE
                            (rising edge-triggered cell FDRE clocked by clk48  {rise@0.000ns fall@10.417ns period=20.833ns})
  Path Group:             clk48
  Path Type:              Setup (Max at Slow Process Corner)
  Requirement:            20.833ns  (clk48 rise@20.833ns - clk48 rise@0.000ns)
  Data Path Delay:        5.177ns  (logic 1.177ns (22.735%)  route 4.000ns (77.265%))
  Logic Levels:           4  (LUT4=1 LUT5=1 LUT6=2)
  Clock Path Skew:        -0.041ns (DCD - SCD + CPR)
    Destination Clock Delay (DCD):    5.762ns = ( 26.595 - 20.833 ) 
    Source Clock Delay      (SCD):    6.114ns
    Clock Pessimism Removal (CPR):    0.311ns
  Clock Uncertainty:      0.243ns  ((TSJ^2 + DJ^2)^1/2) / 2 + PE
    Total System Jitter     (TSJ):    0.071ns
    Discrete Jitter          (DJ):    0.481ns
    Phase Error              (PE):    0.000ns

    Location             Delay type                Incr(ns)  Path(ns)    Netlist Resource(s)
  -------------------------------------------------------------------    -------------------
                         (clock clk48 rise edge)      0.000     0.000 r  
    H11                                               0.000     0.000 r  CLK12_I (IN)
                         net (fo=0)                   0.000     0.000    CLK12_I
    H11                  IBUF (Prop_ibuf_I_O)         1.438     1.438 r  CLK12_I_IBUF_inst/O
                         net (fo=1, routed)           1.233     2.671    QLINK1/MMCM48_INST/CLK12_I_IBUF
    MMCME2_ADV_X0Y0      MMCME2_ADV (Prop_mmcme2_adv_CLKIN1_CLKOUT0)
                                                      0.088     2.759 r  QLINK1/MMCM48_INST/MMCME2_BASE_inst/CLKOUT0
                         net (fo=1, routed)           1.622     4.381    clk48
    BUFGCTRL_X0Y0        BUFG (Prop_bufg_I_O)         0.096     4.477 r  clk48_BUFG_inst/O
                         net (fo=198, routed)         1.636     6.114    QLINK1/U1/clk48_BUFG
    SLICE_X11Y1          FDRE                                         r  QLINK1/U1/nxt_data_reg[1]/C
  -------------------------------------------------------------------    -------------------
    SLICE_X11Y1          FDRE (Prop_fdre_C_Q)         0.456     6.570 f  QLINK1/U1/nxt_data_reg[1]/Q
                         net (fo=19, routed)          1.360     7.930    QLINK1/U1/dec_data[1]
    SLICE_X9Y2           LUT4 (Prop_lut4_I0_O)        0.152     8.082 r  QLINK1/U1/FSM_onehot_rx_state[17]_i_18/O
                         net (fo=2, routed)           0.681     8.762    QLINK1/U1/FSM_onehot_rx_state[17]_i_18_n_0
    SLICE_X8Y2           LUT6 (Prop_lut6_I3_O)        0.326     9.088 r  QLINK1/U1/FSM_onehot_rx_state[17]_i_7/O
                         net (fo=3, routed)           0.625     9.713    QLINK1/U1/FSM_onehot_rx_state[17]_i_7_n_0
    SLICE_X8Y3           LUT6 (Prop_lut6_I3_O)        0.124     9.837 r  QLINK1/U1/FSM_onehot_rx_state[17]_i_3/O
                         net (fo=33, routed)          0.844    10.681    QLINK1/U1/FSM_onehot_rx_state[17]_i_3_n_0
    SLICE_X8Y8           LUT5 (Prop_lut5_I1_O)        0.119    10.800 r  QLINK1/U1/data32[3]_i_1/O
                         net (fo=4, routed)           0.491    11.291    QLINK1/U1_n_68
    SLICE_X7Y9           FDRE                                         r  QLINK1/data32_reg[0]/CE
  -------------------------------------------------------------------    -------------------

                         (clock clk48 rise edge)     20.833    20.833 r  
    H11                                               0.000    20.833 r  CLK12_I (IN)
                         net (fo=0)                   0.000    20.833    CLK12_I
    H11                  IBUF (Prop_ibuf_I_O)         1.368    22.201 r  CLK12_I_IBUF_inst/O
                         net (fo=1, routed)           1.162    23.363    QLINK1/MMCM48_INST/CLK12_I_IBUF
    MMCME2_ADV_X0Y0      MMCME2_ADV (Prop_mmcme2_adv_CLKIN1_CLKOUT0)
                                                      0.083    23.446 r  QLINK1/MMCM48_INST/MMCME2_BASE_inst/CLKOUT0
                         net (fo=1, routed)           1.543    24.989    clk48
    BUFGCTRL_X0Y0        BUFG (Prop_bufg_I_O)         0.091    25.080 r  clk48_BUFG_inst/O
                         net (fo=198, routed)         1.515    26.595    QLINK1/clk48_BUFG
    SLICE_X7Y9           FDRE                                         r  QLINK1/data32_reg[0]/C
                         clock pessimism              0.311    26.906    
                         clock uncertainty           -0.243    26.663    
    SLICE_X7Y9           FDRE (Setup_fdre_C_CE)      -0.413    26.250    QLINK1/data32_reg[0]
  -------------------------------------------------------------------
                         required time                         26.250    
                         arrival time                         -11.291    
  -------------------------------------------------------------------
                         slack                                 14.959    





Min Delay Paths
--------------------------------------------------------------------------------------
Slack (MET) :             0.151ns  (arrival time - required time)
  Source:                 QLINK1/nxt_enc_data_reg[3]/C
                            (rising edge-triggered cell FDRE clocked by clk48  {rise@0.000ns fall@10.417ns period=20.833ns})
  Destination:            QLINK1/U2/data_reg[3]/D
                            (rising edge-triggered cell FDRE clocked by clk48  {rise@0.000ns fall@10.417ns period=20.833ns})
  Path Group:             clk48
  Path Type:              Hold (Min at Fast Process Corner)
  Requirement:            0.000ns  (clk48 rise@0.000ns - clk48 rise@0.000ns)
  Data Path Delay:        0.260ns  (logic 0.141ns (54.189%)  route 0.119ns (45.811%))
  Logic Levels:           0  
  Clock Path Skew:        0.037ns (DCD - SCD - CPR)
    Destination Clock Delay (DCD):    2.299ns
    Source Clock Delay      (SCD):    1.752ns
    Clock Pessimism Removal (CPR):    0.510ns

    Location             Delay type                Incr(ns)  Path(ns)    Netlist Resource(s)
  -------------------------------------------------------------------    -------------------
                         (clock clk48 rise edge)      0.000     0.000 r  
    H11                                               0.000     0.000 r  CLK12_I (IN)
                         net (fo=0)                   0.000     0.000    CLK12_I
    H11                  IBUF (Prop_ibuf_I_O)         0.206     0.206 r  CLK12_I_IBUF_inst/O
                         net (fo=1, routed)           0.440     0.646    QLINK1/MMCM48_INST/CLK12_I_IBUF
    MMCME2_ADV_X0Y0      MMCME2_ADV (Prop_mmcme2_adv_CLKIN1_CLKOUT0)
                                                      0.050     0.696 r  QLINK1/MMCM48_INST/MMCME2_BASE_inst/CLKOUT0
                         net (fo=1, routed)           0.462     1.158    clk48
    BUFGCTRL_X0Y0        BUFG (Prop_bufg_I_O)         0.026     1.184 r  clk48_BUFG_inst/O
                         net (fo=198, routed)         0.568     1.752    QLINK1/clk48_BUFG
    SLICE_X4Y4           FDRE                                         r  QLINK1/nxt_enc_data_reg[3]/C
  -------------------------------------------------------------------    -------------------
    SLICE_X4Y4           FDRE (Prop_fdre_C_Q)         0.141     1.893 r  QLINK1/nxt_enc_data_reg[3]/Q
                         net (fo=1, routed)           0.119     2.012    QLINK1/U2/data_reg[6]_0[3]
    SLICE_X3Y4           FDRE                                         r  QLINK1/U2/data_reg[3]/D
  -------------------------------------------------------------------    -------------------

                         (clock clk48 rise edge)      0.000     0.000 r  
    H11                                               0.000     0.000 r  CLK12_I (IN)
                         net (fo=0)                   0.000     0.000    CLK12_I
    H11                  IBUF (Prop_ibuf_I_O)         0.393     0.393 r  CLK12_I_IBUF_inst/O
                         net (fo=1, routed)           0.480     0.874    QLINK1/MMCM48_INST/CLK12_I_IBUF
    MMCME2_ADV_X0Y0      MMCME2_ADV (Prop_mmcme2_adv_CLKIN1_CLKOUT0)
                                                      0.053     0.927 r  QLINK1/MMCM48_INST/MMCME2_BASE_inst/CLKOUT0
                         net (fo=1, routed)           0.505     1.431    clk48
    BUFGCTRL_X0Y0        BUFG (Prop_bufg_I_O)         0.029     1.460 r  clk48_BUFG_inst/O
                         net (fo=198, routed)         0.839     2.299    QLINK1/U2/clk48_BUFG
    SLICE_X3Y4           FDRE                                         r  QLINK1/U2/data_reg[3]/C
                         clock pessimism             -0.510     1.789    
    SLICE_X3Y4           FDRE (Hold_fdre_C_D)         0.072     1.861    QLINK1/U2/data_reg[3]
  -------------------------------------------------------------------
                         required time                         -1.861    
                         arrival time                           2.012    
  -------------------------------------------------------------------
                         slack                                  0.151    

Slack (MET) :             0.152ns  (arrival time - required time)
  Source:                 QLINK1/led_idx_reg[5]/C
                            (rising edge-triggered cell FDRE clocked by clk48  {rise@0.000ns fall@10.417ns period=20.833ns})
  Destination:            QLINK1/LED_O_reg/D
                            (rising edge-triggered cell FDRE clocked by clk48  {rise@0.000ns fall@10.417ns period=20.833ns})
  Path Group:             clk48
  Path Type:              Hold (Min at Fast Process Corner)
  Requirement:            0.000ns  (clk48 rise@0.000ns - clk48 rise@0.000ns)
  Data Path Delay:        0.256ns  (logic 0.186ns (72.773%)  route 0.070ns (27.227%))
  Logic Levels:           1  (LUT6=1)
  Clock Path Skew:        0.013ns (DCD - SCD - CPR)
    Destination Clock Delay (DCD):    2.298ns
    Source Clock Delay      (SCD):    1.752ns
    Clock Pessimism Removal (CPR):    0.533ns

    Location             Delay type                Incr(ns)  Path(ns)    Netlist Resource(s)
  -------------------------------------------------------------------    -------------------
                         (clock clk48 rise edge)      0.000     0.000 r  
    H11                                               0.000     0.000 r  CLK12_I (IN)
                         net (fo=0)                   0.000     0.000    CLK12_I
    H11                  IBUF (Prop_ibuf_I_O)         0.206     0.206 r  CLK12_I_IBUF_inst/O
                         net (fo=1, routed)           0.440     0.646    QLINK1/MMCM48_INST/CLK12_I_IBUF
    MMCME2_ADV_X0Y0      MMCME2_ADV (Prop_mmcme2_adv_CLKIN1_CLKOUT0)
                                                      0.050     0.696 r  QLINK1/MMCM48_INST/MMCME2_BASE_inst/CLKOUT0
                         net (fo=1, routed)           0.462     1.158    clk48
    BUFGCTRL_X0Y0        BUFG (Prop_bufg_I_O)         0.026     1.184 r  clk48_BUFG_inst/O
                         net (fo=198, routed)         0.568     1.752    QLINK1/clk48_BUFG
    SLICE_X5Y3           FDRE                                         r  QLINK1/led_idx_reg[5]/C
  -------------------------------------------------------------------    -------------------
    SLICE_X5Y3           FDRE (Prop_fdre_C_Q)         0.141     1.893 r  QLINK1/led_idx_reg[5]/Q
                         net (fo=2, routed)           0.070     1.962    QLINK1/led_idx_reg[5]
    SLICE_X4Y3           LUT6 (Prop_lut6_I3_O)        0.045     2.007 r  QLINK1/LED_O_i_1/O
                         net (fo=1, routed)           0.000     2.007    QLINK1/LED_O_i_1_n_0
    SLICE_X4Y3           FDRE                                         r  QLINK1/LED_O_reg/D
  -------------------------------------------------------------------    -------------------

                         (clock clk48 rise edge)      0.000     0.000 r  
    H11                                               0.000     0.000 r  CLK12_I (IN)
                         net (fo=0)                   0.000     0.000    CLK12_I
    H11                  IBUF (Prop_ibuf_I_O)         0.393     0.393 r  CLK12_I_IBUF_inst/O
                         net (fo=1, routed)           0.480     0.874    QLINK1/MMCM48_INST/CLK12_I_IBUF
    MMCME2_ADV_X0Y0      MMCME2_ADV (Prop_mmcme2_adv_CLKIN1_CLKOUT0)
                                                      0.053     0.927 r  QLINK1/MMCM48_INST/MMCME2_BASE_inst/CLKOUT0
                         net (fo=1, routed)           0.505     1.431    clk48
    BUFGCTRL_X0Y0        BUFG (Prop_bufg_I_O)         0.029     1.460 r  clk48_BUFG_inst/O
                         net (fo=198, routed)         0.838     2.298    QLINK1/clk48_BUFG
    SLICE_X4Y3           FDRE                                         r  QLINK1/LED_O_reg/C
                         clock pessimism             -0.533     1.765    
    SLICE_X4Y3           FDRE (Hold_fdre_C_D)         0.091     1.856    QLINK1/LED_O_reg
  -------------------------------------------------------------------
                         required time                         -1.856    
                         arrival time                           2.007    
  -------------------------------------------------------------------
                         slack                                  0.152    

Slack (MET) :             0.152ns  (arrival time - required time)
  Source:                 data_r_reg[26]/C
                            (rising edge-triggered cell FDRE clocked by clk48  {rise@0.000ns fall@10.417ns period=20.833ns})
  Destination:            QLINK1/data32_reg[17]/D
                            (rising edge-triggered cell FDRE clocked by clk48  {rise@0.000ns fall@10.417ns period=20.833ns})
  Path Group:             clk48
  Path Type:              Hold (Min at Fast Process Corner)
  Requirement:            0.000ns  (clk48 rise@0.000ns - clk48 rise@0.000ns)
  Data Path Delay:        0.285ns  (logic 0.186ns (65.209%)  route 0.099ns (34.791%))
  Logic Levels:           1  (LUT5=1)
  Clock Path Skew:        0.013ns (DCD - SCD - CPR)
    Destination Clock Delay (DCD):    2.296ns
    Source Clock Delay      (SCD):    1.750ns
    Clock Pessimism Removal (CPR):    0.533ns

    Location             Delay type                Incr(ns)  Path(ns)    Netlist Resource(s)
  -------------------------------------------------------------------    -------------------
                         (clock clk48 rise edge)      0.000     0.000 r  
    H11                                               0.000     0.000 r  CLK12_I (IN)
                         net (fo=0)                   0.000     0.000    CLK12_I
    H11                  IBUF (Prop_ibuf_I_O)         0.206     0.206 r  CLK12_I_IBUF_inst/O
                         net (fo=1, routed)           0.440     0.646    QLINK1/MMCM48_INST/CLK12_I_IBUF
    MMCME2_ADV_X0Y0      MMCME2_ADV (Prop_mmcme2_adv_CLKIN1_CLKOUT0)
                                                      0.050     0.696 r  QLINK1/MMCM48_INST/MMCME2_BASE_inst/CLKOUT0
                         net (fo=1, routed)           0.462     1.158    clk48
    BUFGCTRL_X0Y0        BUFG (Prop_bufg_I_O)         0.026     1.184 r  clk48_BUFG_inst/O
                         net (fo=198, routed)         0.566     1.750    clk48_BUFG
    SLICE_X11Y5          FDRE                                         r  data_r_reg[26]/C
  -------------------------------------------------------------------    -------------------
    SLICE_X11Y5          FDRE (Prop_fdre_C_Q)         0.141     1.891 r  data_r_reg[26]/Q
                         net (fo=6, routed)           0.099     1.990    QLINK1/U1/data_r[9]
    SLICE_X10Y5          LUT5 (Prop_lut5_I1_O)        0.045     2.035 r  QLINK1/U1/data32[17]_i_1/O
                         net (fo=1, routed)           0.000     2.035    QLINK1/U1_n_25
    SLICE_X10Y5          FDRE                                         r  QLINK1/data32_reg[17]/D
  -------------------------------------------------------------------    -------------------

                         (clock clk48 rise edge)      0.000     0.000 r  
    H11                                               0.000     0.000 r  CLK12_I (IN)
                         net (fo=0)                   0.000     0.000    CLK12_I
    H11                  IBUF (Prop_ibuf_I_O)         0.393     0.393 r  CLK12_I_IBUF_inst/O
                         net (fo=1, routed)           0.480     0.874    QLINK1/MMCM48_INST/CLK12_I_IBUF
    MMCME2_ADV_X0Y0      MMCME2_ADV (Prop_mmcme2_adv_CLKIN1_CLKOUT0)
                                                      0.053     0.927 r  QLINK1/MMCM48_INST/MMCME2_BASE_inst/CLKOUT0
                         net (fo=1, routed)           0.505     1.431    clk48
    BUFGCTRL_X0Y0        BUFG (Prop_bufg_I_O)         0.029     1.460 r  clk48_BUFG_inst/O
                         net (fo=198, routed)         0.836     2.296    QLINK1/clk48_BUFG
    SLICE_X10Y5          FDRE                                         r  QLINK1/data32_reg[17]/C
                         clock pessimism             -0.533     1.763    
    SLICE_X10Y5          FDRE (Hold_fdre_C_D)         0.120     1.883    QLINK1/data32_reg[17]
  -------------------------------------------------------------------
                         required time                         -1.883    
                         arrival time                           2.035    
  -------------------------------------------------------------------
                         slack                                  0.152    

Slack (MET) :             0.160ns  (arrival time - required time)
  Source:                 QLINK1/buf_reset_reg/C
                            (rising edge-triggered cell FDRE clocked by clk48  {rise@0.000ns fall@10.417ns period=20.833ns})
  Destination:            QLINK1/sys_reset_reg/D
                            (rising edge-triggered cell FDRE clocked by clk48  {rise@0.000ns fall@10.417ns period=20.833ns})
  Path Group:             clk48
  Path Type:              Hold (Min at Fast Process Corner)
  Requirement:            0.000ns  (clk48 rise@0.000ns - clk48 rise@0.000ns)
  Data Path Delay:        0.220ns  (logic 0.164ns (74.580%)  route 0.056ns (25.420%))
  Logic Levels:           0  
  Clock Path Skew:        0.000ns (DCD - SCD - CPR)
    Destination Clock Delay (DCD):    2.300ns
    Source Clock Delay      (SCD):    1.755ns
    Clock Pessimism Removal (CPR):    0.545ns

    Location             Delay type                Incr(ns)  Path(ns)    Netlist Resource(s)
  -------------------------------------------------------------------    -------------------
                         (clock clk48 rise edge)      0.000     0.000 r  
    H11                                               0.000     0.000 r  CLK12_I (IN)
                         net (fo=0)                   0.000     0.000    CLK12_I
    H11                  IBUF (Prop_ibuf_I_O)         0.206     0.206 r  CLK12_I_IBUF_inst/O
                         net (fo=1, routed)           0.440     0.646    QLINK1/MMCM48_INST/CLK12_I_IBUF
    MMCME2_ADV_X0Y0      MMCME2_ADV (Prop_mmcme2_adv_CLKIN1_CLKOUT0)
                                                      0.050     0.696 r  QLINK1/MMCM48_INST/MMCME2_BASE_inst/CLKOUT0
                         net (fo=1, routed)           0.462     1.158    clk48
    BUFGCTRL_X0Y0        BUFG (Prop_bufg_I_O)         0.026     1.184 r  clk48_BUFG_inst/O
                         net (fo=198, routed)         0.571     1.755    QLINK1/clk48_BUFG
    SLICE_X2Y1           FDRE                                         r  QLINK1/buf_reset_reg/C
  -------------------------------------------------------------------    -------------------
    SLICE_X2Y1           FDRE (Prop_fdre_C_Q)         0.164     1.919 r  QLINK1/buf_reset_reg/Q
                         net (fo=1, routed)           0.056     1.975    QLINK1/buf_reset
    SLICE_X2Y1           FDRE                                         r  QLINK1/sys_reset_reg/D
  -------------------------------------------------------------------    -------------------

                         (clock clk48 rise edge)      0.000     0.000 r  
    H11                                               0.000     0.000 r  CLK12_I (IN)
                         net (fo=0)                   0.000     0.000    CLK12_I
    H11                  IBUF (Prop_ibuf_I_O)         0.393     0.393 r  CLK12_I_IBUF_inst/O
                         net (fo=1, routed)           0.480     0.874    QLINK1/MMCM48_INST/CLK12_I_IBUF
    MMCME2_ADV_X0Y0      MMCME2_ADV (Prop_mmcme2_adv_CLKIN1_CLKOUT0)
                                                      0.053     0.927 r  QLINK1/MMCM48_INST/MMCME2_BASE_inst/CLKOUT0
                         net (fo=1, routed)           0.505     1.431    clk48
    BUFGCTRL_X0Y0        BUFG (Prop_bufg_I_O)         0.029     1.460 r  clk48_BUFG_inst/O
                         net (fo=198, routed)         0.840     2.300    QLINK1/clk48_BUFG
    SLICE_X2Y1           FDRE                                         r  QLINK1/sys_reset_reg/C
                         clock pessimism             -0.545     1.755    
    SLICE_X2Y1           FDRE (Hold_fdre_C_D)         0.060     1.815    QLINK1/sys_reset_reg
  -------------------------------------------------------------------
                         required time                         -1.815    
                         arrival time                           1.975    
  -------------------------------------------------------------------
                         slack                                  0.160    

Slack (MET) :             0.165ns  (arrival time - required time)
  Source:                 QLINK1/clk_cnt_reg[15]/C
                            (rising edge-triggered cell FDRE clocked by clk48  {rise@0.000ns fall@10.417ns period=20.833ns})
  Destination:            QLINK1/timestamp_reg[15]/D
                            (rising edge-triggered cell FDRE clocked by clk48  {rise@0.000ns fall@10.417ns period=20.833ns})
  Path Group:             clk48
  Path Type:              Hold (Min at Fast Process Corner)
  Requirement:            0.000ns  (clk48 rise@0.000ns - clk48 rise@0.000ns)
  Data Path Delay:        0.253ns  (logic 0.141ns (55.648%)  route 0.112ns (44.352%))
  Logic Levels:           0  
  Clock Path Skew:        0.016ns (DCD - SCD - CPR)
    Destination Clock Delay (DCD):    2.299ns
    Source Clock Delay      (SCD):    1.754ns
    Clock Pessimism Removal (CPR):    0.529ns

    Location             Delay type                Incr(ns)  Path(ns)    Netlist Resource(s)
  -------------------------------------------------------------------    -------------------
                         (clock clk48 rise edge)      0.000     0.000 r  
    H11                                               0.000     0.000 r  CLK12_I (IN)
                         net (fo=0)                   0.000     0.000    CLK12_I
    H11                  IBUF (Prop_ibuf_I_O)         0.206     0.206 r  CLK12_I_IBUF_inst/O
                         net (fo=1, routed)           0.440     0.646    QLINK1/MMCM48_INST/CLK12_I_IBUF
    MMCME2_ADV_X0Y0      MMCME2_ADV (Prop_mmcme2_adv_CLKIN1_CLKOUT0)
                                                      0.050     0.696 r  QLINK1/MMCM48_INST/MMCME2_BASE_inst/CLKOUT0
                         net (fo=1, routed)           0.462     1.158    clk48
    BUFGCTRL_X0Y0        BUFG (Prop_bufg_I_O)         0.026     1.184 r  clk48_BUFG_inst/O
                         net (fo=198, routed)         0.570     1.754    QLINK1/clk48_BUFG
    SLICE_X1Y4           FDRE                                         r  QLINK1/clk_cnt_reg[15]/C
  -------------------------------------------------------------------    -------------------
    SLICE_X1Y4           FDRE (Prop_fdre_C_Q)         0.141     1.895 r  QLINK1/clk_cnt_reg[15]/Q
                         net (fo=3, routed)           0.112     2.007    QLINK1/clk_cnt_reg[15]
    SLICE_X3Y3           FDRE                                         r  QLINK1/timestamp_reg[15]/D
  -------------------------------------------------------------------    -------------------

                         (clock clk48 rise edge)      0.000     0.000 r  
    H11                                               0.000     0.000 r  CLK12_I (IN)
                         net (fo=0)                   0.000     0.000    CLK12_I
    H11                  IBUF (Prop_ibuf_I_O)         0.393     0.393 r  CLK12_I_IBUF_inst/O
                         net (fo=1, routed)           0.480     0.874    QLINK1/MMCM48_INST/CLK12_I_IBUF
    MMCME2_ADV_X0Y0      MMCME2_ADV (Prop_mmcme2_adv_CLKIN1_CLKOUT0)
                                                      0.053     0.927 r  QLINK1/MMCM48_INST/MMCME2_BASE_inst/CLKOUT0
                         net (fo=1, routed)           0.505     1.431    clk48
    BUFGCTRL_X0Y0        BUFG (Prop_bufg_I_O)         0.029     1.460 r  clk48_BUFG_inst/O
                         net (fo=198, routed)         0.839     2.299    QLINK1/clk48_BUFG
    SLICE_X3Y3           FDRE                                         r  QLINK1/timestamp_reg[15]/C
                         clock pessimism             -0.529     1.770    
    SLICE_X3Y3           FDRE (Hold_fdre_C_D)         0.072     1.842    QLINK1/timestamp_reg[15]
  -------------------------------------------------------------------
                         required time                         -1.842    
                         arrival time                           2.007    
  -------------------------------------------------------------------
                         slack                                  0.165    

Slack (MET) :             0.170ns  (arrival time - required time)
  Source:                 QLINK1/nxt_enc_data_reg[2]/C
                            (rising edge-triggered cell FDRE clocked by clk48  {rise@0.000ns fall@10.417ns period=20.833ns})
  Destination:            QLINK1/U2/data_reg[2]/D
                            (rising edge-triggered cell FDRE clocked by clk48  {rise@0.000ns fall@10.417ns period=20.833ns})
  Path Group:             clk48
  Path Type:              Hold (Min at Fast Process Corner)
  Requirement:            0.000ns  (clk48 rise@0.000ns - clk48 rise@0.000ns)
  Data Path Delay:        0.254ns  (logic 0.141ns (55.483%)  route 0.113ns (44.517%))
  Logic Levels:           0  
  Clock Path Skew:        0.037ns (DCD - SCD - CPR)
    Destination Clock Delay (DCD):    2.299ns
    Source Clock Delay      (SCD):    1.752ns
    Clock Pessimism Removal (CPR):    0.510ns

    Location             Delay type                Incr(ns)  Path(ns)    Netlist Resource(s)
  -------------------------------------------------------------------    -------------------
                         (clock clk48 rise edge)      0.000     0.000 r  
    H11                                               0.000     0.000 r  CLK12_I (IN)
                         net (fo=0)                   0.000     0.000    CLK12_I
    H11                  IBUF (Prop_ibuf_I_O)         0.206     0.206 r  CLK12_I_IBUF_inst/O
                         net (fo=1, routed)           0.440     0.646    QLINK1/MMCM48_INST/CLK12_I_IBUF
    MMCME2_ADV_X0Y0      MMCME2_ADV (Prop_mmcme2_adv_CLKIN1_CLKOUT0)
                                                      0.050     0.696 r  QLINK1/MMCM48_INST/MMCME2_BASE_inst/CLKOUT0
                         net (fo=1, routed)           0.462     1.158    clk48
    BUFGCTRL_X0Y0        BUFG (Prop_bufg_I_O)         0.026     1.184 r  clk48_BUFG_inst/O
                         net (fo=198, routed)         0.568     1.752    QLINK1/clk48_BUFG
    SLICE_X4Y4           FDRE                                         r  QLINK1/nxt_enc_data_reg[2]/C
  -------------------------------------------------------------------    -------------------
    SLICE_X4Y4           FDRE (Prop_fdre_C_Q)         0.141     1.893 r  QLINK1/nxt_enc_data_reg[2]/Q
                         net (fo=1, routed)           0.113     2.006    QLINK1/U2/data_reg[6]_0[2]
    SLICE_X3Y4           FDRE                                         r  QLINK1/U2/data_reg[2]/D
  -------------------------------------------------------------------    -------------------

                         (clock clk48 rise edge)      0.000     0.000 r  
    H11                                               0.000     0.000 r  CLK12_I (IN)
                         net (fo=0)                   0.000     0.000    CLK12_I
    H11                  IBUF (Prop_ibuf_I_O)         0.393     0.393 r  CLK12_I_IBUF_inst/O
                         net (fo=1, routed)           0.480     0.874    QLINK1/MMCM48_INST/CLK12_I_IBUF
    MMCME2_ADV_X0Y0      MMCME2_ADV (Prop_mmcme2_adv_CLKIN1_CLKOUT0)
                                                      0.053     0.927 r  QLINK1/MMCM48_INST/MMCME2_BASE_inst/CLKOUT0
                         net (fo=1, routed)           0.505     1.431    clk48
    BUFGCTRL_X0Y0        BUFG (Prop_bufg_I_O)         0.029     1.460 r  clk48_BUFG_inst/O
                         net (fo=198, routed)         0.839     2.299    QLINK1/U2/clk48_BUFG
    SLICE_X3Y4           FDRE                                         r  QLINK1/U2/data_reg[2]/C
                         clock pessimism             -0.510     1.789    
    SLICE_X3Y4           FDRE (Hold_fdre_C_D)         0.047     1.836    QLINK1/U2/data_reg[2]
  -------------------------------------------------------------------
                         required time                         -1.836    
                         arrival time                           2.006    
  -------------------------------------------------------------------
                         slack                                  0.170    

Slack (MET) :             0.178ns  (arrival time - required time)
  Source:                 QLINK1/U1/nxt_bitcnt_reg[1]/C
                            (rising edge-triggered cell FDRE clocked by clk48  {rise@0.000ns fall@10.417ns period=20.833ns})
  Destination:            QLINK1/U1/strobe_reg/D
                            (rising edge-triggered cell FDRE clocked by clk48  {rise@0.000ns fall@10.417ns period=20.833ns})
  Path Group:             clk48
  Path Type:              Hold (Min at Fast Process Corner)
  Requirement:            0.000ns  (clk48 rise@0.000ns - clk48 rise@0.000ns)
  Data Path Delay:        0.322ns  (logic 0.189ns (58.778%)  route 0.133ns (41.222%))
  Logic Levels:           1  (LUT5=1)
  Clock Path Skew:        0.013ns (DCD - SCD - CPR)
    Destination Clock Delay (DCD):    2.297ns
    Source Clock Delay      (SCD):    1.751ns
    Clock Pessimism Removal (CPR):    0.533ns

    Location             Delay type                Incr(ns)  Path(ns)    Netlist Resource(s)
  -------------------------------------------------------------------    -------------------
                         (clock clk48 rise edge)      0.000     0.000 r  
    H11                                               0.000     0.000 r  CLK12_I (IN)
                         net (fo=0)                   0.000     0.000    CLK12_I
    H11                  IBUF (Prop_ibuf_I_O)         0.206     0.206 r  CLK12_I_IBUF_inst/O
                         net (fo=1, routed)           0.440     0.646    QLINK1/MMCM48_INST/CLK12_I_IBUF
    MMCME2_ADV_X0Y0      MMCME2_ADV (Prop_mmcme2_adv_CLKIN1_CLKOUT0)
                                                      0.050     0.696 r  QLINK1/MMCM48_INST/MMCME2_BASE_inst/CLKOUT0
                         net (fo=1, routed)           0.462     1.158    clk48
    BUFGCTRL_X0Y0        BUFG (Prop_bufg_I_O)         0.026     1.184 r  clk48_BUFG_inst/O
                         net (fo=198, routed)         0.567     1.751    QLINK1/U1/clk48_BUFG
    SLICE_X11Y2          FDRE                                         r  QLINK1/U1/nxt_bitcnt_reg[1]/C
  -------------------------------------------------------------------    -------------------
    SLICE_X11Y2          FDRE (Prop_fdre_C_Q)         0.141     1.892 f  QLINK1/U1/nxt_bitcnt_reg[1]/Q
                         net (fo=14, routed)          0.133     2.024    QLINK1/U1/bitcnt[1]
    SLICE_X10Y2          LUT5 (Prop_lut5_I1_O)        0.048     2.072 r  QLINK1/U1/strobe_i_1/O
                         net (fo=1, routed)           0.000     2.072    QLINK1/U1/strobe_i_1_n_0
    SLICE_X10Y2          FDRE                                         r  QLINK1/U1/strobe_reg/D
  -------------------------------------------------------------------    -------------------

                         (clock clk48 rise edge)      0.000     0.000 r  
    H11                                               0.000     0.000 r  CLK12_I (IN)
                         net (fo=0)                   0.000     0.000    CLK12_I
    H11                  IBUF (Prop_ibuf_I_O)         0.393     0.393 r  CLK12_I_IBUF_inst/O
                         net (fo=1, routed)           0.480     0.874    QLINK1/MMCM48_INST/CLK12_I_IBUF
    MMCME2_ADV_X0Y0      MMCME2_ADV (Prop_mmcme2_adv_CLKIN1_CLKOUT0)
                                                      0.053     0.927 r  QLINK1/MMCM48_INST/MMCME2_BASE_inst/CLKOUT0
                         net (fo=1, routed)           0.505     1.431    clk48
    BUFGCTRL_X0Y0        BUFG (Prop_bufg_I_O)         0.029     1.460 r  clk48_BUFG_inst/O
                         net (fo=198, routed)         0.837     2.297    QLINK1/U1/clk48_BUFG
    SLICE_X10Y2          FDRE                                         r  QLINK1/U1/strobe_reg/C
                         clock pessimism             -0.533     1.764    
    SLICE_X10Y2          FDRE (Hold_fdre_C_D)         0.131     1.895    QLINK1/U1/strobe_reg
  -------------------------------------------------------------------
                         required time                         -1.895    
                         arrival time                           2.072    
  -------------------------------------------------------------------
                         slack                                  0.178    

Slack (MET) :             0.178ns  (arrival time - required time)
  Source:                 QLINK1/clk_cnt_reg[14]/C
                            (rising edge-triggered cell FDRE clocked by clk48  {rise@0.000ns fall@10.417ns period=20.833ns})
  Destination:            QLINK1/timestamp_reg[14]/D
                            (rising edge-triggered cell FDRE clocked by clk48  {rise@0.000ns fall@10.417ns period=20.833ns})
  Path Group:             clk48
  Path Type:              Hold (Min at Fast Process Corner)
  Requirement:            0.000ns  (clk48 rise@0.000ns - clk48 rise@0.000ns)
  Data Path Delay:        0.264ns  (logic 0.141ns (53.410%)  route 0.123ns (46.590%))
  Logic Levels:           0  
  Clock Path Skew:        0.016ns (DCD - SCD - CPR)
    Destination Clock Delay (DCD):    2.299ns
    Source Clock Delay      (SCD):    1.754ns
    Clock Pessimism Removal (CPR):    0.529ns

    Location             Delay type                Incr(ns)  Path(ns)    Netlist Resource(s)
  -------------------------------------------------------------------    -------------------
                         (clock clk48 rise edge)      0.000     0.000 r  
    H11                                               0.000     0.000 r  CLK12_I (IN)
                         net (fo=0)                   0.000     0.000    CLK12_I
    H11                  IBUF (Prop_ibuf_I_O)         0.206     0.206 r  CLK12_I_IBUF_inst/O
                         net (fo=1, routed)           0.440     0.646    QLINK1/MMCM48_INST/CLK12_I_IBUF
    MMCME2_ADV_X0Y0      MMCME2_ADV (Prop_mmcme2_adv_CLKIN1_CLKOUT0)
                                                      0.050     0.696 r  QLINK1/MMCM48_INST/MMCME2_BASE_inst/CLKOUT0
                         net (fo=1, routed)           0.462     1.158    clk48
    BUFGCTRL_X0Y0        BUFG (Prop_bufg_I_O)         0.026     1.184 r  clk48_BUFG_inst/O
                         net (fo=198, routed)         0.570     1.754    QLINK1/clk48_BUFG
    SLICE_X1Y4           FDRE                                         r  QLINK1/clk_cnt_reg[14]/C
  -------------------------------------------------------------------    -------------------
    SLICE_X1Y4           FDRE (Prop_fdre_C_Q)         0.141     1.895 r  QLINK1/clk_cnt_reg[14]/Q
                         net (fo=3, routed)           0.123     2.018    QLINK1/clk_cnt_reg[14]
    SLICE_X3Y3           FDRE                                         r  QLINK1/timestamp_reg[14]/D
  -------------------------------------------------------------------    -------------------

                         (clock clk48 rise edge)      0.000     0.000 r  
    H11                                               0.000     0.000 r  CLK12_I (IN)
                         net (fo=0)                   0.000     0.000    CLK12_I
    H11                  IBUF (Prop_ibuf_I_O)         0.393     0.393 r  CLK12_I_IBUF_inst/O
                         net (fo=1, routed)           0.480     0.874    QLINK1/MMCM48_INST/CLK12_I_IBUF
    MMCME2_ADV_X0Y0      MMCME2_ADV (Prop_mmcme2_adv_CLKIN1_CLKOUT0)
                                                      0.053     0.927 r  QLINK1/MMCM48_INST/MMCME2_BASE_inst/CLKOUT0
                         net (fo=1, routed)           0.505     1.431    clk48
    BUFGCTRL_X0Y0        BUFG (Prop_bufg_I_O)         0.029     1.460 r  clk48_BUFG_inst/O
                         net (fo=198, routed)         0.839     2.299    QLINK1/clk48_BUFG
    SLICE_X3Y3           FDRE                                         r  QLINK1/timestamp_reg[14]/C
                         clock pessimism             -0.529     1.770    
    SLICE_X3Y3           FDRE (Hold_fdre_C_D)         0.070     1.840    QLINK1/timestamp_reg[14]
  -------------------------------------------------------------------
                         required time                         -1.840    
                         arrival time                           2.018    
  -------------------------------------------------------------------
                         slack                                  0.178    

Slack (MET) :             0.179ns  (arrival time - required time)
  Source:                 QLINK1/clk_cnt_reg[12]/C
                            (rising edge-triggered cell FDRE clocked by clk48  {rise@0.000ns fall@10.417ns period=20.833ns})
  Destination:            QLINK1/timestamp_reg[12]/D
                            (rising edge-triggered cell FDRE clocked by clk48  {rise@0.000ns fall@10.417ns period=20.833ns})
  Path Group:             clk48
  Path Type:              Hold (Min at Fast Process Corner)
  Requirement:            0.000ns  (clk48 rise@0.000ns - clk48 rise@0.000ns)
  Data Path Delay:        0.265ns  (logic 0.141ns (53.306%)  route 0.124ns (46.694%))
  Logic Levels:           0  
  Clock Path Skew:        0.016ns (DCD - SCD - CPR)
    Destination Clock Delay (DCD):    2.299ns
    Source Clock Delay      (SCD):    1.754ns
    Clock Pessimism Removal (CPR):    0.529ns

    Location             Delay type                Incr(ns)  Path(ns)    Netlist Resource(s)
  -------------------------------------------------------------------    -------------------
                         (clock clk48 rise edge)      0.000     0.000 r  
    H11                                               0.000     0.000 r  CLK12_I (IN)
                         net (fo=0)                   0.000     0.000    CLK12_I
    H11                  IBUF (Prop_ibuf_I_O)         0.206     0.206 r  CLK12_I_IBUF_inst/O
                         net (fo=1, routed)           0.440     0.646    QLINK1/MMCM48_INST/CLK12_I_IBUF
    MMCME2_ADV_X0Y0      MMCME2_ADV (Prop_mmcme2_adv_CLKIN1_CLKOUT0)
                                                      0.050     0.696 r  QLINK1/MMCM48_INST/MMCME2_BASE_inst/CLKOUT0
                         net (fo=1, routed)           0.462     1.158    clk48
    BUFGCTRL_X0Y0        BUFG (Prop_bufg_I_O)         0.026     1.184 r  clk48_BUFG_inst/O
                         net (fo=198, routed)         0.570     1.754    QLINK1/clk48_BUFG
    SLICE_X1Y4           FDRE                                         r  QLINK1/clk_cnt_reg[12]/C
  -------------------------------------------------------------------    -------------------
    SLICE_X1Y4           FDRE (Prop_fdre_C_Q)         0.141     1.895 r  QLINK1/clk_cnt_reg[12]/Q
                         net (fo=3, routed)           0.124     2.018    QLINK1/clk_cnt_reg[12]
    SLICE_X3Y3           FDRE                                         r  QLINK1/timestamp_reg[12]/D
  -------------------------------------------------------------------    -------------------

                         (clock clk48 rise edge)      0.000     0.000 r  
    H11                                               0.000     0.000 r  CLK12_I (IN)
                         net (fo=0)                   0.000     0.000    CLK12_I
    H11                  IBUF (Prop_ibuf_I_O)         0.393     0.393 r  CLK12_I_IBUF_inst/O
                         net (fo=1, routed)           0.480     0.874    QLINK1/MMCM48_INST/CLK12_I_IBUF
    MMCME2_ADV_X0Y0      MMCME2_ADV (Prop_mmcme2_adv_CLKIN1_CLKOUT0)
                                                      0.053     0.927 r  QLINK1/MMCM48_INST/MMCME2_BASE_inst/CLKOUT0
                         net (fo=1, routed)           0.505     1.431    clk48
    BUFGCTRL_X0Y0        BUFG (Prop_bufg_I_O)         0.029     1.460 r  clk48_BUFG_inst/O
                         net (fo=198, routed)         0.839     2.299    QLINK1/clk48_BUFG
    SLICE_X3Y3           FDRE                                         r  QLINK1/timestamp_reg[12]/C
                         clock pessimism             -0.529     1.770    
    SLICE_X3Y3           FDRE (Hold_fdre_C_D)         0.070     1.840    QLINK1/timestamp_reg[12]
  -------------------------------------------------------------------
                         required time                         -1.840    
                         arrival time                           2.018    
  -------------------------------------------------------------------
                         slack                                  0.179    

Slack (MET) :             0.179ns  (arrival time - required time)
  Source:                 QLINK1/clk_cnt_reg[13]/C
                            (rising edge-triggered cell FDRE clocked by clk48  {rise@0.000ns fall@10.417ns period=20.833ns})
  Destination:            QLINK1/timestamp_reg[13]/D
                            (rising edge-triggered cell FDRE clocked by clk48  {rise@0.000ns fall@10.417ns period=20.833ns})
  Path Group:             clk48
  Path Type:              Hold (Min at Fast Process Corner)
  Requirement:            0.000ns  (clk48 rise@0.000ns - clk48 rise@0.000ns)
  Data Path Delay:        0.261ns  (logic 0.141ns (53.979%)  route 0.120ns (46.021%))
  Logic Levels:           0  
  Clock Path Skew:        0.016ns (DCD - SCD - CPR)
    Destination Clock Delay (DCD):    2.299ns
    Source Clock Delay      (SCD):    1.754ns
    Clock Pessimism Removal (CPR):    0.529ns

    Location             Delay type                Incr(ns)  Path(ns)    Netlist Resource(s)
  -------------------------------------------------------------------    -------------------
                         (clock clk48 rise edge)      0.000     0.000 r  
    H11                                               0.000     0.000 r  CLK12_I (IN)
                         net (fo=0)                   0.000     0.000    CLK12_I
    H11                  IBUF (Prop_ibuf_I_O)         0.206     0.206 r  CLK12_I_IBUF_inst/O
                         net (fo=1, routed)           0.440     0.646    QLINK1/MMCM48_INST/CLK12_I_IBUF
    MMCME2_ADV_X0Y0      MMCME2_ADV (Prop_mmcme2_adv_CLKIN1_CLKOUT0)
                                                      0.050     0.696 r  QLINK1/MMCM48_INST/MMCME2_BASE_inst/CLKOUT0
                         net (fo=1, routed)           0.462     1.158    clk48
    BUFGCTRL_X0Y0        BUFG (Prop_bufg_I_O)         0.026     1.184 r  clk48_BUFG_inst/O
                         net (fo=198, routed)         0.570     1.754    QLINK1/clk48_BUFG
    SLICE_X1Y4           FDRE                                         r  QLINK1/clk_cnt_reg[13]/C
  -------------------------------------------------------------------    -------------------
    SLICE_X1Y4           FDRE (Prop_fdre_C_Q)         0.141     1.895 r  QLINK1/clk_cnt_reg[13]/Q
                         net (fo=3, routed)           0.120     2.015    QLINK1/clk_cnt_reg[13]
    SLICE_X3Y3           FDRE                                         r  QLINK1/timestamp_reg[13]/D
  -------------------------------------------------------------------    -------------------

                         (clock clk48 rise edge)      0.000     0.000 r  
    H11                                               0.000     0.000 r  CLK12_I (IN)
                         net (fo=0)                   0.000     0.000    CLK12_I
    H11                  IBUF (Prop_ibuf_I_O)         0.393     0.393 r  CLK12_I_IBUF_inst/O
                         net (fo=1, routed)           0.480     0.874    QLINK1/MMCM48_INST/CLK12_I_IBUF
    MMCME2_ADV_X0Y0      MMCME2_ADV (Prop_mmcme2_adv_CLKIN1_CLKOUT0)
                                                      0.053     0.927 r  QLINK1/MMCM48_INST/MMCME2_BASE_inst/CLKOUT0
                         net (fo=1, routed)           0.505     1.431    clk48
    BUFGCTRL_X0Y0        BUFG (Prop_bufg_I_O)         0.029     1.460 r  clk48_BUFG_inst/O
                         net (fo=198, routed)         0.839     2.299    QLINK1/clk48_BUFG
    SLICE_X3Y3           FDRE                                         r  QLINK1/timestamp_reg[13]/C
                         clock pessimism             -0.529     1.770    
    SLICE_X3Y3           FDRE (Hold_fdre_C_D)         0.066     1.836    QLINK1/timestamp_reg[13]
  -------------------------------------------------------------------
                         required time                         -1.836    
                         arrival time                           2.015    
  -------------------------------------------------------------------
                         slack                                  0.179    





Pulse Width Checks
--------------------------------------------------------------------------------------
Clock Name:         clk48
Waveform(ns):       { 0.000 10.417 }
Period(ns):         20.833
Sources:            { QLINK1/MMCM48_INST/MMCME2_BASE_inst/CLKOUT0 }

Check Type        Corner  Lib Pin             Reference Pin  Required(ns)  Actual(ns)  Slack(ns)  Location         Pin
Min Period        n/a     BUFG/I              n/a            2.155         20.833      18.678     BUFGCTRL_X0Y0    clk48_BUFG_inst/I
Min Period        n/a     MMCME2_ADV/CLKOUT0  n/a            1.249         20.833      19.584     MMCME2_ADV_X0Y0  QLINK1/MMCM48_INST/MMCME2_BASE_inst/CLKOUT0
Min Period        n/a     FDSE/C              n/a            1.000         20.833      19.833     SLICE_X6Y9       data_r_reg[0]/C
Min Period        n/a     FDRE/C              n/a            1.000         20.833      19.833     SLICE_X6Y9       data_r_reg[1]/C
Min Period        n/a     FDRE/C              n/a            1.000         20.833      19.833     SLICE_X11Y5      data_r_reg[26]/C
Min Period        n/a     FDSE/C              n/a            1.000         20.833      19.833     SLICE_X6Y9       data_r_reg[2]/C
Min Period        n/a     FDRE/C              n/a            1.000         20.833      19.833     SLICE_X6Y9       data_r_reg[3]/C
Min Period        n/a     FDSE/C              n/a            1.000         20.833      19.833     SLICE_X6Y7       data_r_reg[4]/C
Min Period        n/a     FDRE/C              n/a            1.000         20.833      19.833     SLICE_X6Y7       data_r_reg[5]/C
Min Period        n/a     FDSE/C              n/a            1.000         20.833      19.833     SLICE_X5Y7       data_r_reg[6]/C
Max Period        n/a     MMCME2_ADV/CLKOUT0  n/a            213.360       20.833      192.527    MMCME2_ADV_X0Y0  QLINK1/MMCM48_INST/MMCME2_BASE_inst/CLKOUT0
Low Pulse Width   Slow    FDSE/C              n/a            0.500         10.417      9.917      SLICE_X6Y9       data_r_reg[0]/C
Low Pulse Width   Fast    FDSE/C              n/a            0.500         10.417      9.917      SLICE_X6Y9       data_r_reg[0]/C
Low Pulse Width   Slow    FDRE/C              n/a            0.500         10.417      9.917      SLICE_X6Y9       data_r_reg[1]/C
Low Pulse Width   Fast    FDRE/C              n/a            0.500         10.417      9.917      SLICE_X6Y9       data_r_reg[1]/C
Low Pulse Width   Slow    FDRE/C              n/a            0.500         10.417      9.917      SLICE_X11Y5      data_r_reg[26]/C
Low Pulse Width   Fast    FDRE/C              n/a            0.500         10.417      9.917      SLICE_X11Y5      data_r_reg[26]/C
Low Pulse Width   Slow    FDSE/C              n/a            0.500         10.417      9.917      SLICE_X6Y9       data_r_reg[2]/C
Low Pulse Width   Fast    FDSE/C              n/a            0.500         10.417      9.917      SLICE_X6Y9       data_r_reg[2]/C
Low Pulse Width   Slow    FDRE/C              n/a            0.500         10.417      9.917      SLICE_X6Y9       data_r_reg[3]/C
Low Pulse Width   Fast    FDRE/C              n/a            0.500         10.417      9.917      SLICE_X6Y9       data_r_reg[3]/C
High Pulse Width  Slow    FDSE/C              n/a            0.500         10.417      9.917      SLICE_X6Y9       data_r_reg[0]/C
High Pulse Width  Fast    FDSE/C              n/a            0.500         10.417      9.917      SLICE_X6Y9       data_r_reg[0]/C
High Pulse Width  Slow    FDRE/C              n/a            0.500         10.417      9.917      SLICE_X6Y9       data_r_reg[1]/C
High Pulse Width  Fast    FDRE/C              n/a            0.500         10.417      9.917      SLICE_X6Y9       data_r_reg[1]/C
High Pulse Width  Slow    FDRE/C              n/a            0.500         10.417      9.917      SLICE_X11Y5      data_r_reg[26]/C
High Pulse Width  Fast    FDRE/C              n/a            0.500         10.417      9.917      SLICE_X11Y5      data_r_reg[26]/C
High Pulse Width  Slow    FDSE/C              n/a            0.500         10.417      9.917      SLICE_X6Y9       data_r_reg[2]/C
High Pulse Width  Fast    FDSE/C              n/a            0.500         10.417      9.917      SLICE_X6Y9       data_r_reg[2]/C
High Pulse Width  Slow    FDRE/C              n/a            0.500         10.417      9.917      SLICE_X6Y9       data_r_reg[3]/C
High Pulse Width  Fast    FDRE/C              n/a            0.500         10.417      9.917      SLICE_X6Y9       data_r_reg[3]/C



---------------------------------------------------------------------------------------------------
From Clock:  clk_feedback
  To Clock:  clk_feedback

Setup :           NA  Failing Endpoints,  Worst Slack           NA  ,  Total Violation           NA
Hold  :           NA  Failing Endpoints,  Worst Slack           NA  ,  Total Violation           NA
PW    :            0  Failing Endpoints,  Worst Slack       16.667ns,  Total Violation        0.000ns
---------------------------------------------------------------------------------------------------


Pulse Width Checks
--------------------------------------------------------------------------------------
Clock Name:         clk_feedback
Waveform(ns):       { 0.000 41.667 }
Period(ns):         83.333
Sources:            { QLINK1/MMCM48_INST/MMCME2_BASE_inst/CLKFBOUT }

Check Type  Corner  Lib Pin              Reference Pin  Required(ns)  Actual(ns)  Slack(ns)  Location         Pin
Min Period  n/a     MMCME2_ADV/CLKFBOUT  n/a            1.249         83.333      82.084     MMCME2_ADV_X0Y0  QLINK1/MMCM48_INST/MMCME2_BASE_inst/CLKFBOUT
Min Period  n/a     MMCME2_ADV/CLKFBIN   n/a            1.249         83.333      82.084     MMCME2_ADV_X0Y0  QLINK1/MMCM48_INST/MMCME2_BASE_inst/CLKFBIN
Max Period  n/a     MMCME2_ADV/CLKFBIN   n/a            100.000       83.333      16.667     MMCME2_ADV_X0Y0  QLINK1/MMCM48_INST/MMCME2_BASE_inst/CLKFBIN
Max Period  n/a     MMCME2_ADV/CLKFBOUT  n/a            213.360       83.333      130.027    MMCME2_ADV_X0Y0  QLINK1/MMCM48_INST/MMCME2_BASE_inst/CLKFBOUT



